tree
version=v4
num_class=1
num_tree_per_iteration=1
label_index=0
max_feature_idx=95
objective=binary sigmoid:1
feature_names=venue grade wind_dir wind_mps ex_mean has_course_change b1_nat b1_nat2 b1_nat3 b1_local b1_motor b1_motor3 b1_ex b1_ex_st b1_st b1_recent2 b1_recent3 b1_class b1_course b2_nat b2_nat2 b2_nat3 b2_local b2_motor b2_motor3 b2_ex b2_ex_st b2_st b2_recent2 b2_recent3 b2_class b2_course b3_nat b3_nat2 b3_nat3 b3_local b3_motor b3_motor3 b3_ex b3_ex_st b3_st b3_recent2 b3_recent3 b3_class b3_course b4_nat b4_nat2 b4_nat3 b4_local b4_motor b4_motor3 b4_ex b4_ex_st b4_st b4_recent2 b4_recent3 b4_class b4_course b5_nat b5_nat2 b5_nat3 b5_local b5_motor b5_motor3 b5_ex b5_ex_st b5_st b5_recent2 b5_recent3 b5_class b5_course b6_nat b6_nat2 b6_nat3 b6_local b6_motor b6_motor3 b6_ex b6_ex_st b6_st b6_recent2 b6_recent3 b6_class b6_course b1_nat_rank b1_local_rank b1_recent2_rank b1_ex_st_rank b1_ex_st_gap b1_ex_rank b1_ex_gap b1_nat_gap b1_local_gap b1_recent2_gap b1_motor_gap b1_class_gap
feature_infos=[0:8] none none [0:10] [6.4216666666666669:7.4266666666666667] none [1.3999999999999999:8.1899999999999995] [0:70.599999999999994] [0:82.799999999999997] [0:9.3800000000000008] [1.2:100] [0:100] [6.4199999999999999:7.54] none [0.10000000000000001:0.31] [0:100] [0:100] [0:3] none [1.28:8.1099999999999994] [0:70.5] [0:83] [0:9.3800000000000008] [2:100] [0:100] [6.3700000000000001:7.5800000000000001] none [0.10000000000000001:0.26000000000000001] [0:100] [0:100] [0:3] none [1.3400000000000001:8.5399999999999991] [0:71.700000000000003] [0:86.299999999999997] [0:10.710000000000001] [1.3999999999999999:100] [0:100] [6.3600000000000003:7.5999999999999996] none [0.10000000000000001:0.31] [0:100] [0:100] [0:3] none [1.0900000000000001:8.5399999999999991] [0:70.599999999999994] [0:86.299999999999997] [0:9.8599999999999994] [1.8999999999999999:100] [0:100] [6.4299999999999997:7.5099999999999998] none [0.10000000000000001:0.31] [0:100] [0:100] [0:3] none [1:8.2100000000000009] [0:71.700000000000003] [0:85] [0:9.3800000000000008] [1.6000000000000001:100] [0:100] [6.4199999999999999:7.4400000000000004] none [0.10000000000000001:0.29999999999999999] [0:100] [0:100] [0:3] none [0.88:8.2100000000000009] [0:72] [0:87.5] [0:10.710000000000001] [1.2:100] [0:100] [6.3099999999999996:7.4500000000000002] none [0.10000000000000001:0.31] [0:100] [0:100] [0:3] none [1:6] [1:6] [1:6] none none [1:6] [-0.20999999999999996:0.66999999999999993] [-5.2299999999999995:3.0799999999999992] [-9.3800000000000008:4.46] [-100:77.799999999999997] [-83.299999999999997:55.600000000000001] [-3:2]
tree_sizes=861 901 892 894 896 896 895 893 885 894 905 896 897 898 896 896 892 902 897 900 892 894 894 899 901 900 906 895 899 892 907 899 898 895 903 896 894 901 895 896 906 896 906 898 899 899 901 904 893 902 894 895 890 889 898 908 901 896 897 901 879 895 900 903 896 894 897 894 900 897 900 906 902 898 900 898 895 895 903 902 901 897 893 894 892 899 902 902 900 900 896 907 896 897 902 890 896 899 894 903 900 901 892 892 904 905 903 895 900 891 902 901 903 895 901 900 895 897 899 898 899 900 908 905 900 901 904 901 895 902 898 899 905 898 902 886 887 893 898 898 903 899 897 895 899 896 901 899 900

Tree=0
num_leaves=7
num_cat=0
split_feature=6 92 84 7 20 90
split_gain=200.21 39.7095 29.8796 17.3588 15.2711 13.1765
threshold=5.3350000000000009 -2.1149999999999989 2.5000000000000004 25.100000000000005 24.900000000000002 0.074999999999999747
decision_type=2 2 2 2 2 2
left_child=1 3 5 -1 -3 -2
right_child=2 4 -4 -5 -6 -7
leaf_value=0.16469507352281826 0.20060978372427252 0.19087454251337976 0.18919782925247211 0.1783897865865833 0.17868216977277721 0.19038989167785231
leaf_weight=108.53633800148964 319.90961726009846 63.188963904976845 185.10649426281452 56.498367726802826 117.20933304727077 59.96756574511528
leaf_count=438 1291 255 747 228 473 242
internal_value=0.188454 0.176462 0.195788 0.169375 0.182952 0.198997
internal_weight=910.417 345.433 564.984 165.035 180.398 379.877
internal_count=3674 1394 2280 666 728 1533
is_linear=0
shrinkage=1


Tree=1
num_leaves=7
num_cat=0
split_feature=6 8 95 20 14 90
split_gain=192.224 28.6332 24.9487 18.3354 14.1587 14.1253
threshold=5.3350000000000009 33.500000000000007 -1.0000000180025095e-35 51.550000000000004 0.15500000000000003 0.050000000000000273
decision_type=2 2 2 2 2 2
left_child=1 -1 -2 -4 -3 -6
right_child=2 4 3 -5 5 -7
leaf_value=-0.021835448044402767 0.0020416201798550615 0.00075465875437223954 0.012206317941003575 -0.0033008325991085241 -0.0071668412018452907 -0.018423428635319268
leaf_weight=81.40227746963501 212.00108450651169 55.056065678596497 318.88527375459671 33.681832671165466 144.84514173865318 64.490246385335922
leaf_count=328 856 222 1288 136 584 260
internal_value=0.000272796 -0.0114682 0.00746484 0.0107244 -0.00826926 -0.0106418
internal_weight=910.362 345.794 564.568 352.567 264.391 209.335
internal_count=3674 1394 2280 1424 1066 844
is_linear=0
shrinkage=0.02


Tree=2
num_leaves=7
num_cat=0
split_feature=91 91 92 0 0 0
split_gain=200.162 64.5963 21.1804 13.1061 12.0281 11.3973
threshold=-1.6899999999999997 -0.4999999999999995 -2.0549999999999997 4.5000000000000009 5.5000000000000009 5.5000000000000009
decision_type=2 2 2 2 2 2
left_child=2 5 3 -1 -3 -2
right_child=1 4 -4 -5 -6 -7
leaf_value=-0.014909498720784073 0.001599200449425463 0.013543944809270285 -0.0081766632679395584 -0.027228720462090399 0.0053267843578353007 -0.0064784842899624148
leaf_weight=69.569193676114082 225.4604647308588 266.65080264210701 80.399668633937836 69.575424626469612 97.480930805206299 101.12828557193279
leaf_count=280 910 1078 324 280 394 408
internal_value=0.000267406 0.00555508 -0.0163634 -0.0210845 0.0113462 -0.000903274
internal_weight=910.265 690.72 219.544 139.145 364.132 326.589
internal_count=3674 2790 884 560 1472 1318
is_linear=0
shrinkage=0.02


Tree=3
num_leaves=7
num_cat=0
split_feature=91 91 90 92 0 0
split_gain=192.101 62.1455 20.483 20.2789 12.5327 11.5897
threshold=-1.6899999999999997 -0.4999999999999995 0.050000000000000273 -2.0549999999999997 4.5000000000000009 5.5000000000000009
decision_type=2 2 2 2 2 2
left_child=3 2 -2 4 -1 -3
right_child=1 5 -4 -5 -6 -7
leaf_value=-0.014595391806486138 0.001905456918977108 0.013292430283074681 -0.0098694965300511056 -0.008007792905542474 -0.026633079769936861 0.0052232458454701544
leaf_weight=69.64641284942627 249.26789347827435 266.26809084415436 77.345978587865829 80.454800575971603 69.709650680422783 97.427520602941513
leaf_count=280 1006 1078 312 324 280 394
internal_value=0.000262143 0.00544734 -0.000885157 -0.0160169 -0.0206317 0.0111329
internal_weight=910.12 690.309 326.614 219.811 139.356 363.696
internal_count=3674 2790 1318 884 560 1472
is_linear=0
shrinkage=0.02


Tree=4
num_leaves=7
num_cat=0
split_feature=91 91 90 92 14 0
split_gain=184.392 59.7915 19.6571 19.4292 17.4468 11.9989
threshold=-1.6899999999999997 -0.4999999999999995 0.050000000000000273 -2.0549999999999997 0.14500000000000005 4.5000000000000009
decision_type=2 2 2 2 2 2
left_child=3 2 -2 5 -3 -1
right_child=1 4 -4 -5 -6 -7
leaf_value=-0.014289783358333467 0.0018677025170139043 0.017206190855052726 -0.009663823520514387 -0.0078427757518422722 0.0078607282859982763 -0.026060961870177816
leaf_weight=69.714620530605316 249.22306875884533 118.91495589911938 77.413701727986336 80.506238549947739 244.32847686111927 69.816254854202271
leaf_count=280 1006 482 312 324 990 280
internal_value=0.00025699 0.00534184 -0.000867418 -0.0156807 0.010924 -0.0201941
internal_weight=909.917 689.88 326.637 220.037 363.243 139.531
internal_count=3674 2790 1318 884 1472 560
is_linear=0
shrinkage=0.02


Tree=5
num_leaves=7
num_cat=0
split_feature=6 91 91 90 68 90
split_gain=182.322 37.766 25.5518 17.2607 12.9947 11.1492
threshold=5.3650000000000011 -2.0949999999999993 -0.14999999999999988 0.044999999999999936 45.95000000000001 0.074999999999999747
decision_type=2 2 2 2 2 2
left_child=1 -1 3 -2 -3 -4
right_child=2 4 5 -5 -6 -7
leaf_value=-0.019410259649048821 0.0061291381629245637 -0.01373746514662149 0.013888018533172048 -0.0043868185790007751 -0.0029626714155316864 0.0022888181780613202
leaf_weight=142.07207141816616 222.7478703558445 63.332314014434814 195.78998729586601 86.651321798563004 152.47145611047745 39.951766714453697
leaf_count=570 901 255 795 350 614 162
internal_value=-0.000316146 -0.0114058 0.00696481 0.00318354 -0.00612967 0.0119241
internal_weight=903.017 357.876 545.141 309.399 215.804 235.742
internal_count=3647 1439 2208 1251 869 957
is_linear=0
shrinkage=0.02


Tree=6
num_leaves=7
num_cat=0
split_feature=6 91 91 90 0 67
split_gain=175.088 36.4826 24.6108 16.5865 19.9514 11.6137
threshold=5.3650000000000011 -1.8099999999999996 -0.14999999999999988 0.044999999999999936 5.5000000000000009 33.400000000000006
decision_type=2 2 2 2 2 2
left_child=1 -1 3 4 -2 -3
right_child=2 5 -4 -5 -6 -7
leaf_value=-0.017205764350451 0.0096607257862938931 -0.0098166827706969214 0.011703362456250721 -0.0042973536300792217 -0.0038022967393003793 0.00066764561487160396
leaf_weight=189.03216904401779 162.25074189901352 81.950450375676155 235.39049942791462 86.68788655102253 60.352083638310432 87.126409128308296
leaf_count=758 657 330 957 350 244 351
internal_value=-0.000309837 -0.0111705 0.00683144 0.00312101 0.00601056 -0.00441684
internal_weight=902.79 358.109 544.681 309.291 222.603 169.077
internal_count=3647 1439 2208 1251 901 681
is_linear=0
shrinkage=0.02


Tree=7
num_leaves=7
num_cat=0
split_feature=6 91 91 90 0 14
split_gain=168.153 35.0762 23.7045 15.9393 19.1877 12.7071
threshold=5.3650000000000011 -2.0949999999999993 -0.14999999999999988 0.044999999999999936 5.5000000000000009 0.14500000000000005
decision_type=2 2 2 2 2 2
left_child=1 -1 3 4 -2 -4
right_child=2 -3 5 -5 -6 -7
leaf_value=-0.018648188943306655 0.0094779944541636286 -0.0058578358825664327 0.01764162625565124 -0.0042097887563913982 -0.0037249277296650465 0.0079650036280593459
leaf_weight=142.2980622202158 162.07498505711555 216.00685520470142 85.398831427097321 86.722918465733528 60.375364884734154 149.6345838457346
leaf_count=570 657 869 348 350 244 609
internal_value=-0.000303662 -0.0109412 0.00670081 0.00305982 0.00589452 0.011487
internal_weight=902.512 358.305 544.207 309.173 222.45 235.033
internal_count=3647 1439 2208 1251 901 957
is_linear=0
shrinkage=0.02


Tree=8
num_leaves=7
num_cat=0
split_feature=91 91 14 92 0 93
split_gain=161.766 47.6506 19.1659 18.8528 14.0348 14.0865
threshold=-1.72 -0.50499999999999978 0.14500000000000005 -2.0549999999999997 5.5000000000000009 -9.8499999999999996
decision_type=2 2 2 2 2 2
left_child=3 4 -3 -1 -2 -6
right_child=1 2 -4 -5 5 -7
leaf_value=-0.019883144496297554 0.0016983086770389442 0.016028093123135131 0.0062083232701885521 -0.0075123098519646412 -0.01705731718226031 -0.0015773961310117969
leaf_weight=137.63872276246548 228.56383946537971 119.39435039460659 238.29414668679237 77.003284126520157 36.989914834499359 64.304430678486824
leaf_count=551 923 487 969 309 149 259
internal_value=-0.00029759 0.00443453 0.00948967 -0.0154506 -0.00104833 -0.00724149
internal_weight=902.189 687.547 357.688 214.642 329.858 101.294
internal_count=3647 2787 1456 860 1331 408
is_linear=0
shrinkage=0.02


Tree=9
num_leaves=7
num_cat=0
split_feature=6 91 91 68 81 92
split_gain=156.212 32.3321 22.0545 12.1969 10.9623 10.5033
threshold=5.3650000000000011 -2.0949999999999993 -0.14999999999999988 45.95000000000001 49.45000000000001 -2.4549999999999996
decision_type=2 2 2 2 2 2
left_child=1 5 -2 -3 -5 -1
right_child=2 3 -4 4 -6 -7
leaf_value=-0.022448904443535474 0.0029589502173199239 -0.013017972082735849 0.011095672322031066 -0.008230704068837599 0.0024967663475722384 -0.011365634309637791
leaf_weight=84.236485674977303 308.95032615959644 63.474118456244469 234.33624161779881 72.349564447999001 80.302760392427444 58.17822790145874
leaf_count=337 1251 255 957 291 323 233
internal_value=-0.000291718 -0.0105364 0.00646997 -0.00565689 -0.00258958 -0.0179324
internal_weight=901.828 358.541 543.287 216.126 152.652 142.415
internal_count=3647 1439 2208 869 614 570
is_linear=0
shrinkage=0.02


Tree=10
num_leaves=7
num_cat=0
split_feature=91 91 14 0 90 90
split_gain=145.68 43.9445 20.1066 15.4252 13.1696 11.7452
threshold=-0.87499999999999989 -2.0949999999999993 0.14500000000000005 5.5000000000000009 0.034999999999999705 0.050000000000000273
decision_type=2 2 2 2 2 2
left_child=1 -1 -2 5 -4 -3
right_child=2 3 4 -5 -6 -7
leaf_value=-0.017294975214414001 0.013972232848848402 0.0025814167191174136 0.0077742796667294046 -0.010093127280243211 -0.00079767256749146336 -0.0088162721177685952
leaf_weight=143.92376860976219 145.19602093100548 139.06861864030361 224.62914671003819 100.26071168482304 105.25182737410069 48.762465715408325
leaf_count=576 593 561 914 403 427 196
internal_value=0.000129859 -0.00827411 0.00777222 -0.00376307 0.0050399 -0.000380632
internal_weight=907.093 432.016 475.077 288.092 329.881 187.831
internal_count=3670 1736 1934 1160 1341 757
is_linear=0
shrinkage=0.02


Tree=11
num_leaves=7
num_cat=0
split_feature=91 91 14 92 17 15
split_gain=139.98 42.2067 19.3891 13.7017 13.1938 9.71862
threshold=-0.87499999999999989 -2.0949999999999993 0.14500000000000005 -2.4549999999999996 1.5000000000000002 34.95000000000001
decision_type=2 2 2 2 2 2
left_child=1 3 5 -1 -3 -2
right_child=2 4 -4 -5 -6 -7
leaf_value=-0.022087598436820583 0.0096969488120595589 -0.0072923261299536971 0.004942454223670705 -0.0095161216702214484 0.0013903368811306902 0.020417264113480087
leaf_weight=84.973205238580704 90.663803234696388 168.48016384243965 329.66354185342789 58.961771219968796 119.67122034728527 54.238537833094597
leaf_count=340 371 677 1341 236 483 222
internal_value=0.000127374 -0.00810743 0.00762519 -0.016948 -0.00368713 0.013721
internal_weight=906.652 432.086 474.566 143.935 288.151 144.902
internal_count=3670 1736 1934 576 1160 593
is_linear=0
shrinkage=0.02


Tree=12
num_leaves=7
num_cat=0
split_feature=91 91 14 0 92 11
split_gain=134.51 40.5584 18.702 14.7313 13.1797 9.91369
threshold=-0.87499999999999989 -2.0949999999999993 0.14500000000000005 5.5000000000000009 -2.4549999999999996 60.750000000000007
decision_type=2 2 2 2 2 2
left_child=1 4 -2 -3 -1 -4
right_child=2 3 5 -5 -6 -7
leaf_value=-0.021654829011349228 0.013475391287910136 -0.00030681635318366749 0.0014952301565266952 -0.0097954160152116266 -0.0093247401734152194 0.0084381495873960908
leaf_weight=84.940257385373116 144.60021668672562 187.86509677767754 170.49337626993656 100.34475675225258 58.970428049564362 158.96190816164017
leaf_count=340 593 757 693 403 236 648
internal_value=0.00012495 -0.00794483 0.007481 -0.00361267 -0.0166123 0.00484673
internal_weight=906.176 432.121 474.056 288.21 143.911 329.455
internal_count=3670 1736 1934 1160 576 1341
is_linear=0
shrinkage=0.02


Tree=13
num_leaves=7
num_cat=0
split_feature=8 90 92 92 21 20
split_gain=125.099 23.3383 21.3618 16.5699 10.7308 10.2661
threshold=47.050000000000004 0.06000000000000006 -0.149999999999999 -2.4100000000000001 45.550000000000004 50.45000000000001
decision_type=2 2 2 2 2 2
left_child=3 2 5 -1 -5 -2
right_child=1 -3 -4 4 -6 -7
leaf_value=-0.017198297365755972 0.0051790428523250057 -0.0025092485371464757 0.012702404060876932 -0.00051343853866879833 -0.01170027029667867 -0.0057391190678507701
leaf_weight=117.30497190356255 306.75004513561726 137.09574030339718 164.96197547018528 59.026914849877357 81.804184302687645 38.721120193600655
leaf_count=470 1247 556 675 237 328 157
internal_value=0.000122539 0.00481575 0.00678325 -0.0116476 -0.00701519 0.00395401
internal_weight=905.665 647.529 510.433 258.136 140.831 345.471
internal_count=3670 2635 2079 1035 565 1404
is_linear=0
shrinkage=0.02


Tree=14
num_leaves=7
num_cat=0
split_feature=91 91 90 11 0 36
split_gain=125.822 37.6997 18.6348 16.1148 14.0513 13.4226
threshold=-0.87499999999999989 -2.0949999999999993 0.06000000000000006 60.750000000000007 5.5000000000000009 41.95000000000001
decision_type=2 2 2 2 2 2
left_child=1 -1 3 -2 -3 -4
right_child=2 4 5 -5 -6 -7
leaf_value=-0.01604247735015012 0.00503742457849507 -0.00027739829176058487 0.0044471497450018918 0.013364371838367107 -0.009542843033560712 -0.011390319801462068
leaf_weight=143.80880914628506 181.47779184579849 187.85707986354828 70.055345490574837 190.9161027520895 100.39817671477795 30.704457700252533
leaf_count=576 741 757 285 783 403 125
internal_value=0.000120159 -0.00768188 0.00724477 0.00930886 -0.00350671 -0.000385498
internal_weight=905.218 432.064 473.154 372.394 288.255 100.76
internal_count=3670 1736 1934 1524 1160 410
is_linear=0
shrinkage=0.02


Tree=15
num_leaves=7
num_cat=0
split_feature=91 91 92 90 3 4
split_gain=134.594 36.9891 19.3204 17.5843 10.4816 11.8497
threshold=-1.6899999999999997 -0.17500000000000024 -2.0549999999999997 0.050000000000000273 3.5000000000000004 6.7958333333333352
decision_type=2 2 2 2 2 2
left_child=2 3 -1 -2 5 -3
right_child=1 4 -4 -5 -6 -7
leaf_value=-0.017830790530686928 0.0032866093808822903 0.0093046221195063686 -0.005626696181259455 -0.0061716455376715296 0.0020780202890430576 0.019588812185169523
leaf_weight=139.97307521104813 321.32364620268345 145.55980108678341 82.618596568703651 103.98885603249073 47.483213812112808 64.939346596598625
leaf_count=561 1303 599 331 419 195 267
internal_value=0.000197774 0.00459797 -0.0133056 0.00097316 0.0105712 0.0124851
internal_weight=905.887 683.295 222.592 425.313 257.982 210.499
internal_count=3675 2783 892 1722 1061 866
is_linear=0
shrinkage=0.02


Tree=16
num_leaves=7
num_cat=0
split_feature=91 91 90 9 45 90
split_gain=129.329 35.6283 16.641 15.6 11.62 11.029
threshold=-1.6899999999999997 -0.14999999999999988 0.050000000000000273 4.0100000000000007 4.9450000000000012 0.084999999999999978
decision_type=2 2 2 2 2 2
left_child=3 2 -2 -1 -4 -3
right_child=1 5 4 -5 -6 -7
leaf_value=-0.01936626177929477 0.0032771699983759409 0.012234805318285406 -0.01528434032737707 -0.0085986381012483973 -0.001180233526065676 -0.00015071426109371491
leaf_weight=91.729532673954964 330.00220261514187 214.03612616658211 34.813123375177383 130.78718926012516 70.700935706496239 33.217338591814041
leaf_count=368 1339 883 140 524 285 136
internal_value=0.000194018 0.00450966 0.00106657 -0.0130442 -0.00584378 0.0105715
internal_weight=905.286 682.77 435.516 222.517 105.514 247.253
internal_count=3675 2783 1764 892 425 1019
is_linear=0
shrinkage=0.02


Tree=17
num_leaves=7
num_cat=0
split_feature=91 91 92 90 0 20
split_gain=124.274 34.6281 18.2679 17.8905 12.6984 12.4525
threshold=-1.6899999999999997 -0.50499999999999978 -2.0549999999999997 0.050000000000000273 5.5000000000000009 39.350000000000001
decision_type=2 2 2 2 2 2
left_child=2 3 -1 -2 -3 -6
right_child=1 4 -4 -5 5 -7
leaf_value=-0.017193879231917383 0.0023148092140096417 0.010979619189522763 -0.0053255687361317442 -0.0087043781155631689 0.0076167376451913484 -0.0075329024472628016
leaf_weight=139.78445230424404 245.61433558166027 262.33705992996693 82.648869171738625 77.433162793517113 64.167037755250931 32.674510419368744
leaf_count=561 994 1081 331 311 263 134
internal_value=0.00019026 0.00442308 -0.0127884 -0.000328321 0.00869542 0.00250272
internal_weight=904.659 682.226 222.433 323.047 359.179 96.8415
internal_count=3675 2783 892 1305 1478 397
is_linear=0
shrinkage=0.02


Tree=18
num_leaves=7
num_cat=0
split_feature=91 91 92 76 92 6
split_gain=119.43 33.3504 17.5874 10.919 11.3951 10.6199
threshold=-1.6899999999999997 -0.14999999999999988 -2.0549999999999997 13.950000000000001 -0.52999999999999969 5.3650000000000011
decision_type=2 2 2 2 2 2
left_child=2 3 -1 4 -2 -5
right_child=1 -3 -4 5 -6 -7
leaf_value=-0.016865287677923422 0.0021639465246580032 0.010216374756927146 -0.005218625310698507 -0.0059981870916027769 0.01723617645296574 0.0016729772379071594
leaf_weight=139.66093064844608 60.058905243873596 246.39625957608223 82.657664343714714 102.66715388000011 30.056278690695763 242.49544471502304
leaf_count=561 243 1019 331 413 122 986
internal_value=0.000186605 0.00433824 -0.0125394 0.00100924 0.00720455 -0.000609855
internal_weight=903.993 681.674 222.319 435.278 90.1152 345.163
internal_count=3675 2783 892 1764 365 1399
is_linear=0
shrinkage=0.02


Tree=19
num_leaves=7
num_cat=0
split_feature=91 91 90 14 7 0
split_gain=114.782 32.275 17.1448 13.2998 12.7369 12.3141
threshold=-1.6899999999999997 -0.50499999999999978 0.050000000000000273 0.14500000000000005 16.800000000000001 4.5000000000000009
decision_type=2 2 2 2 2 2
left_child=4 2 -2 -3 -1 -6
right_child=1 3 -4 -5 5 -7
leaf_value=-0.020777146858807192 0.0022591633595072293 0.013914464932310069 -0.0085266646287323802 0.0056971897701219611 -0.0041394294225657975 -0.014956764383676871
leaf_weight=53.690088599920273 245.52416649460793 117.16382260620594 77.466705769300461 240.97884571552277 83.789384603500366 84.705642431974411
leaf_count=216 994 487 311 991 336 340
internal_value=0.000183058 0.00425501 -0.000329567 0.00838855 -0.0122963 -0.00958315
internal_weight=903.319 681.134 322.991 358.143 222.185 168.495
internal_count=3675 2783 1305 1478 892 676
is_linear=0
shrinkage=0.02


Tree=20
num_leaves=7
num_cat=0
split_feature=6 92 84 0 94 75
split_gain=112.505 24.0982 16.9734 9.97442 12.3568 9.6706
threshold=5.3450000000000006 -2.0349999999999997 2.5000000000000004 5.5000000000000009 -12.299999999999999 29.350000000000005
decision_type=2 2 2 2 2 2
left_child=1 -1 3 -2 -5 -4
right_child=2 -3 5 4 -6 -7
leaf_value=-0.013917381035862698 0.01029944198353477 -0.0034413606888557104 -0.008703849597906755 -0.0076309556578599549 0.0077759424886135473 0.0030903256233736497
leaf_weight=174.46529667079449 270.45373350381851 176.952392116189 34.294973805546761 30.822053745388985 63.683149009943008 145.13216607272625
leaf_count=702 1118 711 139 126 262 589
internal_value=0.000175482 -0.00864478 0.00586977 0.0083454 0.00274836 0.000832442
internal_weight=895.804 351.418 544.386 364.959 94.5052 179.427
internal_count=3647 1413 2234 1506 388 728
is_linear=0
shrinkage=0.02


Tree=21
num_leaves=7
num_cat=0
split_feature=91 84 14 14 9 33
split_gain=107.766 41.5557 15.8552 10.6653 10.0112 7.42029
threshold=-1.8699999999999997 2.5000000000000004 0.16500000000000004 0.14500000000000005 4.1150000000000011 27.950000000000003
decision_type=2 2 2 2 2 2
left_child=4 3 5 -2 -1 -3
right_child=1 2 -4 -5 -6 -7
leaf_value=-0.018397633699107456 0.013042303775807488 -0.005020237990106844 -0.0066973577899495321 0.0058773732515043069 -0.0090418418451211242 0.0045221176117153884
leaf_weight=86.752709001302719 120.0950610935688 42.555874451994896 139.51868799328804 270.51720194518566 97.496506676077843 138.2229031920433
leaf_count=350 500 172 562 1112 391 560
internal_value=0.000172124 0.0037052 -0.00163455 0.00808303 -0.0134546 0.00227428
internal_weight=895.159 710.91 320.297 390.612 184.249 180.779
internal_count=3647 2906 1294 1612 741 732
is_linear=0
shrinkage=0.02


Tree=22
num_leaves=7
num_cat=0
split_feature=6 91 90 0 90 68
split_gain=104.22 22.9225 21.2061 17.6373 13.9681 12.5341
threshold=5.3450000000000006 -2.0949999999999993 0.06000000000000006 5.5000000000000009 0.050000000000000273 48.650000000000013
decision_type=2 2 2 2 2 2
left_child=1 -1 3 -2 5 -3
right_child=2 4 -4 -5 -6 -7
leaf_value=-0.014561257128718051 0.010116249359151704 -0.0078376242067723142 -0.0020200177920540667 0.00092051897542549206 -0.01272131042512255 0.0037226228438593562
leaf_weight=140.89004026353359 316.17747038602829 63.710376262664795 113.7415038049221 113.35167072713375 55.619611069560051 90.949503511190414
leaf_count=568 1306 256 464 464 223 366
internal_value=0.000168821 -0.00832124 0.00565731 0.0076903 -0.00413541 -0.00104148
internal_weight=894.44 351.17 543.271 429.529 210.279 154.66
internal_count=3647 1413 2234 1770 845 622
is_linear=0
shrinkage=0.02


Tree=23
num_leaves=7
num_cat=0
split_feature=6 91 91 76 64 25
split_gain=100.287 27.4355 15.1633 10.9163 10.7174 10.3575
threshold=5.0150000000000006 -0.50499999999999978 -2.4249999999999998 3.9500000000000006 6.785000000000001 6.8950000000000005
decision_type=2 2 2 2 2 2
left_child=2 3 -1 -2 -5 -6
right_child=1 -3 -4 4 5 -7
leaf_value=-0.016419087368813562 0.008996413110112551 0.0084632325251341942 -0.0064994749940458551 0.0017677169209430444 -0.012703597650233704 0.00083337608218531523
leaf_weight=92.057079389691353 44.661062479019165 341.02371264994144 186.93278661370277 136.27418421208858 53.93912173807621 38.850764244794846
leaf_count=372 181 1416 751 552 218 157
internal_value=0.000165565 0.00467877 -0.00977732 -3.75081e-05 -0.00180203 -0.00704092
internal_weight=893.739 614.749 278.99 273.725 229.064 92.7899
internal_count=3647 2524 1123 1108 927 375
is_linear=0
shrinkage=0.02


Tree=24
num_leaves=7
num_cat=0
split_feature=91 91 90 92 14 53
split_gain=96.7817 33.1322 22.1632 16.5237 12.5822 8.74718
threshold=-1.6899999999999997 -0.4999999999999995 0.050000000000000273 -2.0549999999999997 0.14500000000000005 0.16500000000000004
decision_type=2 2 2 2 2 2
left_child=3 2 -2 -1 -3 -4
right_child=1 4 5 -5 -6 -7
leaf_value=-0.015527111139043519 0.0022739614672007409 0.013694831699598273 -0.0037256923991315521 -0.004232260887693926 0.0055779375499532304 -0.017201966051640788
leaf_weight=138.50829374790192 246.21415726840496 113.39240489900112 41.595345884561539 82.888402432203293 234.53239966928959 35.9041458517313
leaf_count=560 998 476 167 332 970 144
internal_value=0.000162385 0.00394268 -0.000662657 -0.0113023 0.00822649 -0.00998313
internal_weight=893.035 671.638 323.714 221.397 347.925 77.4995
internal_count=3647 2755 1309 892 1446 311
is_linear=0
shrinkage=0.02


Tree=25
num_leaves=7
num_cat=0
split_feature=6 90 8 21 6 95
split_gain=97.5146 17.6417 15.1055 15.2983 12.7305 10.3242
threshold=5.3450000000000006 0.06000000000000006 34.250000000000007 48.350000000000001 5.9850000000000012 -1.0000000180025095e-35
decision_type=2 2 2 2 2 2
left_child=2 4 3 -1 -2 -4
right_child=1 -3 5 -5 -6 -7
leaf_value=-0.0059583551986854581 0.0030222512644649214 -0.0011844224720721206 -0.0070364690310541177 -0.022495036683584557 0.010194742349603509 0.0042484872979908486
leaf_weight=41.542355924844742 156.38378688693047 117.52257777750492 223.27997316420078 48.649492144584656 270.10642574727535 37.866104662418365
leaf_count=168 640 480 898 197 1124 153
internal_value=0.00037194 0.00567585 -0.00783993 -0.0148933 0.00756609 -0.00539915
internal_weight=895.351 544.013 351.338 90.1918 426.49 261.146
internal_count=3660 2244 1416 365 1764 1051
is_linear=0
shrinkage=0.02


Tree=26
num_leaves=7
num_cat=0
split_feature=91 91 90 19 49 90
split_gain=95.3692 33.5303 14.3311 11.7596 11.6139 12.7338
threshold=-1.8699999999999997 -0.57999999999999952 0.06000000000000006 5.1750000000000007 53.95000000000001 0.050000000000000273
decision_type=2 2 2 2 2 2
left_child=3 4 -3 -1 5 -2
right_child=1 2 -4 -5 -6 -7
leaf_value=-0.0069307217789301295 0.00030657758523788467 0.0099293353668860294 0.00047633065677253936 -0.017050752726337572 0.010950896110679224 -0.0091252177002114285
leaf_weight=85.171829700469971 230.70545163750648 289.97307343780994 82.379628226161003 100.15681359171867 30.170575305819511 76.055501714348793
leaf_count=344 934 1211 339 405 122 305
internal_value=0.000364793 0.00370298 0.00783863 -0.0124061 -0.000868423 -0.00203407
internal_weight=894.613 709.284 372.353 185.329 336.932 306.761
internal_count=3660 2911 1550 749 1361 1239
is_linear=0
shrinkage=0.02


Tree=27
num_leaves=7
num_cat=0
split_feature=6 92 90 20 6 20
split_gain=90.6823 18.5616 16.3507 14.3633 12.6391 9.29976
threshold=5.3450000000000006 -2.0349999999999997 0.06000000000000006 51.550000000000004 5.9050000000000011 35.850000000000001
decision_type=2 2 2 2 2 2
left_child=1 5 3 4 -2 -1
right_child=2 -3 -4 -5 -6 -7
leaf_value=-0.0082829690976037856 0.0032841180477918958 -0.0030505485890187805 -0.0011220504586361142 -0.0042948231572179111 0.010992041351503895 -0.017717577111606275
leaf_weight=99.811695873737335 126.66604152321815 178.89707355201244 117.54556629061699 38.75304864346981 259.88114555180073 72.240271687507629
leaf_count=404 519 719 480 159 1086 293
internal_value=0.000357836 -0.0075639 0.00547968 0.00730411 0.00846777 -0.0122523
internal_weight=893.795 350.949 542.846 425.3 386.547 172.052
internal_count=3660 1416 2244 1764 1605 697
is_linear=0
shrinkage=0.02


Tree=28
num_leaves=7
num_cat=0
split_feature=91 91 19 49 0 93
split_gain=89.0585 31.3421 11.1298 11.1211 11.6354 15.842
threshold=-1.8699999999999997 -0.57999999999999952 5.1750000000000007 53.95000000000001 5.5000000000000009 -10.199999999999996
decision_type=2 2 2 2 2 2
left_child=2 3 -1 4 -2 -6
right_child=1 -3 -4 -5 5 -7
leaf_value=-0.0066765856161937519 0.00072934802929450887 0.0075859315938516438 -0.01653172482595178 0.010735618369144521 -0.018450876150541827 -0.0017481852530164966
leaf_weight=85.067518666386604 206.79885192215443 371.26458382606506 99.856840118765831 30.129597201943398 34.805418640375137 65.10290490090847
leaf_count=344 837 1550 405 122 140 262
internal_value=0.000350983 0.00357887 -0.0120043 -0.000838696 -0.00197884 -0.00757959
internal_weight=893.026 708.101 184.924 336.837 306.707 99.9083
internal_count=3660 2911 749 1361 1239 402
is_linear=0
shrinkage=0.02


Tree=29
num_leaves=7
num_cat=0
split_feature=6 92 90 20 6 93
split_gain=84.3071 17.5401 15.7731 13.7163 11.9908 9.5556
threshold=5.3450000000000006 -2.0349999999999997 0.06000000000000006 51.550000000000004 5.9050000000000011 -2.4500000000000024
decision_type=2 2 2 2 2 2
left_child=1 -1 3 4 -2 -6
right_child=2 -3 -4 -5 5 -7
leaf_value=-0.011862098089759267 0.0031756334448078921 -0.0029116602661086724 -0.0011956546510209585 -0.0042479565242316223 0.008215897623443217 0.016674785684802528
leaf_weight=171.66560398042202 126.53225326538086 178.86745040118694 117.4598900526762 38.754992082715034 183.36173065006733 75.579572141170502
leaf_count=697 519 719 480 159 769 317
internal_value=0.00034424 -0.00729707 0.00528946 0.0070849 0.0082251 0.0106904
internal_weight=892.221 350.533 541.688 424.229 385.474 258.941
internal_count=3660 1416 2244 1764 1605 1086
is_linear=0
shrinkage=0.02


Tree=30
num_leaves=7
num_cat=0
split_feature=84 14 0 90 27 0
split_gain=79.0104 25.4763 14.8921 11.1333 11.1158 12.8252
threshold=2.5000000000000004 0.16500000000000004 4.5000000000000009 -1.0000000180025095e-35 0.19500000000000003 5.5000000000000009
decision_type=2 2 2 2 2 2
left_child=4 2 -2 -3 5 -1
right_child=1 3 -4 -5 -6 -7
leaf_value=0.0099864115048345133 0.0040800990649232502 0.00074389545858423456 -0.0062176004439564048 -0.011057072598056253 -0.0037727195115010081 0.0013986232339307579
leaf_weight=263.69687309861183 129.20703086256981 36.997074097394943 99.222560465335846 235.03606531023979 37.084025278687477 94.520222127437592
leaf_count=1105 525 150 402 951 154 391
internal_value=-4.00121e-05 -0.00531858 -0.000393658 -0.00945243 0.00664246 0.00772144
internal_weight=895.764 500.463 228.43 272.033 395.301 358.217
internal_count=3678 2028 927 1101 1650 1496
is_linear=0
shrinkage=0.02


Tree=31
num_leaves=7
num_cat=0
split_feature=84 91 14 9 63 46
split_gain=75.9485 25.014 11.3671 10.8934 9.40491 8.35687
threshold=2.5000000000000004 -2.0949999999999993 0.16500000000000004 6.0550000000000006 39.000000000000007 47.850000000000001
decision_type=2 2 2 2 2 2
left_child=3 -2 -3 4 -1 -5
right_child=1 2 -4 5 -6 -7
leaf_value=0.0077371413704531303 -0.012339248377205188 0.00088557685174117174 -0.0062511790885856925 0.011282110597601083 -0.0013187754963304914 8.3240938231785702e-05
leaf_weight=86.829005643725395 141.28288787603378 193.46868151426315 165.61730918288231 179.55897328257561 97.072522148489952 31.298354730010033
leaf_count=360 576 785 667 756 403 131
internal_value=-3.91944e-05 -0.00521325 -0.00240686 0.00651873 0.00295885 0.00962065
internal_weight=895.128 500.369 359.086 394.759 183.902 210.857
internal_count=3678 2028 1452 1650 763 887
is_linear=0
shrinkage=0.02


Tree=32
num_leaves=7
num_cat=0
split_feature=84 7 90 0 21 14
split_gain=73.0144 24.2301 13.3417 16.9859 10.9209 10.8014
threshold=2.5000000000000004 25.100000000000005 0.079999999999999641 5.5000000000000009 45.750000000000007 0.14500000000000005
decision_type=2 2 2 2 2 2
left_child=5 4 3 -3 -2 -1
right_child=1 2 -4 -5 -6 -7
leaf_value=0.011367137685131494 -0.0044988882466396119 0.0032628365978068525 -0.010748818922237948 -0.007925010275298917 -0.014731827955839801 0.0041901927928456196
leaf_weight=121.1088542342186 65.981123000383377 189.07714633643627 55.178564861416817 76.024815961718559 113.90077984333038 273.10867547988892
leaf_count=514 267 768 222 307 464 1136
internal_value=-3.84042e-05 -0.00511121 -0.00181102 5.26548e-05 -0.0109829 0.00639737
internal_weight=894.38 500.162 320.281 265.102 179.882 394.218
internal_count=3678 2028 1297 1075 731 1650
is_linear=0
shrinkage=0.02


Tree=33
num_leaves=7
num_cat=0
split_feature=91 91 11 27 23 36
split_gain=71.1468 27.5563 11.8006 10.6281 8.7633 8.00282
threshold=-0.57999999999999952 -2.0949999999999993 60.95000000000001 0.18500000000000003 45.45000000000001 15.500000000000002
decision_type=2 2 2 2 2 2
left_child=1 -1 -2 4 -4 -3
right_child=2 5 3 -5 -6 -7
leaf_value=-0.012271600812708118 0.0027881212649605558 -0.011261457932891589 0.014609948188647063 -0.0013821206722947528 0.0045554011372999463 -0.0010599668992562496
leaf_weight=143.57789990305901 172.87146933376789 33.694693952798843 123.80947810411453 28.532914251089096 48.31244869530201 342.82140757143497
leaf_count=587 722 136 524 120 204 1385
internal_value=-3.76854e-05 -0.00481978 0.00662036 0.00991894 0.011792 -0.00197565
internal_weight=893.62 520.094 373.526 200.655 172.122 376.516
internal_count=3678 2108 1570 848 728 1521
is_linear=0
shrinkage=0.02


Tree=34
num_leaves=7
num_cat=0
split_feature=84 14 0 90 27 0
split_gain=68.0432 22.9753 13.9301 10.6678 10.5249 12.3169
threshold=2.5000000000000004 0.16500000000000004 4.5000000000000009 -0.015000000000000123 0.19500000000000003 5.5000000000000009
decision_type=2 2 2 2 2 2
left_child=4 2 -2 -3 5 -1
right_child=1 3 -4 -5 -6 -7
leaf_value=0.0094701974661878258 0.004073425760527734 0.0024184986786866727 -0.0058899203327132318 -0.010257513451954201 -0.0039549665381114485 0.0010363038494846488
leaf_weight=261.99419279396534 129.05626335740089 29.795691892504692 99.176752775907516 241.63868729770184 37.018526509404182 94.179314777255058
leaf_count=1105 525 121 402 980 154 391
internal_value=-3.69285e-05 -0.00493421 -0.000256747 -0.00886567 0.0061862 0.00724103
internal_weight=892.859 499.667 228.233 271.434 393.192 356.174
internal_count=3678 2028 927 1101 1650 1496
is_linear=0
shrinkage=0.02


Tree=35
num_leaves=7
num_cat=0
split_feature=7 84 92 27 75 9
split_gain=68.6942 15.0525 11.4795 11.2657 10.2509 10.7741
threshold=25.100000000000005 2.5000000000000004 -2.4100000000000001 0.19500000000000003 29.500000000000004 4.9450000000000012
decision_type=2 2 2 2 2 2
left_child=2 3 -1 -2 5 -3
right_child=1 4 -4 -5 -6 -7
leaf_value=-0.015908475131762349 0.0066245565490442087 0.0025249581624564666 -0.0058300700691091044 -0.0051297569300068823 0.0016624776001684927 -0.01299264284827885
leaf_weight=90.769026264548302 354.49277247488499 29.746156930923462 90.32376229763031 35.84636464715004 246.64751666784286 44.72554224729538
leaf_count=374 1491 120 364 149 1000 181
internal_value=0.000106458 0.00290601 -0.0108877 0.00554407 -0.000301444 -0.00679939
internal_weight=892.551 711.458 181.093 390.339 321.119 74.4717
internal_count=3679 2941 738 1640 1301 301
is_linear=0
shrinkage=0.02


Tree=36
num_leaves=7
num_cat=0
split_feature=6 90 91 91 68 4
split_gain=60.2461 19.5578 13.258 11.9208 13.4754 11.2576
threshold=5.0150000000000006 0.074999999999999747 -0.15999999999999967 -2.4249999999999998 48.650000000000013 6.8333333333333348
decision_type=2 2 2 2 2 2
left_child=3 2 -2 -1 -5 -4
right_child=1 -3 5 4 -6 -7
leaf_value=-0.013505430010726849 0.0026448272394301166 -0.0044022365351786318 0.0064748325065265688 -0.010972494454812813 -8.80573529540982e-05 0.017473267117805173
leaf_weight=91.929381772875786 314.61524760723114 101.73788042366505 147.54626815021038 78.876502081751823 107.3335554599762 49.802578330039978
leaf_count=379 1289 416 631 318 433 213
internal_value=0.000104349 0.00360377 0.00519527 -0.00761548 -0.004702 0.00925782
internal_weight=891.841 613.702 511.964 278.139 186.21 197.349
internal_count=3679 2549 2133 1130 751 844
is_linear=0
shrinkage=0.02


Tree=37
num_leaves=7
num_cat=0
split_feature=7 91 75 92 0 90
split_gain=64.0145 21.9765 13.439 11.0098 10.5884 10.3778
threshold=25.100000000000005 -0.4999999999999995 28.750000000000004 -2.4100000000000001 5.5000000000000009 0.084999999999999978
decision_type=2 2 2 2 2 2
left_child=3 2 -2 -1 -4 -3
right_child=1 5 4 -5 -6 -7
leaf_value=-0.015458422446486722 -0.0073024299937959969 0.0078687418079305925 0.0041397463418675565 -0.0055757350586747977 -0.0043771032099889605 -0.0020866915373125862
leaf_weight=90.363874539732933 89.975697442889214 293.74115820229053 194.63633450865746 90.253083869814873 83.300661653280258 48.803177759051323
leaf_count=374 364 1248 791 364 336 202
internal_value=0.000102376 0.00280547 -0.000588745 -0.0105259 0.0015865 0.00645017
internal_weight=891.074 710.457 367.913 180.617 277.937 342.544
internal_count=3679 2941 1491 738 1127 1450
is_linear=0
shrinkage=0.02


Tree=38
num_leaves=7
num_cat=0
split_feature=6 91 61 91 67 63
split_gain=55.7994 14.6705 12.9495 11.2402 11.7351 12.2365
threshold=5.0150000000000006 -0.4999999999999995 6.8450000000000006 -2.4249999999999998 33.250000000000007 51.650000000000013
decision_type=2 2 2 2 2 2
left_child=3 2 -2 -1 -5 -6
right_child=1 -3 -4 4 5 -7
leaf_value=-0.013071790373035587 0.0017239544256555045 0.0062844449309425541 -0.01119901683640684 -0.0098952182317925373 0.0053643858036227067 -0.0092717977612031387
leaf_weight=91.522735193371773 241.78620477020741 335.3653102517128 35.478156223893166 86.487068086862564 64.293930172920227 35.31500156223774
leaf_count=379 982 1423 144 349 259 143
internal_value=0.000100383 0.00347098 6.69171e-05 -0.00733619 -0.0045099 0.00017123
internal_weight=890.248 612.63 277.264 277.619 186.096 99.6089
internal_count=3679 2549 1126 1130 751 402
is_linear=0
shrinkage=0.02


Tree=39
num_leaves=7
num_cat=0
split_feature=7 0 90 90 94 21
split_gain=59.6533 20.7397 19.8249 13.7867 13.7456 11.074
threshold=25.100000000000005 5.5000000000000009 0.095000000000000209 -0.015000000000000123 -12.699999999999999 48.150000000000013
decision_type=2 2 2 2 2 2
left_child=5 2 3 -2 -3 -1
right_child=1 4 -4 -5 -6 -7
leaf_value=-0.0048806673610097794 0.015322723713849018 -0.0083399012452785234 -0.0079066960180573381 0.0047948896394826562 0.0021317624474468818 -0.014825544161442879
leaf_weight=84.282100051641464 56.627436146140099 93.3199133425951 44.306509464979172 406.95600609481335 108.16296863555908 95.829360798001289
leaf_count=343 238 380 181 1695 447 395
internal_value=9.83952e-05 0.00270846 0.0048621 0.00608391 -0.00272008 -0.0101772
internal_weight=889.484 709.373 507.89 463.583 201.483 180.111
internal_count=3679 2941 2114 1933 827 738
is_linear=0
shrinkage=0.02


Tree=40
num_leaves=7
num_cat=0
split_feature=84 14 90 90 35 92
split_gain=51.7151 15.0264 16.7134 13.0993 12.0895 9.09738
threshold=3.5000000000000004 0.14500000000000005 0.10999999999999989 -1.0000000180025095e-35 6.4650000000000007 -1.7449999999999999
decision_type=2 2 2 2 2 2
left_child=1 -1 4 -2 -3 -5
right_child=3 2 -4 5 -6 -7
leaf_value=0.0087123265758503581 0.0031516492701022221 0.00096947363461540861 -0.012823651588228306 -0.011346752828090485 0.010909986397640568 -0.0040760723985406094
leaf_weight=150.97936289012432 46.628149569034576 321.18522828817368 30.75215508043766 163.47105044126511 57.641080737113953 119.14584767818451
leaf_count=643 190 1334 125 672 239 481
internal_value=-0.000373902 0.00332118 0.00133225 -0.00666409 0.00248447 -0.0082841
internal_weight=889.803 560.558 409.578 329.245 378.826 282.617
internal_count=3684 2341 1698 1343 1573 1153
is_linear=0
shrinkage=0.02


Tree=41
num_leaves=7
num_cat=0
split_feature=91 84 0 20 27 9
split_gain=54.6683 18.3024 12.0851 11.8487 9.54543 9.3085
threshold=-1.8699999999999997 2.5000000000000004 4.5000000000000009 34.050000000000004 0.19500000000000003 4.0750000000000011
decision_type=2 2 2 2 2 2
left_child=2 4 3 -1 -2 -4
right_child=1 -3 5 -5 -6 -7
leaf_value=0.0018450626400235274 0.0061007499099240345 -0.0013831208206157848 -0.022306194273337035 -0.012550025906429493 -0.0046454072549865508 -0.0094668995050064611
leaf_weight=48.438446417450905 350.19149722158909 319.17128875851631 40.986845001578331 43.195380851626396 36.436952233314514 50.761504709720612
leaf_count=198 1484 1293 172 178 152 207
internal_value=-0.000366669 0.00216138 -0.0100925 -0.00494694 0.00508706 -0.0152207
internal_weight=889.182 705.8 183.382 91.6338 386.628 91.7483
internal_count=3684 2929 755 376 1636 379
is_linear=0
shrinkage=0.02


Tree=42
num_leaves=7
num_cat=0
split_feature=7 95 0 67 90 20
split_gain=51.2276 21.0618 13.3358 15.0323 11.7023 11.1182
threshold=26.150000000000002 -1.0000000180025095e-35 5.5000000000000009 31.050000000000004 0.079999999999999641 51.550000000000004
decision_type=2 2 2 2 2 2
left_child=-1 2 4 -4 -2 -3
right_child=1 5 3 -5 -6 -7
leaf_value=-0.0092881206115984234 0.0032008316585943057 0.0066473414662039211 -0.017137846633687209 -0.0014075773404447804 -0.0095730709633237571 -0.0056183880097859127
leaf_weight=199.27705171704292 190.74874472618103 329.42816457152367 39.202646404504776 63.713841274380684 33.663073465228081 32.397788166999817
leaf_count=819 782 1396 159 258 136 134
internal_value=-0.000359767 0.00222294 -0.00145292 -0.00741032 0.00128126 0.00554782
internal_weight=888.431 689.154 327.328 102.916 224.412 361.826
internal_count=3684 2865 1335 417 918 1530
is_linear=0
shrinkage=0.02


Tree=43
num_leaves=7
num_cat=0
split_feature=91 14 90 0 20 0
split_gain=51.0946 18.7696 13.1041 11.6008 11.4187 10.7937
threshold=-1.8699999999999997 0.14500000000000005 0.050000000000000273 4.5000000000000009 34.050000000000004 3.5000000000000004
decision_type=2 2 2 2 2 2
left_child=3 -2 5 4 -1 -3
right_child=1 2 -4 -5 -6 -7
leaf_value=0.0019367437387023082 0.0076616301159488599 0.0053198935014511931 -0.0052696283804452076 -0.014810013044486406 -0.012209152155247122 -0.001309020438678964
leaf_weight=48.401777297258377 180.01987253129482 196.73849891126156 132.02520264685154 91.35386711359024 43.05592879652977 196.11010035872459
leaf_count=198 764 821 537 379 178 807
internal_value=-0.000352912 0.00209091 0.000179182 -0.00977191 -0.00472884 0.00201125
internal_weight=887.705 704.894 524.874 182.812 91.4577 392.849
internal_count=3684 2929 2165 755 376 1628
is_linear=0
shrinkage=0.02


Tree=44
num_leaves=7
num_cat=0
split_feature=7 6 46 90 55 24
split_gain=47.8435 15.7675 11.2956 10.9973 11.1329 8.15449
threshold=26.150000000000002 6.4050000000000011 48.250000000000007 0.069999999999999854 49.650000000000013 11.300000000000002
decision_type=2 2 2 2 2 2
left_child=-1 3 -3 5 -5 -2
right_child=1 2 -4 4 -6 -7
leaf_value=-0.0089867156986141901 0.0089103102857571448 0.0092447701612237976 -0.0017351929214800611 0.0010343885790155775 -0.013132117724360307 0.00044330174533678833
leaf_weight=198.77076976001263 52.518692761659622 161.97315357625484 48.712976410984993 43.356630176305771 45.320665940642357 336.32729770243168
leaf_count=819 217 694 205 176 184 1389
internal_value=-0.000346188 0.00215034 0.00670646 0.000139167 -0.00621238 0.00158888
internal_weight=886.98 688.209 210.686 477.523 88.6773 388.846
internal_count=3684 2865 899 1966 360 1606
is_linear=0
shrinkage=0.02


Tree=45
num_leaves=7
num_cat=0
split_feature=8 90 6 32 37 90
split_gain=45.8957 11.9194 8.70145 10.1013 8.90189 8.47409
threshold=47.050000000000004 0.074999999999999747 5.9050000000000011 4.2650000000000006 54.95000000000001 0.055000000000000167
decision_type=2 2 2 2 2 2
left_child=5 2 3 -2 -5 -1
right_child=1 -3 -4 4 -6 -7
leaf_value=-0.0048439930795052058 0.0091900197596333482 -0.0033279010221603624 0.0062732511437207086 -0.0056888749367435491 0.0035002359442870097 -0.012891880929712418
leaf_weight=176.13758732378483 47.315389856696129 103.0922779738903 307.06281445920467 87.337614431977272 81.358344256877899 74.503736019134521
leaf_count=722 195 422 1309 358 331 307
internal_value=-9.7276e-06 0.00288527 0.00411022 0.00103396 -0.00125772 -0.00724043
internal_weight=876.808 626.166 523.074 216.011 168.696 250.641
internal_count=3644 2615 2193 884 689 1029
is_linear=0
shrinkage=0.02


Tree=46
num_leaves=7
num_cat=0
split_feature=7 0 90 91 84 75
split_gain=45.5024 18.5749 11.9012 8.94411 8.94251 13.3139
threshold=27.450000000000003 3.5000000000000004 -0.015000000000000123 -0.22500000000000006 2.5000000000000004 29.500000000000004
decision_type=2 2 2 2 2 2
left_child=-1 2 -2 -4 -3 -6
right_child=1 4 3 -5 5 -7
leaf_value=-0.0079447310782654445 0.016510247844494914 0.0022281358951390796 0.0016439831754505834 0.0087511487376331163 -0.015276695354356084 -0.0010924320334990071
leaf_weight=217.25950093567371 37.795657142996788 181.15568535029888 170.8247787207365 120.96701490879059 34.406437322497368 113.72961483895779
leaf_count=895 161 764 701 523 139 461
internal_value=-9.53659e-06 0.00260783 0.00596365 0.00459236 -0.000751789 -0.00439499
internal_weight=876.139 658.879 329.587 291.792 329.292 148.136
internal_count=3644 2749 1385 1224 1364 600
is_linear=0
shrinkage=0.02


Tree=47
num_leaves=7
num_cat=0
split_feature=7 0 90 90 21 95
split_gain=43.9288 19.1118 18.9492 12.031 10.318 8.99738
threshold=25.100000000000005 5.5000000000000009 0.074999999999999747 -0.015000000000000123 48.150000000000013 -1.0000000180025095e-35
decision_type=2 2 2 2 2 2
left_child=4 2 3 -2 -1 -3
right_child=1 5 -4 -5 -6 -7
leaf_value=-0.0035745792986614571 0.014649340503847939 -0.0069366775953940323 -0.0049058925974744347 0.0046718063066002406 -0.013274749643578405 0.0015718567728558255
leaf_weight=80.050621569156647 55.603282272815704 106.76769119501114 75.175613567233086 367.70563520491123 97.193436145782471 92.894716024398804
leaf_count=328 236 433 308 1544 406 389
internal_value=-9.30237e-06 0.00224835 0.00434237 0.00598554 -0.00889824 -0.0029792
internal_weight=875.391 698.147 498.485 423.309 177.244 199.662
internal_count=3644 2910 2088 1780 734 822
is_linear=0
shrinkage=0.02


Tree=48
num_leaves=7
num_cat=0
split_feature=7 91 75 21 14 63
split_gain=42.2498 17.5044 10.1382 9.961 8.87198 8.61026
threshold=25.100000000000005 -0.17500000000000024 29.500000000000004 48.150000000000013 0.16500000000000004 60.95000000000001
decision_type=2 2 2 2 2 2
left_child=3 2 -2 -1 -4 -6
right_child=1 -3 4 -5 5 -7
leaf_value=-0.0035045991587115662 -0.005129447861414952 0.0065556906633884096 0.0041921615243918318 -0.013041793930366592 0.00039037331338774692 -0.01185140374027
leaf_weight=80.0184236317873 118.57861430943012 241.64483511447906 209.99701598286629 96.955138191580772 97.501289561390877 29.967292293906212
leaf_count=328 484 1044 864 406 396 122
internal_value=-9.1288e-06 0.00220492 -0.000101358 -0.00873398 0.00166641 -0.00249465
internal_weight=874.663 697.689 456.044 176.974 337.466 127.469
internal_count=3644 2910 1866 734 1382 518
is_linear=0
shrinkage=0.02


Tree=49
num_leaves=7
num_cat=0
split_feature=7 0 90 90 21 95
split_gain=40.6356 18.3348 18.2116 11.6176 9.61716 8.46964
threshold=25.100000000000005 5.5000000000000009 0.074999999999999747 -0.015000000000000123 48.150000000000013 -1.0000000180025095e-35
decision_type=2 2 2 2 2 2
left_child=4 2 3 -2 -1 -3
right_child=1 5 -4 -5 -6 -7
leaf_value=-0.0034359821562761446 0.014361503550591745 -0.0067967877919657459 -0.0048500815831728659 0.0045388280425236781 -0.012813411665471132 0.001461267597605497
leaf_weight=79.986394837498665 55.380784839391708 106.77035012841225 75.164195105433464 367.11661976575851 96.713798359036446 92.77578492462635
leaf_count=328 236 433 308 1544 406 389
internal_value=-9.00003e-06 0.00216235 0.00421584 0.00582947 -0.0085729 -0.00295853
internal_weight=873.908 697.208 497.662 422.497 176.7 199.546
internal_count=3644 2910 2088 1780 734 822
is_linear=0
shrinkage=0.02


Tree=50
num_leaves=7
num_cat=0
split_feature=84 0 20 23 35 20
split_gain=36.896 14.8358 12.463 12.0437 14.5828 10.0897
threshold=3.5000000000000004 5.5000000000000009 39.350000000000001 22.750000000000004 6.4050000000000011 48.750000000000007
decision_type=2 2 2 2 2 2
left_child=1 3 -3 -1 5 -5
right_child=-2 2 -4 4 -6 -7
leaf_value=-0.0012093781977492767 -0.0054721446687460073 0.0014903020140922046 -0.010807734890787892 0.0063080709983051068 0.015537939621389064 -0.0059129341653410836
leaf_weight=93.739026635885239 323.60227394104004 110.07493707537651 46.939223617315292 212.23833605647087 63.154834434390068 30.882776916027069
leaf_count=395 1331 455 195 902 269 129
internal_value=-0.000102108 0.003018 -0.00219072 0.00506257 0.00698193 0.00475389
internal_weight=880.631 557.029 157.014 400.015 306.276 243.121
internal_count=3676 2345 650 1695 1300 1031
is_linear=0
shrinkage=0.02


Tree=51
num_leaves=7
num_cat=0
split_feature=91 14 76 14 15 75
split_gain=35.5263 13.9183 12.5908 10.6626 10.4542 10.168
threshold=-0.89000000000000001 0.16500000000000004 26.200000000000006 0.14500000000000005 34.95000000000001 28.750000000000004
decision_type=2 2 2 2 2 2
left_child=1 2 -1 4 -2 -4
right_child=3 -3 5 -5 -6 -7
leaf_value=0.0098494052069547748 0.0041247087897787974 -0.0074243745143926379 -0.012439683412155298 0.0017054673572093042 0.015400561641686661 0.00022067532444463794
leaf_weight=39.779966756701469 88.983667463064194 242.7377702742815 33.696951180696487 320.91386052966118 52.174706250429153 101.81279149651527
leaf_count=162 385 999 137 1351 227 415
internal_value=-0.000100063 -0.00432418 -2.93049e-05 0.00372152 0.00830042 -0.0029344
internal_weight=880.1 418.027 175.29 462.072 141.158 135.51
internal_count=3676 1713 714 1963 612 552
is_linear=0
shrinkage=0.02


Tree=52
num_leaves=7
num_cat=0
split_feature=84 90 91 14 7 35
split_gain=34.5509 12.6197 11.4371 9.86161 9.49274 8.9604
threshold=3.5000000000000004 -1.0000000180025095e-35 -1.72 0.14500000000000005 17.550000000000004 4.0450000000000008
decision_type=2 2 2 2 2 2
left_child=2 -2 -1 -4 -3 -6
right_child=1 4 3 -5 5 -7
leaf_value=-0.0089507553279292544 0.0042711050663609071 -0.014723801098608508 0.0080783132781088278 0.001933875810337175 -0.013545585793550991 -0.0032628078980670907
leaf_weight=30.564683839678764 47.044805914163589 50.880848854780197 143.78944529592991 381.86637960374355 41.493017479777336 183.84581780433655
leaf_count=124 193 216 623 1598 170 752
internal_value=-9.80754e-05 -0.00529697 0.00292383 0.00361586 -0.00692753 -0.00516141
internal_weight=879.485 323.264 556.221 525.656 276.22 225.339
internal_count=3676 1331 2345 2221 1138 922
is_linear=0
shrinkage=0.02


Tree=53
num_leaves=7
num_cat=0
split_feature=84 90 91 14 92 46
split_gain=33.2106 12.1327 10.9935 9.50722 8.75215 9.36465
threshold=3.5000000000000004 -1.0000000180025095e-35 -1.72 0.14500000000000005 -2.4100000000000001 45.050000000000004
decision_type=2 2 2 2 2 2
left_child=2 -2 -1 -4 -3 -6
right_child=1 4 3 -5 5 -7
leaf_value=-0.0087778327900197885 0.0041854274255178356 -0.011227174127154528 0.0079338590951374896 0.0018958897512415327 -0.001167102012034651 -0.012009930176879185
leaf_weight=30.545632034540176 47.049674570560455 108.23878456652164 143.48423777520657 381.73048302531242 125.0763638317585 42.66396102309227
leaf_count=124 193 456 623 1598 508 174
internal_value=-9.6257e-05 -0.00519509 0.00286778 0.00354661 -0.00679524 -0.00393044
internal_weight=878.789 323.029 555.76 525.215 275.979 167.74
internal_count=3676 1331 2345 2221 1138 682
is_linear=0
shrinkage=0.02


Tree=54
num_leaves=7
num_cat=0
split_feature=6 92 21 67 0 76
split_gain=28.8688 14.201 11.9063 10.4942 10.0396 9.39194
threshold=5.6650000000000009 -2.3349999999999995 70.15000000000002 30.950000000000003 2.5000000000000004 34.95000000000001
decision_type=2 2 2 2 2 2
left_child=1 4 -2 -3 -1 -5
right_child=2 3 -4 5 -6 -7
leaf_value=-0.00095816877205166101 0.0045324299100943377 -0.0064970002292506135 -0.0066472849668608551 0.0070380217776543665 -0.012027277563715586 -0.0021207118693966917
leaf_weight=47.252087607979774 403.62623856961727 94.286283105611801 41.98745197057724 76.815234959125519 107.01929840445518 107.13585065305233
leaf_count=197 1722 384 175 313 449 436
internal_value=-9.44455e-05 -0.00377486 0.00347778 -0.00107536 -0.00863972 0.00170558
internal_weight=878.122 432.509 445.614 278.237 154.271 183.951
internal_count=3676 1779 1897 1133 646 749
is_linear=0
shrinkage=0.02


Tree=55
num_leaves=7
num_cat=0
split_feature=84 11 90 90 68 92
split_gain=32.0059 13.1244 11.9651 11.5507 9.4782 9.20792
threshold=3.5000000000000004 60.750000000000007 -1.0000000180025095e-35 0.06000000000000006 35.850000000000001 -2.3349999999999995
decision_type=2 2 2 2 2 2
left_child=1 4 -2 -3 -1 -4
right_child=2 3 5 -5 -6 -7
leaf_value=-0.010825152931999482 0.0043062273860379084 0.0083805153737019442 -0.011163648087732236 -0.0019046629755540814 0.0011479203320388961 -0.003685685885722237
leaf_weight=29.242192670702934 46.048085331916809 200.53829531371593 110.44630049169064 55.787537574768066 267.92466636002064 163.34997743368149
leaf_count=122 189 866 467 232 1117 664
internal_value=-8.33014e-05 0.00282707 -0.00511902 0.00614215 -3.35145e-05 -0.00670519
internal_weight=873.337 553.493 319.844 256.326 297.167 273.796
internal_count=3657 2337 1320 1098 1239 1131
is_linear=0
shrinkage=0.02


Tree=56
num_leaves=7
num_cat=0
split_feature=91 91 11 27 94 23
split_gain=34.3364 12.3003 10.2467 8.63409 8.42141 8.4065
threshold=-0.50499999999999978 -2.0949999999999993 60.95000000000001 0.18500000000000003 3.3000000000000012 43.350000000000001
decision_type=2 2 2 2 2 2
left_child=1 -1 -2 5 -3 -4
right_child=2 4 3 -5 -6 -7
leaf_value=-0.0084383319668711442 0.0010560458263915995 -0.00052676484431981782 0.012900880990828511 -0.0022458612556610284 -0.010516947797206067 0.0029976328489970316
leaf_weight=136.79177564382553 155.9386767745018 355.44460885226727 109.29383666813374 27.970033600926399 37.194662243127823 50.045391708612442
leaf_count=580 665 1444 478 120 152 218
internal_value=-8.17111e-05 -0.00327583 0.00484446 0.00799615 -0.00147557 0.00979429
internal_weight=872.679 529.431 343.248 187.309 392.639 159.339
internal_count=3657 2176 1481 816 1596 696
is_linear=0
shrinkage=0.02


Tree=57
num_leaves=7
num_cat=0
split_feature=84 90 90 9 67 24
split_gain=29.873 11.4912 11.0949 14.7637 8.88755 8.98179
threshold=3.5000000000000004 -1.0000000180025095e-35 0.06000000000000006 6.2250000000000005 26.850000000000005 60.95000000000001
decision_type=2 2 2 2 2 2
left_child=2 -2 3 4 -1 -6
right_child=1 -3 -4 -5 5 -7
leaf_value=-0.0057896892169027325 0.0042889395583232265 -0.0065054076650645533 -0.0026730240209444016 0.0087329391535814604 0.0052241403925662924 -0.0053791217273355917
leaf_weight=56.748908072710037 46.028153911232948 273.3322516232729 119.03686393797398 173.60602883994579 163.63267873227596 39.618044227361679
leaf_count=238 189 1131 491 757 685 166
internal_value=-8.01077e-05 -0.00494881 0.0027338 0.00421839 0.00120176 0.0031557
internal_weight=872.003 319.36 552.643 433.606 260 203.251
internal_count=3657 1320 2337 1846 1089 851
is_linear=0
shrinkage=0.02


Tree=58
num_leaves=7
num_cat=0
split_feature=91 90 0 9 11 27
split_gain=32.1651 15.7455 14.6766 10.9077 9.66588 8.32851
threshold=-0.50499999999999978 0.055000000000000167 5.5000000000000009 4.495000000000001 60.95000000000001 0.18500000000000003
decision_type=2 2 2 2 2 2
left_child=1 2 -1 -4 -2 -6
right_child=4 -3 3 -5 5 -7
leaf_value=0.0016039504634769819 0.0010188516636969699 -0.009008090694653444 -0.014755561168005225 -0.0025049970269032324 0.0095391628616415588 -0.002293813244814286
leaf_weight=261.52138936519623 155.85311481356621 136.8527155816555 43.603644356131554 87.000050753355026 158.62713916599751 27.947259947657585
leaf_count=1077 665 563 183 353 696 120
internal_value=-7.85193e-05 -0.00316988 -0.00113055 -0.00660316 0.0046965 0.0077664
internal_weight=871.405 528.978 392.125 130.604 342.428 186.574
internal_count=3657 2176 1613 536 1481 816
is_linear=0
shrinkage=0.02


Tree=59
num_leaves=7
num_cat=0
split_feature=91 90 0 68 94 11
split_gain=30.9241 15.1402 14.1074 12.1316 12.3021 9.32106
threshold=-0.50499999999999978 0.055000000000000167 5.5000000000000009 45.550000000000004 -12.999999999999996 60.95000000000001
decision_type=2 2 2 2 2 2
left_child=1 2 -1 -4 -5 -2
right_child=5 -3 3 4 -6 -7
leaf_value=0.0015719750378975998 0.00099873133320376069 -0.0088358283976082072 -0.01629732081134173 -0.0078449827349412419 0.007412583177971185 0.0076286986562673666
leaf_weight=261.50633743405342 155.81547391414642 136.73352047801018 36.225398406386375 62.435350105166435 31.838850453495979 186.15061497688293
leaf_count=1077 665 563 149 258 129 816
internal_value=-7.70292e-05 -0.00310802 -0.00110839 -0.00647664 -0.00268971 0.00460896
internal_weight=870.706 528.739 392.006 130.5 94.2742 341.966
internal_count=3657 2176 1613 536 387 1481
is_linear=0
shrinkage=0.02


Tree=60
num_leaves=7
num_cat=0
split_feature=91 14 60 48 9 47
split_gain=37.3537 12.0049 10.2824 9.87442 9.8415 9.07913
threshold=-1.72 0.14500000000000005 44.350000000000001 6.495000000000001 4.0750000000000011 40.550000000000004
decision_type=2 2 2 2 2 2
left_child=3 2 -2 4 -1 -6
right_child=1 -3 -4 -5 5 -7
leaf_value=-0.010981675009143391 0.014903464525057926 0.00063722054371003368 0.0038233419039097804 -0.017683876711489833 -0.0095050870464639878 0.0031396661395503549
leaf_weight=76.849056154489517 45.660719305276871 491.5012531876564 125.47796711325645 32.101652413606644 35.456976339221001 62.791608050465584
leaf_count=331 199 2047 542 135 146 258
internal_value=-9.15166e-05 0.00222618 0.00678655 -0.0075012 -0.00562532 -0.00142873
internal_weight=869.839 662.64 171.139 207.199 175.098 98.2486
internal_count=3658 2788 741 870 735 404
is_linear=0
shrinkage=0.02


Tree=61
num_leaves=7
num_cat=0
split_feature=7 16 6 61 22 24
split_gain=36.2738 10.9106 9.77574 7.79089 7.54259 8.36347
threshold=26.150000000000002 47.550000000000004 6.4050000000000011 6.7950000000000008 6.495000000000001 54.250000000000007
decision_type=2 2 2 2 2 2
left_child=1 -1 3 -2 5 -4
right_child=2 -3 4 -5 -6 -7
leaf_value=-0.014057287681296594 0.0012639849486758723 -0.0041545504736652753 0.0045397110129028508 -0.0082003695254140602 -0.00035708446261055482 0.014462870146130954
leaf_weight=69.692710056900978 433.19365905225277 123.18787547945976 93.765938773751259 37.728583961725235 58.268078744411469 53.311401560902596
leaf_count=294 1797 517 411 155 251 233
internal_value=-8.98127e-05 -0.00773809 0.0020924 0.000504155 0.00573273 0.00814396
internal_weight=869.148 192.881 676.268 470.922 205.345 147.077
internal_count=3658 811 2847 1952 895 644
is_linear=0
shrinkage=0.02


Tree=62
num_leaves=7
num_cat=0
split_feature=7 90 20 14 16 90
split_gain=34.8839 12.8825 11.1515 11.3153 10.532 7.39396
threshold=26.150000000000002 0.074999999999999747 53.800000000000004 0.14500000000000005 47.550000000000004 -0.015000000000000123
decision_type=2 2 2 2 2 2
left_child=4 2 3 -2 -1 -5
right_child=1 -3 -4 5 -6 -7
leaf_value=-0.013813409197946156 0.0089674052157553454 -0.004145063439468093 -0.0085852169836559654 0.0086639611657132014 -0.0040744944962382802 0.0011037690230074942
leaf_weight=69.508318483829498 134.32655055820942 111.8824822306633 29.901459410786629 60.982534974813461 123.09898567199707 338.79357452690601
leaf_count=294 588 460 124 258 517 1417
internal_value=-8.80861e-05 0.0020518 0.0032816 0.00394744 -0.00759443 0.00225889
internal_weight=868.494 675.887 564.004 534.103 192.607 399.776
internal_count=3658 2847 2387 2263 811 1675
is_linear=0
shrinkage=0.02


Tree=63
num_leaves=7
num_cat=0
split_feature=8 90 14 53 21 74
split_gain=30.4555 11.3658 9.29226 9.72633 9.02352 10.9882
threshold=47.050000000000004 0.06000000000000006 0.14500000000000005 0.14500000000000005 45.550000000000004 4.4050000000000011
decision_type=2 2 2 2 2 2
left_child=4 2 -2 -4 5 -1
right_child=1 -3 3 -5 -6 -7
leaf_value=0.0057759557741630923 0.0082448262127590797 -0.0030241585296218792 -0.0050017768746974519 0.0035393260266766238 -0.0091051146584252805 -0.0076912267861230753
leaf_weight=46.207523614168167 129.87148052453995 128.35177476704121 64.85979038476944 297.99112121760845 149.77751959860325 50.746288269758224
leaf_count=190 571 529 272 1254 632 210
internal_value=-8.64047e-05 0.00227514 0.00365592 0.00201164 -0.00602943 -0.00127352
internal_weight=867.805 621.074 492.722 362.851 246.731 96.9538
internal_count=3658 2626 2097 1526 1032 400
is_linear=0
shrinkage=0.02


Tree=64
num_leaves=7
num_cat=0
split_feature=7 90 20 14 16 54
split_gain=32.5529 11.9997 10.724 10.5731 10.1729 7.75302
threshold=26.150000000000002 0.074999999999999747 53.800000000000004 0.14500000000000005 47.550000000000004 33.150000000000013
decision_type=2 2 2 2 2 2
left_child=4 2 3 -2 -1 -3
right_child=1 5 -4 -5 -6 -7
leaf_value=-0.013474087694596728 0.0086910888832631705 0.0011378382794309326 -0.0084634486014792537 0.0021948731415256445 -0.0038868092072783596 -0.0093854324571238067
leaf_weight=69.223101139068604 133.72965615987778 57.3775644749403 29.90990774333477 399.47150622308254 122.85164828598499 54.568749114871025
leaf_count=294 588 236 124 1675 517 224
internal_value=-8.475e-05 0.00198244 0.00317136 0.00382548 -0.00734725 -0.00399558
internal_weight=867.132 675.057 563.111 533.201 192.075 111.946
internal_count=3658 2847 2387 2263 811 460
is_linear=0
shrinkage=0.02


Tree=65
num_leaves=7
num_cat=0
split_feature=0 6 19 94 20 25
split_gain=26.1998 17.1281 13.2187 13.2019 17.0847 9.32129
threshold=5.5000000000000009 4.2750000000000012 4.995000000000001 -12.449999999999998 27.050000000000004 6.9050000000000011
decision_type=2 2 2 2 2 2
left_child=1 2 -1 -2 -5 -3
right_child=3 5 -4 4 -6 -7
leaf_value=0.0025541680699563969 -0.0089894108211806666 0.002746059907680089 -0.015256330803448927 0.0089192052355980423 -0.0062659684216156133 0.01052589388167979
leaf_weight=31.200790852308273 146.00877207517624 461.19473047554493 35.626026794314384 49.856819942593575 72.760374292731285 71.027941405773163
leaf_count=130 610 1952 155 208 304 302
internal_value=0.000260355 0.00258755 -0.00694939 -0.00492843 -8.93573e-05 0.0037861
internal_weight=867.675 599.049 66.8268 268.626 122.617 532.223
internal_count=3661 2539 285 1122 512 2254
is_linear=0
shrinkage=0.02


Tree=66
num_leaves=7
num_cat=0
split_feature=0 7 68 92 55 8
split_gain=25.1749 18.746 11.4146 11.0833 7.59682 9.46629
threshold=5.5000000000000009 24.750000000000004 41.250000000000007 -0.084999999999999951 54.350000000000001 46.350000000000001
decision_type=2 2 2 2 2 2
left_child=1 -1 -2 4 5 -4
right_child=2 -3 3 -5 -6 -7
leaf_value=-0.0053895738670785773 -0.013890107192457179 0.0041172617210482546 -0.0090216917004941298 0.0058828207533002663 -0.012024605357133161 0.0019143666527787193
leaf_weight=99.409800827503204 46.00095671415329 499.17182518541813 54.593124434351921 45.163048073649406 47.669794514775276 75.115182220935822
leaf_count=420 193 2119 231 191 198 309
internal_value=0.000255293 0.00253777 -0.00483141 -0.00295351 -0.00520542 -0.00269193
internal_weight=867.124 598.582 268.542 222.541 177.378 129.708
internal_count=3661 2539 1122 929 738 540
is_linear=0
shrinkage=0.02


Tree=67
num_leaves=7
num_cat=0
split_feature=0 7 94 20 84 94
split_gain=24.1959 18.0199 12.448 16.34 9.2832 8.94029
threshold=5.5000000000000009 24.750000000000004 -12.449999999999998 27.050000000000004 2.5000000000000004 -26.649999999999995
decision_type=2 2 2 2 2 2
left_child=1 5 -2 -4 -5 -1
right_child=2 -3 3 4 -6 -7
leaf_value=-0.012077839299578001 -0.0086857259820074216 0.0040380924042087993 0.0087794962474169978 0.0013872248009773169 -0.012896397765540848 1.0403290245992957e-05
leaf_weight=43.466350972652435 145.78147837519646 498.78512850403786 49.78904165327549 34.812093123793602 38.001066848635674 55.840460821986198
leaf_count=187 610 2119 208 149 155 233
internal_value=0.000250316 0.00248907 -0.0047378 -4.02188e-05 -0.00607484 -0.00528742
internal_weight=866.476 598.092 268.384 122.602 72.8132 99.3068
internal_count=3661 2539 1122 512 304 420
is_linear=0
shrinkage=0.02


Tree=68
num_leaves=7
num_cat=0
split_feature=84 90 35 90 41 4
split_gain=22.1062 11.0817 13.8543 8.86485 10.0274 9.82611
threshold=3.5000000000000004 0.06000000000000006 6.4050000000000011 0.055000000000000167 34.95000000000001 6.7458333333333345
decision_type=2 2 2 2 2 2
left_child=1 2 -1 5 -5 -2
right_child=3 -3 -4 4 -6 -7
leaf_value=0.0024538312046030863 -0.0052447385300670255 -0.0027911244135720055 0.011687829387716082 -0.014379681526500206 -0.00057888084863592091 0.0032022141431533079
leaf_weight=350.89751854538918 136.73424352705479 116.27448132634163 79.692935109138489 56.557608291506767 33.531112655997276 92.119030207395554
leaf_count=1506 569 481 345 237 141 382
internal_value=0.000245451 0.00268587 0.00416516 -0.00393848 -0.00924935 -0.00184472
internal_weight=865.807 546.865 430.59 318.942 90.0887 228.853
internal_count=3661 2332 1851 1329 378 951
is_linear=0
shrinkage=0.02


Tree=69
num_leaves=7
num_cat=0
split_feature=84 90 35 90 77 79
split_gain=21.2453 10.6535 13.3662 8.53702 11.1012 12.52
threshold=3.5000000000000004 0.06000000000000006 6.4050000000000011 0.055000000000000167 6.7250000000000005 0.15500000000000003
decision_type=2 2 2 2 2 2
left_child=1 2 -1 4 -2 -6
right_child=3 -3 -4 -5 5 -7
leaf_value=0.0024060931928890318 -0.0059180570863140367 -0.0027343923932753073 0.011486763965329907 -0.0090786542298283805 -0.00724616350362763 0.0075285899166084719
leaf_weight=350.7062359303236 122.27470062673092 116.31481778621674 79.47013995051384 89.952118724584579 33.289981454610825 73.254314705729485
leaf_count=1506 509 481 345 378 138 304
internal_value=0.000240691 0.00263406 0.00408592 -0.00386196 -0.00180813 0.00290972
internal_weight=865.262 546.491 430.176 318.771 228.819 106.544
internal_count=3661 2332 1851 1329 951 442
is_linear=0
shrinkage=0.02


Tree=70
num_leaves=7
num_cat=0
split_feature=14 0 56 9 42 62
split_gain=20.6389 14.1784 10.3489 12.1238 8.9499 8.79927
threshold=0.16500000000000004 3.5000000000000004 2.5000000000000004 4.0750000000000011 56.750000000000007 30.350000000000005
decision_type=2 2 2 2 2 2
left_child=1 -1 3 -2 -5 -3
right_child=2 5 -4 4 -6 -7
leaf_value=0.0060940457052650219 -0.0084413278705708274 -0.004506809515817607 -0.011175555780045072 0.0022330449421346507 -0.0078810637311097949 0.0028930850174562549
leaf_weight=241.55948349833488 87.838161513209343 123.26427084207535 60.325706645846367 183.64185544848442 43.130329236388206 134.10300748050213
leaf_count=1041 377 520 253 764 179 565
internal_value=-4.92441e-05 0.00261502 -0.00359433 -0.00213756 0.000306793 -0.000651417
internal_weight=873.863 498.927 374.936 314.61 226.772 257.367
internal_count=3699 2126 1573 1320 943 1085
is_linear=0
shrinkage=0.02


Tree=71
num_leaves=7
num_cat=0
split_feature=91 14 71 91 94 36
split_gain=22.5411 14.9935 11.2289 10.5313 11.5884 7.81915
threshold=-0.50499999999999978 0.14500000000000005 1.7750000000000001 -2.3849999999999998 3.2500000000000004 15.500000000000002
decision_type=2 2 2 2 2 2
left_child=2 -2 -1 -4 5 -5
right_child=1 -3 3 4 -6 -7
leaf_value=0.0072562182509281906 0.010212965868826833 0.0011338858576154943 -0.0098795219146875484 -0.01042202521204953 -0.012920355145684442 -0.00017887344498469617
leaf_weight=42.593997180461884 106.53882126510143 229.09414981305599 84.082182064652443 32.552052244544029 36.101038187742233 342.44180610775948
leaf_count=177 482 987 369 133 148 1403
internal_value=-4.83186e-05 0.00401801 -0.00258647 -0.00343441 -0.00211409 -0.00107059
internal_weight=873.404 335.633 537.771 495.177 411.095 374.994
internal_count=3699 1469 2230 2053 1684 1536
is_linear=0
shrinkage=0.02


Tree=72
num_leaves=7
num_cat=0
split_feature=91 90 0 25 79 91
split_gain=21.6699 14.1375 15.8527 12.3223 11.8509 12.2116
threshold=-0.50499999999999978 0.050000000000000273 4.5000000000000009 6.9050000000000011 0.14500000000000005 -1.6899999999999997
decision_type=2 2 2 2 2 2
left_child=1 2 3 -1 -4 -6
right_child=-2 -3 4 -5 5 -7
leaf_value=0.0009947190555488429 0.0039428595031139229 -0.0078833385920216454 -0.016589131257679295 0.014452611964837549 -0.00970661003541466 0.0023969354015660328
leaf_weight=195.16119129955769 335.20473289489746 144.47659903764725 30.108601093292236 31.527795657515526 57.826853036880493 78.495726019144058
leaf_count=808 1469 601 124 131 248 318
internal_value=-4.73954e-05 -0.00253569 -0.000568853 0.00287198 -0.00525439 -0.00274063
internal_weight=872.801 537.597 393.12 226.689 166.431 136.323
internal_count=3699 2230 1629 939 690 566
is_linear=0
shrinkage=0.02


Tree=73
num_leaves=7
num_cat=0
split_feature=91 14 90 0 25 79
split_gain=20.8315 14.4982 13.5939 15.237 11.8425 11.3808
threshold=-0.50499999999999978 0.14500000000000005 0.050000000000000273 4.5000000000000009 6.9050000000000011 0.14500000000000005
decision_type=2 2 2 2 2 2
left_child=2 -2 3 4 -1 -5
right_child=1 -3 -4 5 -6 -7
leaf_value=0.0009748853621055466 0.009977860929088209 0.0010337959500300519 -0.0077331633206420428 -0.016262421927132585 0.014170677932635449 -0.0026887751516290427
leaf_weight=195.15117064118385 106.03565520048141 228.7981181293726 144.3399655520916 30.101285547018051 31.514083623886108 136.18272270262241
leaf_count=808 482 987 601 124 131 566
internal_value=-4.65205e-05 0.00386835 -0.0024865 -0.00055779 0.00281498 -0.00515422
internal_weight=872.123 334.834 537.289 392.949 226.665 166.284
internal_count=3699 1469 2230 1629 939 690
is_linear=0
shrinkage=0.02


Tree=74
num_leaves=7
num_cat=0
split_feature=91 90 0 25 45 79
split_gain=20.0261 13.0731 14.6377 11.3826 11.0992 10.937
threshold=-0.50499999999999978 0.050000000000000273 4.5000000000000009 6.9050000000000011 3.9650000000000003 0.14500000000000005
decision_type=2 2 2 2 2 2
left_child=1 2 3 4 -1 -4
right_child=-2 -3 5 -5 -6 -7
leaf_value=0.011538563592889121 0.0037959092377379752 -0.0075859233274893148 -0.01594403969360797 0.013895390313576237 -0.0011925399857047167 -0.0026354966852610512
leaf_weight=32.850393861532211 334.41441589593887 144.20206001400948 30.090424045920372 31.497796580195427 162.29087138175964 136.15930069983006
leaf_count=136 1469 601 124 131 672 566
internal_value=-4.5594e-05 -0.00243773 -0.000546738 0.00275915 0.000955447 -0.00505242
internal_weight=871.505 537.091 392.889 226.639 195.141 166.25
internal_count=3699 2230 1629 939 808 690
is_linear=0
shrinkage=0.02


Tree=75
num_leaves=7
num_cat=0
split_feature=7 0 92 45 93 9
split_gain=25.0644 15.1479 7.82349 7.78256 8.35591 7.64706
threshold=25.100000000000005 3.5000000000000004 -2.4100000000000001 6.8950000000000005 2.7500000000000004 6.6650000000000009
decision_type=2 2 2 2 2 2
left_child=2 5 -1 4 -3 -2
right_child=1 3 -4 -5 -6 -7
leaf_value=-0.011448610303363109 0.0026499194395210187 0.00036960272393437221 -0.0030000077057642988 -0.011437282753884614 -0.010692456184753615 0.0096325010236062349
leaf_weight=85.277018502354622 260.3852893859148 287.56484192609787 90.318742111325264 29.298215508460999 30.079774424433708 82.60726623237133
leaf_count=379 1102 1206 373 122 126 369
internal_value=-0.000363171 0.00135404 -0.0071072 -0.00159234 -0.000680969 0.00433394
internal_weight=865.531 689.935 175.596 346.943 317.645 342.993
internal_count=3677 2925 752 1454 1332 1471
is_linear=0
shrinkage=0.02


Tree=76
num_leaves=7
num_cat=0
split_feature=7 0 75 11 16 72
split_gain=24.1156 14.5641 9.29062 11.3215 10.1289 8.87551
threshold=25.100000000000005 3.5000000000000004 29.500000000000004 48.45000000000001 51.150000000000013 32.95000000000001
decision_type=2 2 2 2 2 2
left_child=-1 -2 4 -4 -3 -5
right_child=1 2 3 5 -6 -7
leaf_value=-0.0069786084353587463 0.0042519454443118053 -0.012766059548392 -0.0060267437065679996 0.0090872435686922947 0.00045762769623304165 -0.00019987901845238296
leaf_weight=175.26372154057026 342.62666057050228 52.40398782491684 75.880471438169479 64.833146378397942 41.457745492458344 112.42261129617691
leaf_count=752 1471 220 313 274 173 474
internal_value=-0.000356228 0.00132758 -0.00156035 0.000433025 -0.00693102 0.00320019
internal_weight=864.888 689.625 346.998 253.136 93.8617 177.256
internal_count=3677 2925 1454 1061 393 748
is_linear=0
shrinkage=0.02


Tree=77
num_leaves=7
num_cat=0
split_feature=7 0 49 48 58 11
split_gain=23.1946 13.9998 9.15693 11.5717 9.26648 8.7714
threshold=25.100000000000005 3.5000000000000004 38.050000000000004 5.1050000000000013 4.7950000000000008 62.95000000000001
decision_type=2 2 2 2 2 2
left_child=-1 -2 3 4 -3 -4
right_child=1 2 5 -5 -6 -7
leaf_value=-0.0068497424101020893 0.0041707299793650654 0.0043143371457440259 -0.0096303036741812922 0.009114185248510041 -0.0056517717516155379 0.00065082977778076895
leaf_weight=174.99440222978592 342.31765814125538 62.223560318350792 82.92654974758625 53.626328244805336 92.930872827768326 55.282187968492508
leaf_count=752 1471 262 343 224 388 237
internal_value=-0.000349351 0.00130166 -0.00152917 0.00111435 -0.00165473 -0.00552045
internal_weight=864.302 689.307 346.989 208.781 155.154 138.209
internal_count=3677 2925 1454 874 650 580
is_linear=0
shrinkage=0.02


Tree=78
num_leaves=7
num_cat=0
split_feature=6 90 92 23 75 0
split_gain=20.0567 9.57422 9.0759 8.78302 10.5272 8.44444
threshold=5.3450000000000006 -1.0000000180025095e-35 -2.0549999999999997 41.45000000000001 34.850000000000001 2.5000000000000004
decision_type=2 2 2 2 2 2
left_child=1 -1 -3 4 -4 -2
right_child=5 2 3 -5 -6 -7
leaf_value=0.0041752818403990267 0.0052656581956620485 -0.0092444536773015548 -0.0009407297655764041 0.0076112104470100672 -0.013987612058153655 6.9815441867685692e-05
leaf_weight=47.579753309488297 205.61912135779858 136.78462952375412 90.922777339816093 29.587615057826042 33.892159223556519 319.34521077573299
leaf_count=197 899 593 371 121 138 1358
internal_value=-0.000342586 -0.0041358 -0.00549479 -0.00216914 -0.00449183 0.00210555
internal_weight=863.731 338.767 291.187 154.403 124.815 524.964
internal_count=3677 1420 1223 630 509 2257
is_linear=0
shrinkage=0.02


Tree=79
num_leaves=7
num_cat=0
split_feature=7 91 60 58 76 20
split_gain=21.7369 10.2356 12.1693 8.02451 8.82184 8.78132
threshold=25.100000000000005 -0.17500000000000024 21.350000000000005 4.3350000000000009 12.750000000000002 32.050000000000004
decision_type=2 2 2 2 2 2
left_child=-1 2 -2 -4 -5 -6
right_child=1 -3 3 4 5 -7
leaf_value=-0.0066394017328334385 -0.012203410888389228 0.0046650238866555943 0.0064360253582233795 0.0056003754521712634 -0.0071559619327538427 0.00022764392375909944
leaf_weight=174.47813029587269 32.786169201135635 233.5013644695282 73.352464929223061 68.369876533746719 100.05731076002121 180.5989782512188
leaf_count=752 135 1044 303 283 413 747
internal_value=-0.000336 0.00126174 -0.000484798 0.000427506 -0.000836746 -0.00240631
internal_weight=863.144 688.666 455.165 422.379 349.026 280.656
internal_count=3677 2925 1881 1746 1443 1160
is_linear=0
shrinkage=0.02


Tree=80
num_leaves=7
num_cat=0
split_feature=8 95 20 21 74 63
split_gain=16.5968 9.58841 9.50337 8.90538 7.92896 6.4152
threshold=33.500000000000007 -1.0000000180025095e-35 51.550000000000004 48.850000000000001 1.5100000000000002 23.800000000000004
decision_type=2 2 2 2 2 2
left_child=3 4 5 -1 -2 -3
right_child=1 2 -4 -5 -6 -7
leaf_value=-0.0012042306965203762 0.0050356050579907028 -0.0005772235361964815 -0.0065491115952056068 -0.014942995306049582 -0.0020939031170494091 0.0061344006485617398
leaf_weight=35.192732527852058 75.846563667058945 73.290553718805313 33.377314537763596 40.641262799501419 349.65318216383457 255.39842191338539
leaf_count=152 315 321 140 184 1452 1116
internal_value=0.000352647 0.00121347 0.00360531 -0.00857715 -0.000822163 0.00463813
internal_weight=863.4 787.566 362.066 75.834 425.5 328.689
internal_count=3680 3344 1577 336 1767 1437
is_linear=0
shrinkage=0.02


Tree=81
num_leaves=7
num_cat=0
split_feature=14 8 81 0 15 47
split_gain=18.9482 10.062 9.16507 10.4899 8.57084 8.99676
threshold=0.15500000000000003 52.95000000000001 52.850000000000001 2.5000000000000004 37.150000000000013 59.050000000000004
decision_type=2 2 2 2 2 2
left_child=2 4 3 -1 5 -2
right_child=1 -3 -4 -5 -6 -7
leaf_value=0.012352212498746214 -0.0044537298189777806 0.00097079228364637174 -0.00035618245435117764 0.0031785148425236926 0.0009368965469637332 -0.014440846703860803
leaf_weight=78.563349008560181 156.70171999931335 243.00348465144634 120.40800541639328 136.43977122008801 80.871274337172508 46.840368077158928
leaf_count=347 660 1029 520 584 340 200
internal_value=0.000345789 -0.00201765 0.00406168 0.00653482 -0.00457043 -0.00675799
internal_weight=862.828 527.417 335.411 215.003 284.413 203.542
internal_count=3680 2229 1451 931 1200 860
is_linear=0
shrinkage=0.02


Tree=82
num_leaves=7
num_cat=0
split_feature=91 92 42 0 36 45
split_gain=16.7244 7.9908 9.64018 8.58217 8.85228 9.1105
threshold=-2.0949999999999993 -0.149999999999999 57.050000000000004 4.5000000000000009 48.850000000000001 4.3650000000000011
decision_type=2 2 2 2 2 2
left_child=-1 3 -3 4 5 -2
right_child=1 2 -4 -5 -6 -7
leaf_value=-0.0061408134876766241 0.0074947258311938141 0.0069605053892988905 -0.0039206979129983791 -0.0028348888156937376 0.009702715090148294 -0.0013879761162543427
leaf_weight=134.37968631088734 61.056397557258606 167.61025579273701 40.347150608897209 216.15101769566536 54.119654387235641 188.59280771017075
leaf_count=592 257 736 176 894 230 795
internal_value=0.000339108 0.0015361 0.0048485 0.00021053 0.00237776 0.000786586
internal_weight=862.257 727.877 207.957 519.92 303.769 249.649
internal_count=3680 3088 912 2176 1282 1052
is_linear=0
shrinkage=0.02


Tree=83
num_leaves=7
num_cat=0
split_feature=14 46 11 74 33 0
split_gain=18.0129 10.1872 11.8621 12.0333 10.1968 9.92534
threshold=0.15500000000000003 34.250000000000007 48.45000000000001 3.0200000000000005 23.850000000000005 3.5000000000000004
decision_type=2 2 2 2 2 2
left_child=-1 2 5 -4 -5 -2
right_child=1 -3 3 4 -6 -7
leaf_value=0.0039589658652908087 0.0022663288435390084 -0.0051874213469762414 0.014119442620360356 0.011068056045479262 -0.0026003617016648627 -0.007993903150007706
leaf_weight=334.85692140460014 67.320975705981255 225.43392904102802 38.177072793245316 29.845369726419449 80.483368635177612 85.547214776277542
leaf_count=1451 283 954 162 127 338 365
internal_value=0.000332606 -0.00197274 0.000432822 0.00445704 0.0011038 -0.00347692
internal_weight=861.665 526.808 301.374 148.506 110.329 152.868
internal_count=3680 2229 1275 627 465 648
is_linear=0
shrinkage=0.02


Tree=84
num_leaves=7
num_cat=0
split_feature=14 46 11 33 37 41
split_gain=17.3115 9.78157 11.4024 11.6671 13.9672 8.18424
threshold=0.15500000000000003 34.250000000000007 48.45000000000001 23.050000000000004 62.150000000000013 41.45000000000001
decision_type=2 2 2 2 2 2
left_child=-1 2 -2 -4 -5 -3
right_child=1 5 3 4 -6 -7
leaf_value=0.0038829997607330658 -0.0034095896226293862 -0.0065373671514029367 0.01349851665767712 -0.004215170641179997 0.01098723239924565 0.0048888656708003433
leaf_weight=334.58455580472946 152.77467532455921 196.79162290692329 40.578973203897476 71.377719014883041 36.428314298391342 28.65976893901825
leaf_count=1451 648 832 173 301 153 122
internal_value=0.000326195 -0.00193394 0.000424618 0.00437189 0.000927235 -0.00508332
internal_weight=861.196 526.611 301.16 148.385 107.806 225.451
internal_count=3680 2229 1275 627 454 954
is_linear=0
shrinkage=0.02


Tree=85
num_leaves=7
num_cat=0
split_feature=91 76 73 67 63 80
split_gain=14.2387 9.61338 8.89784 10.74 12.6551 11.4364
threshold=-0.4999999999999995 13.950000000000001 43.45000000000001 38.550000000000004 5.4500000000000002 35.050000000000004
decision_type=2 2 2 2 2 2
left_child=1 -1 -3 4 -4 -6
right_child=-2 2 3 -5 5 -7
leaf_value=0.0028466775051207123 0.0032284890200448791 -0.0087181022268140382 -0.010548883972519345 -0.0089974578718170686 0.0057908345790436177 -0.0040072821916096509
leaf_weight=122.77740767598152 332.16000032424927 99.895625099539757 37.43488073348999 65.785225361585617 126.15960739552975 76.446160286664963
leaf_count=515 1472 417 158 274 526 317
internal_value=-1.58304e-05 -0.0020551 -0.00353879 -0.00184471 0.000118494 0.00209371
internal_weight=860.659 528.499 405.721 305.826 240.041 202.606
internal_count=3679 2207 1692 1275 1001 843
is_linear=0
shrinkage=0.02


Tree=86
num_leaves=7
num_cat=0
split_feature=8 90 0 90 68 21
split_gain=13.8349 10.2142 11.5114 16.0919 11.3722 9.28542
threshold=35.850000000000001 0.074999999999999747 5.5000000000000009 -0.015000000000000123 42.800000000000004 48.850000000000001
decision_type=2 2 2 2 2 2
left_child=5 2 3 -2 -4 -1
right_child=1 -3 4 -5 -6 -7
leaf_value=-0.00081778097761444311 0.013285736679673817 -0.0041680441030961706 -0.012086841537978612 0.0021575333519461689 0.00024023316073382953 -0.01343527668131495
leaf_weight=45.550845339894295 59.804167911410332 132.98363457620144 37.754628509283066 393.33484175801277 143.07494629919529 47.754299491643906
leaf_count=196 263 553 159 1691 600 217
internal_value=-1.55683e-05 0.000869398 0.00192656 0.00362881 -0.00233874 -0.00728298
internal_weight=860.257 766.952 633.969 453.139 180.83 93.3051
internal_count=3679 3266 2713 1954 759 413
is_linear=0
shrinkage=0.02


Tree=87
num_leaves=7
num_cat=0
split_feature=91 90 0 90 54 23
split_gain=13.6482 8.48294 11.9947 14.0966 10.564 9.53342
threshold=-2.0949999999999993 0.039999999999999598 5.5000000000000009 -0.015000000000000123 38.150000000000013 29.250000000000004
decision_type=2 2 2 2 2 2
left_child=-1 2 3 -2 -4 -3
right_child=1 5 4 -5 -6 -7
leaf_value=-0.0059877039253931896 0.01365320947557514 -0.0081717268580248532 0.00075741755185341033 0.0027684926375605074 -0.011808415759188567 0.00058422988530716256
leaf_weight=129.82680417597294 56.731658667325974 71.444065138697624 109.99557882547379 293.30883125960827 35.260923534631729 163.16404877603054
leaf_count=575 251 298 460 1266 147 682
internal_value=-1.52954e-05 0.00104768 0.00253144 0.00453599 -0.00229896 -0.00208452
internal_weight=859.732 729.905 495.297 350.04 145.257 234.608
internal_count=3679 3104 2124 1517 607 980
is_linear=0
shrinkage=0.02


Tree=88
num_leaves=7
num_cat=0
split_feature=91 73 72 61 61 63
split_gain=13.2858 9.32731 9.91402 9.27241 9.21798 11.9354
threshold=-0.4999999999999995 5.6500000000000012 24.350000000000005 5.6250000000000009 4.535000000000001 67.250000000000014
decision_type=2 2 2 2 2 2
left_child=1 -1 3 -3 -4 -6
right_child=-2 2 4 -5 5 -7
leaf_value=0.0061007285476734098 0.003122490288309185 -0.0035198013263489066 -0.0050627371014270164 -0.014893660887900879 0.0043563594194285038 -0.0064707096481737168
leaf_weight=51.397746324539185 331.47343507409096 77.156818076968193 143.54997292160988 45.606559082865715 154.85725720226765 55.149778440594673
leaf_count=215 1472 323 600 192 645 232
internal_value=-1.49843e-05 -0.00198593 -0.00285963 -0.00775387 -0.00115852 0.00151135
internal_weight=859.192 527.718 476.32 122.763 353.557 210.007
internal_count=3679 2207 1992 515 1477 877
is_linear=0
shrinkage=0.02


Tree=89
num_leaves=7
num_cat=0
split_feature=91 84 37 67 68 51
split_gain=12.9114 6.83102 8.26932 9.86547 12.6434 9.14249
threshold=-2.0949999999999993 2.5000000000000004 54.95000000000001 33.400000000000006 54.250000000000007 6.7950000000000008
decision_type=2 2 2 2 2 2
left_child=-1 -2 3 -3 -5 -4
right_child=1 2 5 4 -6 -7
leaf_value=-0.0058317686022551808 0.0029172696259241009 -0.0083202125376031916 -0.0011010297538634911 0.0090108752991993127 -0.0055510973974914725 0.0087855413783942318
leaf_weight=129.4986873716116 371.65403631329536 95.679313212633133 107.68123725056648 41.820887565612793 55.226794108748436 57.219754859805107
leaf_count=575 1637 393 442 171 226 235
internal_value=-1.47318e-05 0.00101886 -0.000954273 -0.00376651 0.000726929 0.0023328
internal_weight=858.781 729.282 357.628 192.727 97.0477 164.901
internal_count=3679 3104 1467 790 397 677
is_linear=0
shrinkage=0.02


Tree=90
num_leaves=7
num_cat=0
split_feature=0 6 94 20 51 55
split_gain=18.2033 12.2448 10.447 15.1024 6.84997 6.58793
threshold=5.5000000000000009 6.4050000000000011 -12.449999999999998 27.050000000000004 6.8450000000000006 50.550000000000004
decision_type=2 2 2 2 2 2
left_child=1 -1 5 -4 -3 -2
right_child=2 4 3 -5 -6 -7
leaf_value=0.00021572761031841126 -0.0041232246816184067 0.0045107086125353328 0.0086318612691475421 -0.0057575128466541003 0.01474864364501449 -0.012574379340904426
leaf_weight=442.14985924959183 82.373911187052727 114.52700474858284 48.415246948599815 73.090823411941528 33.83907188475132 66.951051473617554
leaf_count=1876 350 516 204 308 155 285
internal_value=-8.45023e-05 0.00188449 -0.00437677 -2.15468e-05 0.00685412 -0.00791825
internal_weight=861.347 590.516 270.831 121.506 148.366 149.325
internal_count=3694 2547 1147 512 671 635
is_linear=0
shrinkage=0.02


Tree=91
num_leaves=7
num_cat=0
split_feature=0 90 90 14 94 21
split_gain=17.4928 20.5837 13.7405 10.0615 10.0469 11.1699
threshold=5.5000000000000009 -0.010000000000000229 0.074999999999999747 0.16500000000000004 -12.449999999999998 50.550000000000004
decision_type=2 2 2 2 2 2
left_child=1 -1 3 -3 -2 -6
right_child=4 2 -4 -5 5 -7
leaf_value=0.012100896502140258 -0.0077666117972804019 0.004540218864577103 -0.0063615516696293771 -0.001734221407712201 0.0057463721223510048 -0.0063868136543972654
leaf_weight=69.047992125153542 149.20149414241314 255.06785096228123 95.569520860910416 170.49138525128365 63.749680057168007 57.747089892625809
leaf_count=305 635 1116 403 723 269 243
internal_value=-8.28137e-05 0.00184798 0.000487441 0.00202668 -0.00429147 -2.10085e-05
internal_weight=860.875 590.177 521.129 425.559 270.698 121.497
internal_count=3694 2547 2242 1839 1147 512
is_linear=0
shrinkage=0.02


Tree=92
num_leaves=7
num_cat=0
split_feature=0 6 94 20 4 58
split_gain=16.8099 11.6996 9.66061 14.1456 7.89534 6.55092
threshold=5.5000000000000009 6.4050000000000011 -12.449999999999998 27.050000000000004 6.847500000000001 2.7150000000000003
decision_type=2 2 2 2 2 2
left_child=1 5 -2 -4 -3 -1
right_child=2 4 3 -5 -6 -7
leaf_value=-0.0081074814018042892 -0.0076172305733338969 0.004256664648311208 0.0083670992524799773 -0.0055641205348383252 0.015505858200780076 0.0008974959135776378
leaf_weight=35.001492336392403 149.08803929388523 116.10969030857086 48.323127835988998 73.165947929024696 31.739367574453354 406.89612683653831
leaf_count=150 635 525 204 308 146 1726
internal_value=-8.1174e-05 0.00181243 -0.00420759 -2.05565e-05 0.00668042 0.000182564
internal_weight=860.324 589.747 270.577 121.489 147.849 441.898
internal_count=3694 2547 1147 512 671 1876
is_linear=0
shrinkage=0.02


Tree=93
num_leaves=7
num_cat=0
split_feature=14 42 45 54 42 28
split_gain=13.7591 7.38335 9.01795 9.84375 8.59869 6.9407
threshold=0.16500000000000004 35.850000000000001 5.5450000000000008 35.550000000000004 42.95000000000001 32.350000000000001
decision_type=2 2 2 2 2 2
left_child=-1 -2 4 -4 -3 -6
right_child=1 2 3 -5 5 -7
leaf_value=0.0021235134572485494 -0.012041049445051535 0.010648208680269357 -0.0019888781184386863 -0.013747863696646581 0.0033377034864478378 -0.0044243725392963734
leaf_weight=488.9958481490612 32.724126011133194 28.016247898340225 74.43767324090004 46.060363560914993 78.677946820855141 110.92978678643703
leaf_count=2115 139 120 318 197 334 471
internal_value=-7.95403e-05 -0.00298427 -0.00210443 -0.00649142 0.000326505 -0.00120343
internal_weight=859.842 370.846 338.122 120.498 217.624 189.608
internal_count=3694 1579 1440 515 925 805
is_linear=0
shrinkage=0.02


Tree=94
num_leaves=7
num_cat=0
split_feature=14 46 91 79 15 68
split_gain=13.2185 8.81991 9.75662 7.93926 6.49137 6.34814
threshold=0.16500000000000004 32.750000000000007 -0.44999999999999968 0.17500000000000002 37.750000000000007 47.95000000000001
decision_type=2 2 2 2 2 2
left_child=-1 2 3 -2 5 -3
right_child=1 4 -4 -5 -6 -7
leaf_value=0.002081866106480942 -0.0054981559304482655 -0.014450052987410214 0.0074773983652423057 0.0043261972655128248 0.00039060248030405888 -0.0050460290270275621
leaf_weight=488.80647982656956 112.8320144712925 47.67130409181118 50.065307751297951 46.344498589634895 41.439842909574509 72.422644764184952
leaf_count=2115 477 203 218 195 177 309
internal_value=-7.80168e-05 -0.00292526 -0.000214404 -0.00263686 -0.00643444 -0.00878787
internal_weight=859.582 370.776 209.242 159.177 161.534 120.094
internal_count=3694 1579 890 672 689 512
is_linear=0
shrinkage=0.02


Tree=95
num_leaves=7
num_cat=0
split_feature=58 9 76 72 9 80
split_gain=12.7209 11.547 8.11181 10.914 8.85925 7.65871
threshold=2.0750000000000006 5.705000000000001 74.90000000000002 42.550000000000004 6.6650000000000009 25.450000000000003
decision_type=2 2 2 2 2 2
left_child=-1 5 3 -3 -5 -2
right_child=1 2 -4 4 -6 -7
leaf_value=-0.010868698107629391 0.003610847619951181 0.0041690052123667526 0.012357485225871935 -0.010114807710126543 0.0023503996988124345 -0.0031727551279960913
leaf_weight=43.41728463768959 81.418593063950539 240.05203613638878 32.725030496716499 46.069529011845589 45.008931800723076 363.23820967972279
leaf_count=188 348 1052 141 195 199 1540
internal_value=-0.000335141 0.000231787 0.00287359 0.00193286 -0.00395896 -0.00193012
internal_weight=851.93 808.512 363.856 331.13 91.0785 444.657
internal_count=3663 3475 1587 1446 394 1888
is_linear=0
shrinkage=0.02


Tree=96
num_leaves=7
num_cat=0
split_feature=58 92 0 41 80 28
split_gain=12.2188 12.0467 9.22974 10.5489 8.83474 8.7298
threshold=2.0750000000000006 -0.149999999999999 5.5000000000000009 35.650000000000013 33.400000000000006 33.250000000000007
decision_type=2 2 2 2 2 2
left_child=-1 2 -2 5 -5 -4
right_child=1 -3 3 4 -6 -7
leaf_value=-0.01065214279054442 0.00051197561773891136 0.0044767983044840011 -0.013218245443829464 0.0092256081966421224 -0.0052945028328332004 -0.0027189822354057574
leaf_weight=43.415990471839905 413.81279756128788 200.51823900640011 65.71854604780674 31.996996909379959 34.987413749098778 61.192879319190979
leaf_count=188 1766 889 278 135 148 259
internal_value=-0.000328519 0.00022729 -0.00117537 -0.00477493 0.00164485 -0.00816194
internal_weight=851.643 808.227 607.709 193.896 66.9844 126.911
internal_count=3663 3475 2586 820 283 537
is_linear=0
shrinkage=0.02


Tree=97
num_leaves=7
num_cat=0
split_feature=6 46 79 68 92 92
split_gain=11.7958 9.12861 7.80116 10.21 6.72055 9.28758
threshold=5.3450000000000006 47.350000000000001 0.14500000000000005 45.550000000000004 -2.1149999999999989 -1.5199999999999998
decision_type=2 2 2 2 2 2
left_child=1 2 -1 -4 -5 -6
right_child=-2 -3 3 4 5 -7
leaf_value=-0.010094632808208473 0.0015772689897090159 -0.01313903866386871 -0.0069699870436823099 -0.0026167862081158595 0.014239799684905397 0.0011567613736239357
leaf_weight=42.300775527954102 515.64812996983528 33.441108644008636 76.591297671198845 80.279845967888832 30.964261665940285 72.100294336676598
leaf_count=180 2240 145 324 352 127 295
internal_value=-0.000322109 -0.00323942 -0.00214009 -0.000842218 0.00172003 0.00509736
internal_weight=851.326 335.678 302.236 259.936 183.344 103.065
internal_count=3663 1423 1278 1098 774 422
is_linear=0
shrinkage=0.02


Tree=98
num_leaves=7
num_cat=0
split_feature=58 92 90 9 15 93
split_gain=11.687 11.4451 8.79728 9.23029 7.21829 13.0577
threshold=2.0750000000000006 -0.149999999999999 0.06000000000000006 5.9050000000000011 32.550000000000004 -2.5999999999999974
decision_type=2 2 2 2 2 2
left_child=-1 -2 3 -3 -5 -6
right_child=1 2 -4 4 5 -7
leaf_value=-0.010417217518904341 -0.0011392500963552056 -0.0036463335923018481 -0.0039006599745545541 0.013989729180987228 -0.0027888619292948166 0.014471310558088904
leaf_weight=43.37443795800209 607.29899184405804 29.249216571450233 40.839336216449738 58.428346678614616 41.391554534435272 30.281640827655792
leaf_count=188 2586 126 173 266 186 138
internal_value=-0.000315908 0.000227909 0.00437384 0.00649559 0.00877673 0.00451349
internal_weight=850.864 807.489 200.19 159.351 130.102 71.6732
internal_count=3663 3475 889 716 590 324
is_linear=0
shrinkage=0.02


Tree=99
num_leaves=7
num_cat=0
split_feature=9 53 90 77 27 75
split_gain=10.8255 10.1386 8.35364 11.4307 9.12451 7.57522
threshold=5.705000000000001 0.13500000000000004 0.039999999999999598 6.9250000000000007 0.15500000000000003 53.750000000000007
decision_type=2 2 2 2 2 2
left_child=1 -1 3 4 -3 -2
right_child=5 2 -4 -5 -6 -7
leaf_value=-0.013822644963695029 0.0011892865256940392 -0.0069938287531779034 -0.0052772139649077962 0.011312521422018563 0.001373743232579597 0.0099786188736309348
leaf_weight=28.653510645031929 330.02095419168472 72.743422731757164 157.46026337146759 34.049215480685234 183.21966946125031 44.420249998569489
leaf_count=123 1445 310 671 145 777 192
internal_value=-0.000309611 -0.00231032 -0.00157022 0.000443599 -0.00100608 0.00223436
internal_weight=850.567 476.126 447.473 290.012 255.963 374.441
internal_count=3663 2026 1903 1232 1087 1637
is_linear=0
shrinkage=0.02


Tree=100
num_leaves=7
num_cat=0
split_feature=14 58 7 51 63 81
split_gain=16.1312 9.89712 9.38619 10.6753 7.94117 7.33242
threshold=0.14500000000000005 2.7150000000000003 19.550000000000004 6.7250000000000005 74.050000000000011 49.050000000000004
decision_type=2 2 2 2 2 2
left_child=5 -2 3 -3 -4 -1
right_child=1 2 4 -5 -6 -7
leaf_value=0.010023735954010212 -0.0093652883377617277 -0.01568398945592455 0.0010036797958045691 -0.00011535754289670821 -0.0082968592607966744 0.0018387536667637187
leaf_weight=79.056072100996971 55.546937271952629 33.060151100158691 506.59134697914124 37.589182361960411 39.491695240139961 98.084348931908607
leaf_count=355 239 150 2146 167 167 437
internal_value=0.000127678 -0.00128724 -0.000558275 -0.00741252 0.000329686 0.00549523
internal_weight=849.42 672.279 616.732 70.6493 546.083 177.14
internal_count=3661 2869 2630 317 2313 792
is_linear=0
shrinkage=0.02


Tree=101
num_leaves=7
num_cat=0
split_feature=14 15 59 62 0 90
split_gain=15.5145 8.07439 8.06214 7.93252 8.692 16.0838
threshold=0.14500000000000005 34.95000000000001 3.5500000000000003 57.800000000000004 4.5000000000000009 -0.015000000000000123
decision_type=2 2 2 2 2 2
left_child=1 -1 -2 4 5 -4
right_child=2 -3 3 -5 -6 -7
leaf_value=0.0019036119238041113 -0.0093801077405717814 0.010626052122790804 0.014778693683029429 -0.010708912895705438 -0.0029405726898806606 0.00045892782640190506
leaf_weight=106.18277482688427 45.513256281614304 70.690385386347771 34.876133069396019 29.883643552660942 257.0426426678896 304.74762345850468
leaf_count=475 196 317 153 127 1093 1300
internal_value=0.000125144 0.00539372 -0.00126203 -0.000670924 -0.000166467 0.00193335
internal_weight=848.936 176.873 672.063 626.55 596.666 339.624
internal_count=3661 792 2869 2673 2546 1453
is_linear=0
shrinkage=0.02


Tree=102
num_leaves=7
num_cat=0
split_feature=14 7 51 15 60 34
split_gain=14.9201 9.10971 9.9459 7.79375 7.3208 12.6417
threshold=0.14500000000000005 19.550000000000004 6.7250000000000005 34.95000000000001 22.800000000000001 49.150000000000013
decision_type=2 2 2 2 2 2
left_child=3 2 -2 -1 5 -3
right_child=1 4 -4 -5 -6 -7
leaf_value=0.0018665410616236827 -0.015085343645721557 0.0022919241460444416 -0.0010224479976548848 0.010444401304587294 0.00036026573778372031 -0.016341733892192338
leaf_weight=106.12835288047791 37.34749411046505 28.831964269280434 43.50052247941494 70.485268086194992 532.94188085198402 29.284055843949318
leaf_count=475 171 122 194 317 2258 124
internal_value=0.000122756 -0.00123708 -0.00752937 0.00529388 -0.000375263 -0.00710932
internal_weight=848.52 671.906 80.848 176.614 591.058 58.116
internal_count=3661 2869 365 792 2504 246
is_linear=0
shrinkage=0.02


Tree=103
num_leaves=7
num_cat=0
split_feature=91 76 4 7 72 37
split_gain=13.1773 8.59744 7.9069 9.17986 8.42749 8.2616
threshold=-0.4999999999999995 15.700000000000001 6.972500000000001 19.550000000000004 24.350000000000005 47.45000000000001
decision_type=2 2 2 2 2 2
left_child=1 -1 3 -3 5 -5
right_child=-2 2 -4 4 -6 -7
leaf_value=0.0027781783372358001 0.0032557549074282073 -0.012211728300684606 0.0065726376477801777 -0.017180387426642796 -0.0012954571320717265 -0.0023484651822651883
leaf_weight=122.12433353066444 328.41023658216 48.289852067828178 29.98713381588459 29.326561346650124 259.14905498921871 30.763290867209435
leaf_count=516 1473 220 127 122 1076 127
internal_value=0.000120322 -0.0018615 -0.00328724 -0.00409329 -0.00286181 -0.00960363
internal_weight=848.05 519.64 397.516 367.529 319.239 60.0899
internal_count=3661 2188 1672 1545 1325 249
is_linear=0
shrinkage=0.02


Tree=104
num_leaves=7
num_cat=0
split_feature=91 58 90 63 12 8
split_gain=12.6662 7.58846 7.95001 7.63744 7.24716 9.92571
threshold=-0.4999999999999995 2.7150000000000003 -0.020000000000000014 67.250000000000014 6.955000000000001 33.500000000000007
decision_type=2 2 2 2 2 2
left_child=1 -1 -3 4 5 -4
right_child=-2 2 3 -5 -6 -7
leaf_value=-0.010043483402375136 0.0031938941993621146 0.0067961422598726267 -0.010622763904174689 -0.0078551476701902989 0.0088843315160394374 -0.0002641353444829319
leaf_weight=41.26382814347744 328.08090162277222 45.847356006503105 42.344293624162674 72.834820911288261 28.600861147046089 288.5797451287508
leaf_count=178 1473 192 193 309 121 1195
internal_value=0.000117915 -0.00182501 -0.0011139 -0.00195406 -0.000756728 -0.00159241
internal_weight=847.552 519.471 478.207 432.36 359.525 330.924
internal_count=3661 2188 2010 1818 1509 1388
is_linear=0
shrinkage=0.02


Tree=105
num_leaves=7
num_cat=0
split_feature=14 90 53 12 7 0
split_gain=14.9463 9.8159 17.1706 10.0038 9.30203 8.85388
threshold=0.14500000000000005 0.039999999999999598 0.14500000000000005 6.8850000000000007 20.750000000000004 1.0000000180025095e-35
decision_type=2 2 2 2 2 2
left_child=-1 2 -2 5 -3 -4
right_child=1 4 3 -5 -6 -7
leaf_value=0.0048436632495738622 -0.0088466280451831164 -0.014341238252111085 0.010217703520661502 0.012568539125573038 -0.0033331852843487904 -0.00035153219318745203
leaf_weight=173.87434631586075 72.692570418119431 36.4151920825243 35.380928561091423 31.384421959519386 193.73700314760208 297.72961792349815
leaf_count=780 309 167 153 136 811 1276
internal_value=-0.000377402 -0.00173826 2.19108e-05 0.00179254 -0.00508038 0.000773796
internal_weight=841.214 667.34 437.188 364.495 230.152 333.111
internal_count=3632 2852 1874 1565 978 1429
is_linear=0
shrinkage=0.02


Tree=106
num_leaves=7
num_cat=0
split_feature=14 90 53 12 23 15
split_gain=14.3691 9.43676 16.4812 9.62683 9.51353 9.24707
threshold=0.14500000000000005 0.039999999999999598 0.14500000000000005 6.8550000000000013 14.400000000000002 34.95000000000001
decision_type=2 2 2 2 2 2
left_child=5 2 -2 4 -4 -1
right_child=1 -3 3 -5 -6 -7
leaf_value=0.0010743152382192271 -0.0086627717393484484 -0.0049823504900225763 0.010941317817880783 0.010568006591645784 -0.00058366642446388325 0.010541726883471573
leaf_weight=106.24351339042187 72.752179324626923 229.99860545992851 31.699788168072701 43.562578484416008 289.14706988632679 67.402598097920418
leaf_count=475 309 978 135 189 1241 305
internal_value=-0.000370028 -0.00170398 2.15715e-05 0.00175725 0.000558061 0.00475314
internal_weight=840.806 667.16 437.162 364.409 320.847 173.646
internal_count=3632 2852 1874 1565 1376 780
is_linear=0
shrinkage=0.02


Tree=107
num_leaves=7
num_cat=0
split_feature=7 90 46 61 25 0
split_gain=12.3078 11.8635 11.3932 11.0632 9.58528 8.64264
threshold=19.550000000000004 0.1000000000000001 47.45000000000001 5.5950000000000006 6.7750000000000012 5.5000000000000009
decision_type=2 2 2 2 2 2
left_child=4 2 5 -3 -1 -2
right_child=1 3 -4 -5 -6 -7
leaf_value=-0.0135122301281348 0.0038998981957133112 -0.01282619479262344 -0.0048333456664277552 0.0026282663216337537 0.00044917256441785465 -0.0015432653303295665
leaf_weight=47.668114319443703 415.44531819224358 48.481847450137138 103.42266775667667 29.90339894592762 33.429579615592957 162.17354452610016
leaf_count=218 1807 204 442 125 150 686
internal_value=-0.000362664 0.000428595 0.00127696 -0.00693459 -0.00776368 0.00237166
internal_weight=840.524 759.427 681.042 78.3852 81.0977 577.619
internal_count=3632 3264 2935 329 368 2493
is_linear=0
shrinkage=0.02


Tree=108
num_leaves=7
num_cat=0
split_feature=91 46 45 6 93 32
split_gain=11.3003 7.98284 7.67381 7.12299 9.08908 8.66143
threshold=-2.0949999999999993 47.45000000000001 6.705000000000001 6.3750000000000009 -14.099999999999998 4.4050000000000011
decision_type=2 2 2 2 2 2
left_child=-1 3 -3 5 -5 -2
right_child=1 2 -4 4 -6 -7
leaf_value=-0.0058535917875336607 0.0047199852901711956 -0.011735398146401095 -0.00049899526654338406 0.014033305826641689 0.0025337103302883043 -0.0014534189900298341
leaf_weight=126.84546403586864 125.61277247965336 37.19016794860363 69.880916073918343 35.919902116060257 116.40213698148727 328.25112366676331
leaf_count=575 530 158 296 164 532 1377
internal_value=-0.000355665 0.000622769 -0.00440917 0.00151214 0.00525292 0.000255815
internal_weight=840.102 713.257 107.071 606.186 152.322 453.864
internal_count=3632 3057 454 2603 696 1907
is_linear=0
shrinkage=0.02


Tree=109
num_leaves=7
num_cat=0
split_feature=14 15 7 25 53 94
split_gain=13.6009 8.92477 8.6279 9.556 9.20472 7.51244
threshold=0.14500000000000005 34.95000000000001 19.550000000000004 6.7750000000000012 0.14500000000000005 -17.049999999999994
decision_type=2 2 2 2 2 2
left_child=1 5 3 -2 -4 -1
right_child=2 -3 4 -5 -6 -7
leaf_value=-0.0068273323419151405 -0.01368408496976246 0.010342724691521719 -0.0063722932222782767 0.00049291946729693756 0.00031209975014684924 0.0046259115518664084
leaf_weight=33.302982687950134 46.26964096724987 67.139252722263336 99.007057711482048 32.230368405580521 488.88294042646885 72.817021325230598
leaf_count=145 213 305 417 145 2077 330
internal_value=-0.000348707 0.00464176 -0.00164671 -0.0078701 -0.000814517 0.00102857
internal_weight=839.649 173.259 666.39 78.5 587.89 106.12
internal_count=3632 780 2852 358 2494 475
is_linear=0
shrinkage=0.02


Tree=110
num_leaves=7
num_cat=0
split_feature=14 42 61 77 47 62
split_gain=11.3967 10.1537 9.12966 8.77226 7.92311 7.65692
threshold=0.14500000000000005 35.850000000000001 2.8750000000000004 6.8050000000000006 54.95000000000001 57.800000000000004
decision_type=2 2 2 2 2 2
left_child=3 -2 4 -1 -3 -4
right_child=1 2 5 -5 -6 -7
leaf_value=0.0011034947054973103 -0.0092766174658345576 -0.0016641690887179462 0.0012635491082723638 0.010491676386683095 -0.012233498641199053 -0.0093090204834138206
leaf_weight=115.5058978497982 59.199945077300072 78.906239345669746 455.97624309360981 60.672469109296799 44.230270028114319 29.051912724971771
leaf_count=520 253 340 1952 275 190 124
internal_value=-0.000182331 -0.00137685 -0.000606471 0.00434072 -0.00546749 0.000628492
internal_weight=843.543 667.365 608.165 176.178 123.137 485.028
internal_count=3654 2859 2606 795 530 2076
is_linear=0
shrinkage=0.02


Tree=111
num_leaves=7
num_cat=0
split_feature=0 90 90 94 20 61
split_gain=11.7322 18.6232 11.2222 10.7678 11.6715 10.1451
threshold=5.5000000000000009 -0.015000000000000123 0.1000000000000001 -12.449999999999998 27.050000000000004 4.4150000000000009
decision_type=2 2 2 2 2 2
left_child=1 -1 5 -2 -5 -3
right_child=3 2 -4 4 -6 -7
leaf_value=0.011803407098322062 -0.0074344306048742016 -0.002566203035362711 -0.0088040165982145886 0.008296610402855932 -0.0044597590851899052 0.003456842702567295
leaf_weight=61.429528802633286 141.47797609865665 182.30208019912243 50.266435742378235 48.283941119909286 70.388171255588531 289.17431072890759
leaf_count=276 609 792 214 205 298 1260
internal_value=-0.000178752 0.00139682 0.00016953 -0.00370985 0.000733021 0.00112791
internal_weight=843.322 583.172 521.743 260.15 118.672 471.476
internal_count=3654 2542 2266 1112 503 2052
is_linear=0
shrinkage=0.02


Tree=112
num_leaves=7
num_cat=0
split_feature=14 41 77 46 67 47
split_gain=10.9117 8.60075 8.45475 8.12383 10.7201 10.0185
threshold=0.14500000000000005 20.750000000000004 6.8050000000000006 35.850000000000001 35.150000000000013 46.250000000000007
decision_type=2 2 2 2 2 2
left_child=2 -2 -1 5 -5 -3
right_child=1 3 -4 4 -6 -7
leaf_value=0.0010786910078017721 -0.0085161841170366733 -0.00087921302372510489 0.010307398399639074 -0.0068509305471885331 0.0016686563074757767 0.0064156460658249823
leaf_weight=115.42781388759613 60.683575034141541 253.69583138823509 60.453277677297592 146.96947057545185 98.686940491199493 106.98449678719044
leaf_count=520 260 1088 275 630 421 460
internal_value=-0.000175236 -0.00134382 0.00425481 -0.000624708 -0.00342909 0.00128576
internal_weight=842.901 667.02 175.881 606.337 245.656 360.68
internal_count=3654 2859 795 2599 1051 1548
is_linear=0
shrinkage=0.02


Tree=113
num_leaves=7
num_cat=0
split_feature=0 94 68 55 62 84
split_gain=11.268 10.2979 9.84672 9.25303 9.61517 7.7427
threshold=5.5000000000000009 -12.449999999999998 46.150000000000013 53.650000000000013 30.350000000000005 3.5000000000000004
decision_type=2 2 2 2 2 2
left_child=5 3 -3 4 -2 -1
right_child=1 2 -4 -5 -6 -7
leaf_value=0.0030568942365174026 -0.010912442688078401 -0.0077287349885938762 0.004639006179250546 -0.01541593178407881 0.0014704868973052392 -0.0017818118236124058
leaf_weight=379.94161540269852 45.199822098016739 37.63399113714695 80.978404939174652 39.974862232804298 56.154604375362396 202.82310363650322
leaf_count=1680 196 159 344 173 240 862
internal_value=-0.000171733 -0.0036337 0.000711697 -0.00727856 -0.00405709 0.00137283
internal_weight=842.706 259.942 118.612 141.329 101.354 582.765
internal_count=3654 1112 503 609 436 2542
is_linear=0
shrinkage=0.02


Tree=114
num_leaves=7
num_cat=0
split_feature=0 90 90 67 94 61
split_gain=10.8299 17.9284 10.7496 10.039 10.3276 9.7199
threshold=5.5000000000000009 -0.015000000000000123 0.1000000000000001 27.050000000000004 -12.449999999999998 2.8750000000000004
decision_type=2 2 2 2 2 2
left_child=1 -1 5 -2 -5 -3
right_child=3 2 -4 4 -6 -7
leaf_value=0.011577718989786131 -0.011404149760659841 -0.0047979325533732574 -0.0086437098255059269 -0.0056950039417262965 0.0032516620409230265 0.0024846467683875993
leaf_weight=61.196113780140877 52.103078290820122 90.711134314537048 50.219335645437241 112.42077285051346 95.25103397667408 380.30260261893272
leaf_count=276 224 396 214 484 404 1656
internal_value=-0.000168472 0.00134617 0.000142931 -0.00356359 -0.00159192 0.0010814
internal_weight=842.204 582.429 521.233 259.775 207.672 471.014
internal_count=3654 2542 2266 1112 888 2052
is_linear=0
shrinkage=0.02


Tree=115
num_leaves=7
num_cat=0
split_feature=90 51 23 85 15 93
split_gain=11.0755 10.4279 11.2438 7.95084 14.5342 8.47911
threshold=0.06000000000000006 6.8550000000000013 22.750000000000004 1.5000000000000002 32.550000000000004 -2.5999999999999974
decision_type=2 2 2 2 2 2
left_child=1 3 -3 4 -1 -6
right_child=-2 2 -4 -5 5 -7
leaf_value=0.012940309907739492 -0.0040305187863302382 -0.0045239538777822694 0.0092024141773567655 -0.0012731742120188475 -0.008594065166336623 0.0062809249672609183
leaf_weight=48.775913462042809 196.12870113551617 30.434789136052132 109.70580615103245 394.13636998832226 32.833482086658478 28.578949749469757
leaf_count=222 837 134 483 1692 147 130
internal_value=0.000129741 0.00139625 0.00622031 5.47866e-05 0.00480166 -0.00167287
internal_weight=840.594 644.465 140.141 504.325 110.188 61.4124
internal_count=3645 2808 617 2191 499 277
is_linear=0
shrinkage=0.02


Tree=116
num_leaves=7
num_cat=0
split_feature=14 63 60 24 58 74
split_gain=10.6307 8.8649 8.69408 10.409 7.17497 6.87681
threshold=0.14500000000000005 75.950000000000017 36.550000000000004 35.050000000000004 2.7150000000000003 4.495000000000001
decision_type=2 2 2 2 2 2
left_child=2 4 -1 -4 -2 -6
right_child=1 -3 3 -5 5 -7
leaf_value=0.014126696195699258 -0.0073929793148658227 -0.010693463279897016 -0.007874082343078256 0.0053302995093494889 0.0027823941644889274 -0.0016404133463114364
leaf_weight=31.098090440034866 54.498009189963341 35.68615497648716 30.46362416446209 109.17221994698048 239.91249699890614 339.476956397295
leaf_count=141 237 153 137 495 1030 1452
internal_value=0.000127274 -0.00100879 0.00458058 0.00244599 -0.000461964 0.000191139
internal_weight=840.308 669.574 170.734 139.636 633.887 579.389
internal_count=3645 2872 773 632 2719 2482
is_linear=0
shrinkage=0.02


Tree=117
num_leaves=7
num_cat=0
split_feature=90 12 9 15 0 74
split_gain=10.634 9.98902 9.90936 11.2347 10.6262 8.46882
threshold=0.06000000000000006 6.8550000000000013 6.2250000000000005 30.750000000000004 3.5000000000000004 1.4550000000000003
decision_type=2 2 2 2 2 2
left_child=1 2 5 -4 -5 -1
right_child=-2 -3 3 4 -6 -7
leaf_value=0.0044289058918700296 -0.0039523204376455965 0.0071748861783724055 0.011803963235929468 0.0067376197654588424 -0.0058361769938228246 -0.0029662017986908139
leaf_weight=77.683683812618256 196.05522400140762 99.936068534851074 54.741658270359039 55.688097029924393 51.792603969573975 304.16335240006447
leaf_count=333 837 440 250 257 228 1300
internal_value=0.000124789 0.00136641 0.00029837 0.00443792 0.000678789 -0.00146096
internal_weight=840.061 644.005 544.069 162.222 107.481 381.847
internal_count=3645 2808 2368 735 485 1633
is_linear=0
shrinkage=0.02


Tree=118
num_leaves=7
num_cat=0
split_feature=14 15 63 0 92 9
split_gain=10.141 9.45257 8.5221 7.85041 7.52306 11.621
threshold=0.14500000000000005 34.95000000000001 75.950000000000017 4.5000000000000009 -2.2549999999999994 4.8550000000000013
decision_type=2 2 2 2 2 2
left_child=1 -1 3 -2 -5 -6
right_child=2 -3 -4 4 5 -7
leaf_value=0.00073935616472097475 0.0014739064773555098 0.010411363464203006 -0.010483611244060909 -0.0084035673624199541 0.0094485033847616414 -0.0032374350260764946
leaf_weight=104.62360733747482 362.62893806397915 65.779145374894142 35.67590519785881 75.078080981969833 35.104300275444984 160.80661018192768
leaf_count=473 1559 300 153 338 148 674
internal_value=0.000122443 0.00447688 -0.000986703 -0.000450409 -0.00302506 -0.000960644
internal_weight=839.697 170.403 669.294 633.618 270.989 195.911
internal_count=3645 773 2872 2719 1160 822
is_linear=0
shrinkage=0.02


Tree=119
num_leaves=7
num_cat=0
split_feature=90 51 92 14 35 34
split_gain=10.2111 9.71301 10.3358 7.96869 7.55169 8.84449
threshold=0.06000000000000006 6.8550000000000013 0.81999999999999995 0.14500000000000005 6.0450000000000008 42.550000000000004
decision_type=2 2 2 2 2 2
left_child=1 2 -1 -3 5 -5
right_child=-2 3 -4 4 -6 -7
leaf_value=-0.00081870605696148988 -0.0038758702498576277 0.01510593319803499 0.0095698288740074348 0.0085442754365506642 0.012513945398765991 -0.0048657908014109307
leaf_weight=461.95443759858608 195.96318973600864 30.063620388507843 41.67194390296936 32.463261738419533 27.642858043313026 49.598542436957359
leaf_count=1999 837 142 192 141 120 214
internal_value=0.00012005 0.00133753 4.26096e-05 0.00600014 0.00349329 0.000443111
internal_weight=839.358 643.395 503.626 139.768 109.705 82.0618
internal_count=3645 2808 2191 617 475 355
is_linear=0
shrinkage=0.02


Tree=120
num_leaves=7
num_cat=0
split_feature=6 93 46 74 86 32
split_gain=9.86269 10.7735 8.4032 6.76624 6.30126 6.93227
threshold=6.4050000000000011 -16.649999999999995 48.250000000000007 1.3400000000000003 5.5000000000000009 4.5750000000000011
decision_type=2 2 2 2 2 2
left_child=3 -2 -3 -1 5 -5
right_child=1 2 -4 4 -6 -7
leaf_value=0.0029234764736354299 0.014220518676644325 0.0043440673942695719 -0.0062712098580344792 0.0024235256069921347 -0.0074106585498141895 -0.0030048328327653652
leaf_weight=124.47225624322891 33.272540614008904 120.97042547166348 39.485881149768829 136.22196651995182 80.39870996773243 303.80277402698994
leaf_count=534 152 557 173 586 344 1298
internal_value=-7.49949e-05 0.00388106 0.00172953 -0.00126382 -0.00226569 -0.00132416
internal_weight=838.625 193.729 160.456 644.896 520.423 440.025
internal_count=3644 882 730 2762 2228 1884
is_linear=0
shrinkage=0.02


Tree=121
num_leaves=7
num_cat=0
split_feature=14 46 75 76 36 42
split_gain=11.2987 10.261 9.18924 9.86964 8.15451 7.35031
threshold=0.16500000000000004 33.45000000000001 29.750000000000004 31.900000000000002 15.500000000000002 56.050000000000004
decision_type=2 2 2 2 2 2
left_child=2 5 3 -1 -4 -2
right_child=1 -3 4 -5 -6 -7
leaf_value=0.0053717857706634242 0.0020489377455835379 -0.0067905099873481244 -0.0064911201928739186 -0.0066836868715711593 0.0044872824368615092 -0.0069327998854094844
leaf_weight=40.202810525894165 165.41169564425945 147.92576530575752 29.42951588332653 83.273208767175674 325.4634777456522 46.637071967124939
leaf_count=175 712 639 129 364 1424 201
internal_value=-7.34608e-05 -0.00274961 0.00194051 -0.00275735 0.00357533 7.11972e-05
internal_weight=838.344 359.975 478.369 123.476 354.893 212.049
internal_count=3644 1552 2092 539 1553 913
is_linear=0
shrinkage=0.02


Tree=122
num_leaves=7
num_cat=0
split_feature=14 56 75 76 3 90
split_gain=10.8547 9.22966 8.83005 9.47312 8.3955 7.26859
threshold=0.16500000000000004 2.5000000000000004 29.750000000000004 31.900000000000002 1.0000000180025095e-35 -1.0000000180025095e-35
decision_type=2 2 2 2 2 2
left_child=2 5 3 -1 -5 -2
right_child=1 -3 -4 4 -6 -7
leaf_value=0.0052691941002777761 0.0061934911881456898 -0.010037154917090474 0.0035062464933284737 -0.014283336791252823 -0.0013418990631439056 -0.0025799417824022559
leaf_weight=40.168150246143341 44.141064718365669 57.444304540753365 354.65037111938 33.433219701051712 49.931043535470963 258.32395702600479
leaf_count=175 191 248 1553 145 219 1113
internal_value=-7.20278e-05 -0.00269519 0.00190247 -0.00270093 -0.00654295 -0.00129794
internal_weight=838.092 359.909 478.183 123.532 83.3643 302.465
internal_count=3644 1552 2092 539 364 1304
is_linear=0
shrinkage=0.02


Tree=123
num_leaves=7
num_cat=0
split_feature=14 56 75 3 7 81
split_gain=10.4286 8.87671 8.48522 8.68183 7.22915 10.2475
threshold=0.16500000000000004 2.5000000000000004 29.750000000000004 1.0000000180025095e-35 25.100000000000005 49.45000000000001
decision_type=2 2 2 2 2 2
left_child=2 4 3 -1 -2 -6
right_child=1 -3 -4 -5 5 -7
leaf_value=-0.0089091058054709613 -0.0055540875982790297 -0.0098461948742577868 0.0034384942008025732 0.0018348913060966274 -0.0037852075489224913 0.0052998912617892649
leaf_weight=51.499356016516685 103.5698383897543 57.389721274375916 354.41007617115974 72.085508435964584 94.997396647930145 103.84635674953461
leaf_count=223 466 248 1553 316 401 437
internal_value=-7.06244e-05 -0.00264211 0.00186517 -0.00264585 -0.00127218 0.000959774
internal_weight=837.798 359.803 477.995 123.585 302.414 198.844
internal_count=3644 1552 2092 539 1304 838
is_linear=0
shrinkage=0.02


Tree=124
num_leaves=7
num_cat=0
split_feature=6 23 29 68 89 24
split_gain=9.08365 8.17644 8.07396 10.9929 7.87969 7.13775
threshold=6.4050000000000011 53.650000000000013 46.150000000000013 53.650000000000013 5.5000000000000009 1.0000000180025095e-35
decision_type=2 2 2 2 2 2
left_child=4 2 -2 -4 5 -1
right_child=1 -3 3 -5 -6 -7
leaf_value=0.0053738408967374893 0.011913783408364152 -0.0063022720407016142 0.0066587939896227038 -0.0067169040213217127 -0.010167510832226679 -0.0014421573656830851
leaf_weight=69.280837997794151 52.246089369058609 27.723218515515327 77.282987087965012 35.923784330487251 36.925502434372902 537.98755578696728
leaf_count=296 240 125 354 163 159 2307
internal_value=-6.92837e-05 0.00373352 0.0054179 0.00241212 -0.00121004 -0.00066379
internal_weight=837.37 193.176 165.453 113.207 644.194 607.268
internal_count=3644 882 757 517 2762 2603
is_linear=0
shrinkage=0.02


Tree=125
num_leaves=7
num_cat=0
split_feature=90 4 68 73 20 7
split_gain=12.1888 9.45387 8.25445 11.0251 9.04305 6.97532
threshold=0.039999999999999598 6.9608333333333343 41.150000000000013 43.750000000000007 51.550000000000004 20.750000000000004
decision_type=2 2 2 2 2 2
left_child=1 2 3 -1 -4 -2
right_child=5 -3 4 -5 -6 -7
leaf_value=-0.01461324897371459 -0.01154847958141238 0.011861721711889881 0.0029043818141796145 0.00038793664060082073 -0.0077164903411556345 -0.0022833117949803547
leaf_weight=29.472870290279388 37.429818734526634 33.565252557396889 400.41386666893959 58.079929381608963 34.761995106935501 243.34690569341183
leaf_count=129 176 147 1754 256 150 1033
internal_value=-0.000125784 0.00158876 0.000926972 -0.00467282 0.00205441 -0.00352211
internal_weight=837.071 556.294 522.729 87.5528 435.176 280.777
internal_count=3645 2436 2289 385 1904 1209
is_linear=0
shrinkage=0.02


Tree=126
num_leaves=7
num_cat=0
split_feature=91 76 36 46 47 22
split_gain=9.43512 6.85578 6.49573 5.43958 12.6621 7.94845
threshold=-2.0949999999999993 23.200000000000006 33.20000000000001 47.45000000000001 63.850000000000001 1.0000000180025095e-35
decision_type=2 2 2 2 2 2
left_child=1 -1 -3 4 5 -2
right_child=3 2 -4 -5 -6 -7
leaf_value=0.0019052803939974012 0.0080225877357124817 -0.0031460105691875602 -0.013962618425262528 -0.0033865098194488207 0.011884553954445381 -7.2266144196827346e-05
leaf_weight=38.762126505374908 53.57657179236412 48.015306651592255 41.34085088968277 106.42205327749252 43.598301634192467 505.08903533220291
leaf_count=177 231 222 190 454 191 2180
internal_value=-0.000123356 -0.00511589 -0.00816036 0.000779804 0.00151645 0.000705335
internal_weight=836.804 128.118 89.3562 708.686 602.264 558.666
internal_count=3645 589 412 3056 2602 2411
is_linear=0
shrinkage=0.02


Tree=127
num_leaves=7
num_cat=0
split_feature=90 0 68 22 90 25
split_gain=11.7149 12.9891 16.0807 9.64633 8.91007 8.08575
threshold=0.039999999999999598 5.5000000000000009 40.95000000000001 5.6050000000000013 -0.015000000000000123 6.9150000000000009
decision_type=2 2 2 2 2 2
left_child=1 4 -3 -4 -1 -6
right_child=-2 2 3 -5 5 -7
leaf_value=0.010541342034641061 -0.0034520010658541157 -0.016759512584436909 0.0036449153569688732 -0.0071700535204827186 0.0012921181892874085 0.012570692319209532
leaf_weight=61.892414271831512 280.55225558578968 28.344311028718948 90.62937343120575 51.737340092658997 295.61033828556538 27.722245961427689
leaf_count=281 1209 123 389 223 1296 124
internal_value=-0.000120943 0.00156039 -0.00303077 -0.000287615 0.0035952 0.00226272
internal_weight=836.488 555.936 170.711 142.367 385.225 323.333
internal_count=3645 2436 735 612 1701 1420
is_linear=0
shrinkage=0.02


Tree=128
num_leaves=7
num_cat=0
split_feature=91 0 94 55 21 15
split_gain=9.03812 6.68969 7.3381 8.96111 8.79904 8.01614
threshold=-2.0949999999999993 5.5000000000000009 -12.449999999999998 53.550000000000004 50.550000000000004 34.95000000000001
decision_type=2 2 2 2 2 2
left_child=-1 -2 3 5 -4 -3
right_child=1 2 4 -5 -6 -7
leaf_value=-0.0050108891625402973 0.0020433614367488368 -0.0077009371841714339 0.0067215952302520964 -0.015280919929124257 -0.004545823690397399 0.0057679833025841218
leaf_weight=127.83845308423042 494.4218508452177 43.696675777435303 58.344807758927345 29.69525933265686 52.646756246685982 29.542631685733795
leaf_count=589 2156 182 249 124 223 122
internal_value=-0.000118536 0.00076499 -0.00218913 -0.00603289 0.00137783 -0.0022675
internal_weight=836.186 708.348 213.926 102.935 110.992 73.2393
internal_count=3645 3056 900 428 472 304
is_linear=0
shrinkage=0.02


Tree=129
num_leaves=7
num_cat=0
split_feature=90 0 67 36 90 36
split_gain=11.2316 12.201 13.4885 8.84139 9.96267 8.65237
threshold=0.039999999999999598 5.5000000000000009 26.050000000000004 15.500000000000002 -0.015000000000000123 23.150000000000002
decision_type=2 2 2 2 2 2
left_child=1 3 -3 -1 -5 -6
right_child=-2 2 -4 4 5 -7
leaf_value=-0.0056809201539378684 -0.0033785118027993334 -0.015068635749491927 -0.00031757352647552315 0.012239819509548255 0.011919923681757769 0.0016835687736002037
leaf_weight=37.713358551263809 280.39455907046795 30.006329029798508 140.59426131844521 55.794692501425743 37.891660377383232 253.30407546460629
leaf_count=165 1209 131 604 255 167 1114
internal_value=-0.000116283 0.00153125 -0.00291939 0.00350518 0.00450494 0.0030192
internal_weight=835.699 555.304 170.601 384.704 346.99 291.196
internal_count=3645 2436 735 1701 1536 1281
is_linear=0
shrinkage=0.02


Tree=130
num_leaves=7
num_cat=0
split_feature=14 63 23 46 79 81
split_gain=8.17572 9.25236 11.614 11.6126 8.28133 7.29328
threshold=0.16500000000000004 53.95000000000001 22.750000000000004 42.650000000000013 0.14500000000000005 46.150000000000013
decision_type=2 2 2 2 2 2
left_child=5 3 -3 4 -2 -1
right_child=1 2 -4 -5 -6 -7
leaf_value=0.005381142993274207 -0.0075585537306603889 -0.017942856355374084 -0.0033464616995293704 -0.0084491659587678358 0.0042410260043152306 8.1652228809528816e-05
leaf_weight=153.00501272082329 27.929304242134094 27.747024089097977 100.8144123852253 49.32862676680088 157.46182787418365 323.06904794275761
leaf_count=676 120 120 438 215 678 1419
internal_value=6.15139e-05 -0.00219777 -0.00650825 0.000164944 0.00246029 0.00178562
internal_weight=839.355 363.281 128.561 234.72 185.391 476.074
internal_count=3666 1571 558 1013 798 2095
is_linear=0
shrinkage=0.02


Tree=131
num_leaves=7
num_cat=0
split_feature=0 68 94 62 55 15
split_gain=9.49227 10.8068 10.8108 8.47488 8.28369 8.39219
threshold=5.5000000000000009 41.250000000000007 -12.449999999999998 57.650000000000013 54.350000000000001 36.550000000000004
decision_type=2 2 2 2 2 2
left_child=3 -2 4 -1 5 -3
right_child=1 2 -4 -5 -6 -7
leaf_value=0.0020840825034238973 -0.011959975743013494 -0.0064795278219977473 0.0036876846494083943 -0.0087424311326649139 -0.013857626420545567 0.0064282923105336322
leaf_weight=543.03326542675495 45.217507645487785 58.843954920768738 98.549192816019058 30.449989944696426 32.444157615303993 30.517157927155495
leaf_count=2388 195 257 420 133 141 132
internal_value=6.02349e-05 -0.00306508 -0.00123522 0.00150781 -0.00521797 -0.0020692
internal_weight=839.055 265.572 220.354 573.483 121.805 89.3611
internal_count=3666 1145 950 2521 530 389
is_linear=0
shrinkage=0.02


Tree=132
num_leaves=7
num_cat=0
split_feature=90 0 68 90 94 14
split_gain=9.45415 13.2004 12.2156 10.7044 7.98266 7.54366
threshold=0.074999999999999747 5.5000000000000009 41.550000000000004 -0.010000000000000229 -12.449999999999998 0.16500000000000004
decision_type=2 2 2 2 2 2
left_child=1 3 -3 -1 -4 -5
right_child=-2 2 4 5 -6 -7
leaf_value=0.010319870738844659 -0.0044102391629226405 -0.013909179889137513 -0.0049199652571993314 0.0039107802673211088 0.0037871280237620703 -0.0015934465123272387
leaf_weight=66.548986062407494 154.37155532836914 35.077531188726425 92.459189653396606 245.80466344952583 77.188071057200432 167.32470396161079
leaf_count=305 663 152 401 1098 330 717
internal_value=5.89724e-05 0.00106753 -0.0031831 0.00288197 -0.000958414 0.00168162
internal_weight=838.775 684.403 204.725 479.678 169.647 413.129
internal_count=3666 3003 883 2120 731 1815
is_linear=0
shrinkage=0.02


Tree=133
num_leaves=7
num_cat=0
split_feature=90 12 14 63 72 21
split_gain=9.08313 8.39653 7.57693 7.91318 7.54643 5.79386
threshold=0.074999999999999747 6.8550000000000013 0.16500000000000004 53.95000000000001 23.150000000000002 61.250000000000007
decision_type=2 2 2 2 2 2
left_child=1 2 -1 -4 -5 -3
right_child=-2 5 3 4 -6 -7
leaf_value=0.001995081807599336 -0.0043230778466710898 0.0087286540118978739 7.9579184354540251e-05 -0.015390549757201085 -0.0030470912710347199 -0.001479170849435807
leaf_weight=334.14179944992065 154.33666570484638 83.34441639482975 150.44019247591496 31.04363489151001 54.632635042071342 30.288337826728821
leaf_count=1480 663 369 649 135 236 134
internal_value=5.78446e-05 0.00104699 5.7379e-05 -0.00268446 -0.0075323 0.00600889
internal_weight=838.228 683.891 570.258 236.116 85.6763 113.633
internal_count=3666 3003 2500 1020 371 503
is_linear=0
shrinkage=0.02


Tree=134
num_leaves=7
num_cat=0
split_feature=90 0 90 67 94 21
split_gain=8.72592 12.6581 10.3219 7.70485 7.51652 7.12448
threshold=0.074999999999999747 5.5000000000000009 -0.010000000000000229 26.450000000000003 -12.449999999999998 57.350000000000001
decision_type=2 2 2 2 2 2
left_child=1 2 -1 -3 5 -5
right_child=-2 3 -4 4 -6 -7
leaf_value=0.010122076197305676 -0.0042376528886950409 -0.01126995059107763 0.0016266722045692936 -0.0097092838474395083 0.0033422746908925924 0.0017573403569960658
leaf_weight=66.324921056628227 154.30128529667854 37.856678396463394 412.72087715566158 54.729115322232246 76.181553944945335 35.798787370324135
leaf_count=305 663 165 1815 237 326 155
internal_value=5.66844e-05 0.00102646 0.00280475 -0.00313721 -0.00128477 -0.00517793
internal_weight=837.913 683.612 479.046 204.566 166.709 90.5279
internal_count=3666 3003 2120 883 718 392
is_linear=0
shrinkage=0.02


Tree=135
num_leaves=7
num_cat=0
split_feature=0 90 91 25 25 9
split_gain=8.94604 11.6586 9.37523 11.389 9.2318 7.96014
threshold=4.5000000000000009 0.055000000000000167 -1.72 6.7750000000000012 6.9050000000000011 6.7150000000000007
decision_type=2 2 2 2 2 2
left_child=1 4 3 -2 5 -1
right_child=2 -3 -4 -5 -6 -7
leaf_value=0.00071146788583901057 -0.013642056810288459 -0.0040430076333382746 -0.0004786223211336867 0.00084013770532742409 0.011154599727501482 0.0089794991161693954
leaf_weight=262.47885096073151 54.930182367563248 106.08490799367428 263.83926028013229 35.866707175970078 53.446131601929665 56.531519025564194
leaf_count=1141 256 455 1114 163 243 270
internal_value=1.97812e-05 0.00180369 -0.00238723 -0.00792665 0.00346961 0.00217899
internal_weight=833.178 478.541 354.636 90.7969 372.457 319.01
internal_count=3642 2109 1533 419 1654 1411
is_linear=0
shrinkage=0.02


Tree=136
num_leaves=7
num_cat=0
split_feature=0 90 91 77 20 90
split_gain=8.59888 11.205 9.03908 9.89777 7.78144 7.05111
threshold=4.5000000000000009 0.055000000000000167 -1.72 6.8050000000000006 33.95000000000001 -0.010000000000000229
decision_type=2 2 2 2 2 2
left_child=1 5 3 -2 -3 -1
right_child=2 4 -4 -5 -6 -7
leaf_value=0.010081587557189006 -0.013005454167924691 0.001751492956897841 -0.00046902546137457573 0.00058172683531893367 -0.0090896630395531485 0.0022679744862346392
leaf_weight=53.967941924929619 55.757959872484207 50.208134859800339 263.85484978556633 34.79699569940567 55.880352884531021 318.13786692917347
leaf_count=249 261 214 1114 158 241 1405
internal_value=1.94051e-05 0.00176903 -0.00234115 -0.00778951 -0.00396209 0.00340362
internal_weight=832.604 478.194 354.41 90.555 106.088 372.106
internal_count=3642 2109 1533 419 455 1654
is_linear=0
shrinkage=0.02


Tree=137
num_leaves=7
num_cat=0
split_feature=0 90 25 36 36 20
split_gain=8.26432 10.7676 8.85392 7.71041 8.75002 7.47345
threshold=4.5000000000000009 0.055000000000000167 6.9050000000000011 15.500000000000002 22.750000000000004 33.95000000000001
decision_type=2 2 2 2 2 2
left_child=1 2 3 -1 -5 -3
right_child=-2 5 -4 4 -6 -7
leaf_value=-0.0070531803956701668 -0.002295951258937971 0.001716560696500811 0.010879299606978799 0.012324137436135972 0.0017998235609929028 -0.0089078239390798317
leaf_weight=33.07426892220974 354.1836017370224 50.207326546311378 53.249494254589081 36.093481570482254 249.41179817914963 55.882654935121536
leaf_count=145 1533 214 243 160 1106 241
internal_value=1.89927e-05 0.00173471 0.00333814 0.00207464 0.00313415 -0.00388293
internal_weight=832.103 477.919 371.829 318.58 285.505 106.09
internal_count=3642 2109 1654 1411 1266 455
is_linear=0
shrinkage=0.02


Tree=138
num_leaves=7
num_cat=0
split_feature=7 20 72 51 94 14
split_gain=8.37307 8.68054 8.69313 7.60739 5.11385 6.59947
threshold=19.550000000000004 53.800000000000004 53.150000000000013 6.7250000000000005 16.550000000000001 0.16500000000000004
decision_type=2 2 2 2 2 2
left_child=3 2 4 -1 5 -2
right_child=1 -3 -4 -5 -6 -7
leaf_value=-0.013235084739734598 0.0026952340013701639 -0.0084209081774070174 0.0095139006171277955 -0.00073257613890404926 -0.00702311612404459 -0.0014571543794184817
leaf_weight=34.32865010201931 373.7484277933836 39.697305500507355 46.649072751402855 44.825339183211327 33.403152570128441 259.19663806259632
leaf_count=165 1646 169 203 205 153 1101
internal_value=1.86748e-05 0.000669657 0.0011769 -0.0061647 0.00059191 0.000994832
internal_weight=831.849 752.695 712.997 79.154 666.348 632.945
internal_count=3642 3272 3103 370 2900 2747
is_linear=0
shrinkage=0.02


Tree=139
num_leaves=7
num_cat=0
split_feature=7 20 0 90 27 25
split_gain=8.05959 8.33331 8.16102 9.00528 8.2106 8.57729
threshold=19.550000000000004 53.800000000000004 5.5000000000000009 0.044999999999999936 0.19500000000000003 6.9050000000000011
decision_type=2 2 2 2 2 2
left_child=-1 2 3 4 5 -2
right_child=1 -3 -4 -5 -6 -7
leaf_value=-0.0060557151032295297 0.0040092800302880226 -0.0082472093892603619 -0.0020519358207151716 -0.0018088937072871087 -0.0054441366198101169 0.01410922676941403
leaf_weight=78.975072950124741 287.86175605654716 39.724549919366837 219.68105947971344 135.457942456007 31.792406767606735 38.015193581581116
leaf_count=370 1278 169 933 577 138 177
internal_value=1.82593e-05 0.000656417 0.0011537 0.00258189 0.00424483 0.00519146
internal_weight=831.508 752.533 712.808 493.127 357.669 325.877
internal_count=3642 3272 3103 2170 1593 1455
is_linear=0
shrinkage=0.02


Tree=140
num_leaves=7
num_cat=0
split_feature=91 89 35 94 55 60
split_gain=6.4073 5.78609 7.05407 9.76282 8.24807 8.19697
threshold=0.60500000000000009 5.5000000000000009 4.205000000000001 -17.049999999999994 50.750000000000007 22.800000000000001
decision_type=2 2 2 2 2 2
left_child=1 2 3 4 -1 -4
right_child=-2 -3 5 -5 -6 -7
leaf_value=-0.015117145368472893 0.0063150284731897863 -0.0074044098503382597 -0.0064971210851101193 0.00061131785201379578 -0.0016191043238671981 0.0021599596382260414
leaf_weight=38.756575271487236 66.304564490914345 41.610408514738083 47.879741922020912 110.29245375096798 33.961537152528763 496.41271457076073
leaf_count=168 314 180 209 479 148 2162
internal_value=0.000354545 -0.00016019 0.000255226 -0.00314053 -0.00882404 0.00139737
internal_weight=835.218 768.913 727.303 183.011 72.7181 544.292
internal_count=3660 3346 3166 795 316 2371
is_linear=0
shrinkage=0.02


Tree=141
num_leaves=7
num_cat=0
split_feature=14 45 47 48 41 41
split_gain=6.78696 6.02247 9.83145 7.70546 6.50371 7.7004
threshold=0.16500000000000004 6.8250000000000011 57.850000000000001 5.4450000000000012 32.350000000000001 29.750000000000004
decision_type=2 2 2 2 2 2
left_child=1 2 3 4 5 -1
right_child=-2 -3 -4 -5 -6 -7
leaf_value=0.0022336195799272369 -0.0017120979029159756 -0.0043223465489479682 0.0070237186113305608 -0.0053926862074057148 -0.00084774121847844112 0.014170302321484399
leaf_weight=65.058039918541908 362.20899458229542 54.494391232728958 141.65057337284088 66.330147504806519 112.80235590040684 32.310924306511879
leaf_count=290 1574 237 626 293 497 143
internal_value=0.000347556 0.00192598 0.00274112 0.000545413 0.00242115 0.00620516
internal_weight=834.855 472.646 418.152 276.501 210.171 97.369
internal_count=3660 2086 1849 1223 930 433
is_linear=0
shrinkage=0.02


Tree=142
num_leaves=7
num_cat=0
split_feature=90 15 4 8 20 74
split_gain=7.92633 8.597 7.16881 6.96641 6.78425 6.15119
threshold=0.1000000000000001 35.050000000000004 6.9691666666666672 29.250000000000004 53.800000000000004 1.3400000000000003
decision_type=2 2 2 2 2 2
left_child=2 -2 3 -1 5 -5
right_child=1 -3 -4 4 -6 -7
leaf_value=-0.0088200358937943427 -0.010058969536101858 0.0027945283622233053 0.0085732133636339386 0.0057506437929936635 -0.0080850672069568627 0.00049818216656019739
leaf_weight=30.536609247326851 56.036061182618141 33.022804021835327 46.925567910075188 107.16490560770035 31.681883573532104 529.27295483648777
leaf_count=148 241 143 206 469 137 2316
internal_value=0.000340757 -0.00529514 0.00101458 0.000505744 0.000933238 0.00138337
internal_weight=834.641 89.0589 745.582 698.656 668.12 636.438
internal_count=3660 384 3276 3070 2922 2785
is_linear=0
shrinkage=0.02


Tree=143
num_leaves=7
num_cat=0
split_feature=90 38 86 14 61 61
split_gain=7.61577 8.93554 8.20179 6.72645 10.638 11.4141
threshold=0.1000000000000001 7.0050000000000008 3.5000000000000004 0.16500000000000004 5.3850000000000007 3.2950000000000004
decision_type=2 2 2 2 2 2
left_child=1 3 -2 -1 5 -5
right_child=2 -3 -4 4 -6 -7
leaf_value=0.0021877855980789594 0.00088478704121068097 0.010906445532745637 -0.011247685796546397 -0.0049915463107883537 -0.0065571683263041256 0.0050936894207312677
leaf_weight=407.74729366600513 44.481980353593826 34.588126614689827 44.54301580786705 73.364679828286171 114.32926930487156 115.30651278793812
leaf_count=1811 193 151 191 321 497 496
internal_value=0.000334027 0.000994609 -0.00519142 0.000510789 -0.00174592 0.00117148
internal_weight=834.361 745.336 89.025 710.748 303 188.671
internal_count=3660 3276 384 3125 1314 817
is_linear=0
shrinkage=0.02


Tree=144
num_leaves=7
num_cat=0
split_feature=6 46 72 86 23 73
split_gain=6.26352 7.7077 6.2576 6.45668 7.58185 6.76986
threshold=6.3750000000000009 48.250000000000007 2.6500000000000008 5.5000000000000009 29.500000000000004 38.650000000000013
decision_type=2 2 2 2 2 2
left_child=2 -2 -1 5 -5 -4
right_child=1 -3 3 4 -6 -7
leaf_value=0.0048880166296647563 0.0055932897747412915 -0.0034398512088987588 -0.0045974004534575534 -0.014674132476187514 -0.0021269424221268263 0.00092462269330555462
leaf_weight=71.979142844676971 153.71378730237484 50.012391030788422 118.38477934896946 29.225833177566528 56.26778444647789 354.44963990151882
leaf_count=311 718 221 513 125 244 1528
internal_value=0.000327466 0.00337516 -0.00065798 -0.00137371 -0.00642831 -0.00045862
internal_weight=834.033 203.726 630.307 558.328 85.4936 472.834
internal_count=3660 939 2721 2410 369 2041
is_linear=0
shrinkage=0.02


Tree=145
num_leaves=7
num_cat=0
split_feature=46 47 21 42 29 72
split_gain=6.84644 13.3037 8.48134 7.0269 9.19156 6.83664
threshold=47.050000000000004 63.650000000000013 40.750000000000007 52.050000000000004 50.650000000000013 52.750000000000007
decision_type=2 2 2 2 2 2
left_child=1 5 -2 4 -4 -1
right_child=2 -3 3 -5 -6 -7
leaf_value=-0.000892104695200372 0.0050755510505237382 0.010283741322296001 -0.018914120106604069 -0.00098467634063821433 -0.00341024185936388 0.0075361969029459873
leaf_weight=607.22577019035816 28.732726275920868 50.563218086957932 32.02288056910038 43.06843276321888 29.300875216722488 41.002171218395233
leaf_count=2669 122 226 140 190 128 178
internal_value=-0.000378649 0.00041346 -0.00453372 -0.00718089 -0.0115239 -0.000357912
internal_weight=831.916 698.791 133.125 104.392 61.3238 648.228
internal_count=3653 3073 580 458 268 2847
is_linear=0
shrinkage=0.02


Tree=146
num_leaves=7
num_cat=0
split_feature=71 91 25 35 41 79
split_gain=6.59158 7.75064 8.22637 9.78606 8.53971 9.11925
threshold=1.7750000000000001 -0.14999999999999988 6.8250000000000011 6.3350000000000009 37.750000000000007 0.17500000000000002
decision_type=2 2 2 2 2 2
left_child=-1 -2 3 4 5 -3
right_child=1 2 -4 -5 -6 -7
leaf_value=0.0056716927764591868 -0.0020805386439787525 -0.0042450504125734747 0.008926948154128941 0.011059615624020061 -0.012212224433956533 0.0093266312980712484
leaf_weight=66.342892736196518 568.40560540556908 56.454563856124878 56.905887573957443 25.648504495620728 27.789596110582352 30.376121416687965
leaf_count=292 2441 259 270 123 127 141
internal_value=-0.000371058 -0.000895377 0.00252047 -8.30874e-05 -0.00258395 0.000508021
internal_weight=831.923 765.58 197.175 140.269 114.62 86.8307
internal_count=3653 3361 920 650 527 400
is_linear=0
shrinkage=0.02


Tree=147
num_leaves=7
num_cat=0
split_feature=71 91 74 58 62 19
split_gain=6.33395 7.44779 7.13547 6.44483 6.0172 5.81396
threshold=1.7750000000000001 -0.14999999999999988 2.0250000000000004 2.7150000000000003 47.150000000000013 4.8550000000000013
decision_type=2 2 2 2 2 2
left_child=5 3 -3 -2 -4 -1
right_child=1 2 4 -5 -6 -7
leaf_value=0.011526991794807069 -0.0094835573513317797 -0.0066939394712730183 0.0024486091288054672 -0.0014295099013333021 0.012991819570550791 -0.00030819072110678964
leaf_weight=32.837104186415672 42.899558156728745 28.886152803897858 142.64223270118237 525.50482058525085 25.444805607199669 33.468415513634682
leaf_count=144 189 134 666 2252 120 148
internal_value=-0.000363633 -0.000877601 0.002473 -0.00203894 0.0040514 0.00556159
internal_weight=831.683 765.378 196.973 568.404 168.087 66.3055
internal_count=3653 3361 920 2441 786 292
is_linear=0
shrinkage=0.02


Tree=148
num_leaves=7
num_cat=0
split_feature=20 91 9 16 60 58
split_gain=5.25674 6.35454 5.84873 4.74924 4.35115 13.0932
threshold=50.45000000000001 -2.4249999999999998 4.2150000000000007 50.350000000000001 58.350000000000001 5.7550000000000008
decision_type=2 2 2 2 2 2
left_child=1 2 -1 -2 5 -3
right_child=3 4 -4 -5 -6 -7
leaf_value=-0.0106244876357433 -0.00031316534299622215 0.0005163752550108369 0.0012206369955392005 -0.010136580716440803 0.0031137999442568541 -0.013416027251468446
leaf_weight=39.619221806526184 39.004227072000504 443.17976206541061 28.706084445118904 39.660602614283562 212.59213171899319 28.62933075428009
leaf_count=197 169 1934 130 171 927 125
internal_value=-0.000356433 0.000157953 -0.00565339 -0.00527244 0.000738853 -0.000331705
internal_weight=831.391 752.727 68.3253 78.6648 684.401 471.809
internal_count=3653 3313 327 340 2986 2059
is_linear=0
shrinkage=0.02


end of trees

feature_importances:
b1_ex_gap=102
b1_nat_gap=88
venue=73
b1_st=55
b1_local_gap=34
b1_nat2=32
b1_nat=31
b2_nat2=28
b1_nat_rank=21
b1_motor_gap=21
b1_local=18
b5_recent3=17
b2_nat3=16
b4_nat2=16
b1_recent2=15
b2_ex=13
b5_motor3=12
b6_motor=12
b1_nat3=11
b1_motor3=11
b5_nat=11
b5_recent2=11
b6_motor3=11
b2_motor=10
b3_motor=10
b5_local=10
b2_st=9
b3_local=8
b6_nat2=8
b6_local=8
b6_st=8
b1_recent2_gap=8
ex_mean=7
b3_recent2=7
b3_recent3=7
b4_nat=7
b4_nat3=7
b4_ex=7
b4_recent3=7
b4_st=6
b5_nat3=6
b5_motor=6
b1_class_gap=6
b1_ex=5
b1_recent3=5
b2_motor3=5
b6_ex=5
b6_recent3=5
b2_nat=4
b3_motor3=4
b6_nat3=4
wind_mps=3
b2_local=3
b3_nat=3
b3_nat2=3
b4_local=3
b4_motor=3
b4_recent2=3
b4_class=3
b6_nat=3
b6_recent2=3
b1_recent2_rank=3
b2_recent2=2
b2_recent3=2
b3_nat3=2
b1_ex_rank=2
b1_class=1
b3_ex=1
b5_nat2=1
b5_ex=1
b1_local_rank=1

parameters:
[boosting: gbdt]
[objective: binary]
[metric: binary_logloss]
[tree_learner: serial]
[device_type: cpu]
[data_sample_strategy: bagging]
[data: ]
[valid: ]
[num_iterations: 2000]
[learning_rate: 0.02]
[num_leaves: 7]
[num_threads: 0]
[seed: 0]
[deterministic: 0]
[force_col_wise: 0]
[force_row_wise: 0]
[histogram_pool_size: -1]
[max_depth: -1]
[min_data_in_leaf: 120]
[min_sum_hessian_in_leaf: 0.001]
[bagging_fraction: 0.9]
[pos_bagging_fraction: 1]
[neg_bagging_fraction: 1]
[bagging_freq: 5]
[bagging_seed: 3]
[bagging_by_query: 0]
[feature_fraction: 0.7]
[feature_fraction_bynode: 1]
[feature_fraction_seed: 2]
[extra_trees: 0]
[extra_seed: 6]
[early_stopping_round: 0]
[early_stopping_min_delta: 0]
[first_metric_only: 0]
[max_delta_step: 0]
[lambda_l1: 0]
[lambda_l2: 0.1]
[linear_lambda: 0]
[min_gain_to_split: 0]
[drop_rate: 0.1]
[max_drop: 50]
[skip_drop: 0.5]
[xgboost_dart_mode: 0]
[uniform_drop: 0]
[drop_seed: 4]
[top_rate: 0.2]
[other_rate: 0.1]
[min_data_per_group: 100]
[max_cat_threshold: 32]
[cat_l2: 10]
[cat_smooth: 10]
[max_cat_to_onehot: 4]
[top_k: 20]
[monotone_constraints: ]
[monotone_constraints_method: basic]
[monotone_penalty: 0]
[feature_contri: ]
[forcedsplits_filename: ]
[refit_decay_rate: 0.9]
[cegb_tradeoff: 1]
[cegb_penalty_split: 0]
[cegb_penalty_feature_lazy: ]
[cegb_penalty_feature_coupled: ]
[path_smooth: 0]
[interaction_constraints: ]
[verbosity: -1]
[saved_feature_importance_type: 0]
[use_quantized_grad: 0]
[num_grad_quant_bins: 4]
[quant_train_renew_leaf: 0]
[stochastic_rounding: 1]
[linear_tree: 0]
[max_bin: 255]
[max_bin_by_feature: ]
[min_data_in_bin: 3]
[bin_construct_sample_cnt: 200000]
[data_random_seed: 1]
[is_enable_sparse: 1]
[enable_bundle: 1]
[use_missing: 1]
[zero_as_missing: 0]
[feature_pre_filter: 1]
[pre_partition: 0]
[two_round: 0]
[header: 0]
[label_column: ]
[weight_column: ]
[group_column: ]
[ignore_column: ]
[categorical_feature: ]
[forcedbins_filename: ]
[precise_float_parser: 0]
[parser_config_file: ]
[objective_seed: 5]
[num_class: 1]
[is_unbalance: 0]
[scale_pos_weight: 1]
[sigmoid: 1]
[boost_from_average: 1]
[reg_sqrt: 0]
[alpha: 0.9]
[fair_c: 1]
[poisson_max_delta_step: 0.7]
[tweedie_variance_power: 1.5]
[lambdarank_truncation_level: 30]
[lambdarank_norm: 1]
[label_gain: ]
[lambdarank_position_bias_regularization: 0]
[eval_at: ]
[multi_error_top_k: 1]
[auc_mu_weights: ]
[num_machines: 1]
[local_listen_port: 12400]
[time_out: 120]
[machine_list_filename: ]
[machines: ]
[gpu_platform_id: -1]
[gpu_device_id: -1]
[gpu_use_dp: 0]
[num_gpu: 1]

end of parameters

pandas_categorical:[]
