tree
version=v4
num_class=1
num_tree_per_iteration=1
label_index=0
max_feature_idx=90
objective=binary sigmoid:1
feature_names=venue grade wind_dir wind_mps ex_mean has_course_change b1_nat b1_nat2 b1_nat3 b1_local b1_motor b1_motor3 b1_ex b1_ex_st b1_st b1_recent2 b1_recent3 b1_class b1_course b2_nat b2_nat2 b2_nat3 b2_local b2_motor b2_motor3 b2_ex b2_ex_st b2_st b2_recent2 b2_recent3 b2_class b2_course b3_nat b3_nat2 b3_nat3 b3_local b3_motor b3_motor3 b3_ex b3_ex_st b3_st b3_recent2 b3_recent3 b3_class b3_course b4_nat b4_nat2 b4_nat3 b4_local b4_motor b4_motor3 b4_ex b4_ex_st b4_st b4_recent2 b4_recent3 b4_class b4_course b5_nat b5_nat2 b5_nat3 b5_local b5_motor b5_motor3 b5_ex b5_ex_st b5_st b5_recent2 b5_recent3 b5_class b5_course b6_nat b6_nat2 b6_nat3 b6_local b6_motor b6_motor3 b6_ex b6_ex_st b6_st b6_recent2 b6_recent3 b6_class b6_course b1_nat_rank b1_local_rank b1_recent2_rank b1_ex_st_rank b1_ex_st_gap b1_ex_rank b1_ex_gap
feature_infos=[0:8] [0:3] none [0:10] [6.4216666666666669:7.4266666666666667] none [1.3999999999999999:8.1899999999999995] [0:70.599999999999994] [0:82.799999999999997] [0:9.3800000000000008] [1.2:100] [0:100] [6.4199999999999999:7.54] none [0.10000000000000001:0.31] [0:100] [0:100] [0:3] none [1.28:8.1099999999999994] [0:70.5] [0:83] [0:9.3800000000000008] [2:100] [0:100] [6.3700000000000001:7.5800000000000001] none [0.10000000000000001:0.26000000000000001] [0:100] [0:100] [0:3] none [1.3400000000000001:8.5399999999999991] [0:71.700000000000003] [0:86.299999999999997] [0:10.710000000000001] [1.3999999999999999:100] [0:100] [6.3600000000000003:7.5999999999999996] none [0.10000000000000001:0.31] [0:100] [0:100] [0:3] none [1.0900000000000001:8.5399999999999991] [0:70.599999999999994] [0:86.299999999999997] [0:9.8599999999999994] [1.8999999999999999:100] [0:100] [6.4299999999999997:7.5099999999999998] none [0.10000000000000001:0.31] [0:100] [0:100] [0:3] none [1:8.2100000000000009] [0:71.700000000000003] [0:85] [0:9.3800000000000008] [1.6000000000000001:100] [0:100] [6.4199999999999999:7.4400000000000004] none [0.10000000000000001:0.29999999999999999] [0:100] [0:100] [0:3] none [0.88:8.2100000000000009] [0:72] [0:87.5] [0:10.710000000000001] [1.2:100] [0:100] [6.3099999999999996:7.4500000000000002] none [0.10000000000000001:0.31] [0:100] [0:100] [0:3] none [1:6] [1:6] [1:6] none none [1:6] [-0.20999999999999996:0.66999999999999993]
tree_sizes=3273 3400 3418 3396 3403 3401 3386 3409 3385 3400 3411 3412 3407 3407 3403 3418 3406 3405 3404 3409 3408 3413 3409 3402 3411 3402 3404 3408 3399 3391 3422 3416 3420 3401 3408 3411 3401 3422 3405 3404 3423 3420 3416 3410 3406 3411 3404 3416 3403 3419 3427 3427 3418 3410 3426 3412 3424 3416 3420 3403 3401 3407 3416 3408 3394 3410 3418 3410 3391 3401 3411 3423 3412 3415 3414 3418 3423 3426 3406 3407 3423 3399 3420 3408 3421 3400 3411 3410 3420 3408 3386 3407 3418 3417 3403 3378 3404 3387 3383 3419

Tree=0
num_leaves=31
num_cat=0
split_feature=7 84 7 7 21 37 21 64 0 45 11 14 76 64 23 41 10 7 50 45 0 64 11 9 9 41 50 71 58 74
split_gain=186.703 35.6692 30.7622 13.9818 13.5125 12.8778 12.5801 12.1607 11.8673 12.1021 11.7803 11.6977 11.651 11.5681 11.4242 9.95028 14.4303 9.90188 8.98292 8.67282 8.87485 8.50159 11.7519 8.21413 8.56224 8.00414 8.02459 7.80294 9.18887 8.27226
threshold=32.050000000000004 2.5000000000000004 19.550000000000004 50.850000000000001 75.100000000000009 72.800000000000026 48.350000000000001 6.8750000000000009 4.5000000000000009 5.6350000000000007 43.750000000000007 0.14500000000000005 12.750000000000002 6.9050000000000011 38.850000000000001 30.250000000000004 26.750000000000004 24.750000000000004 84.800000000000011 5.1350000000000007 7.5000000000000009 6.8050000000000006 48.350000000000001 8.0100000000000016 6.8350000000000009 24.250000000000004 42.350000000000001 4.5550000000000006 2.7150000000000003 7.2800000000000002
decision_type=2 2 2 2 2 2 2 2 2 2 2 2 2 2 2 2 2 2 2 2 2 2 2 2 2 2 2 2 2 2
left_child=2 11 6 4 5 18 7 12 13 10 15 23 -1 17 19 -10 -17 -4 27 20 -12 -11 -23 24 -2 26 -13 -3 -29 -30
right_child=1 3 8 -5 -6 -7 -8 -9 9 21 14 25 -14 -15 -16 16 -18 -19 -20 -21 -22 22 -24 -25 -26 -27 -28 28 29 -31
leaf_value=0.18249745180142088 0.20868536709199298 0.19714246524392748 0.17299231360016865 0.22573511053644041 0.14844779554759296 0.20898051777662033 0.1424842964296909 0.19460399624722635 0.14133520068568226 0.14167305773998379 0.15011948409752252 0.20491697855291249 0.14240435006531182 0.16001386925921071 0.21810493546555459 0.15519838099225167 0.20634367570982559 0.19438780795355123 0.22487035736174002 0.21276381291593455 0.19166907638157651 0.20267502587776332 0.14012454624110171 0.17699447705332746 0.22683127653253948 0.20328416018950196 0.17453261992918043 0.14012454624110171 0.1787447493451739 0.20419786165710993
leaf_weight=9.9119943380355853 69.879560083150864 30.727182447910309 29.98378287255764 8.6729950457811338 7.9295954704284659 23.7887864112854 43.860574945807457 9.9119943380355817 12.389992922544478 21.310787826776505 10.655393913388256 13.381192356348036 19.080589100718498 17.345990091562271 8.4251951873302442 12.637792780995371 8.1773953288793546 55.507168292999268 4.9559971690177909 4.9559971690177909 8.1773953288793564 5.9471966028213483 4.9559971690177917 5.45159688591957 35.187579900026321 197.00088746845722 18.832789242267609 4.9559971690177909 91.933747485280037 13.133392497897146
leaf_count=40 282 124 121 35 32 96 177 40 50 86 43 54 77 70 34 51 33 224 20 20 33 24 20 22 142 795 76 20 371 53
internal_value=0.188523 0.1991 0.168887 0.188543 0.186725 0.188515 0.1535 0.165918 0.17524 0.167748 0.17516 0.204883 0.156111 0.182352 0.188085 0.162621 0.175291 0.186884 0.185174 0.177453 0.168161 0.152697 0.174243 0.2129 0.214763 0.201017 0.187154 0.183776 0.180043 0.181926
internal_weight=809.067 525.831 283.235 186.098 177.425 169.495 82.7652 38.9046 200.47 97.6331 65.4192 339.734 28.9926 102.837 32.214 33.2052 20.8152 85.491 145.706 23.7888 18.8328 32.214 10.9032 110.519 105.067 229.215 32.214 140.75 110.023 105.067
internal_count=3265 2122 1143 751 716 684 334 157 809 394 264 1371 117 415 130 134 84 345 588 96 76 130 44 446 424 925 130 568 444 424
is_linear=0
shrinkage=1


Tree=1
num_leaves=31
num_cat=0
split_feature=7 84 7 7 53 21 36 21 64 14 0 64 55 74 16 29 50 71 22 45 67 53 9 11 64 11 37 6 9 54
split_gain=175.561 33.6532 28.7804 13.2063 12.9964 12.6693 12.994 11.7352 11.3951 11.0696 10.1692 10.362 11.2629 10.0809 9.70603 10.8654 9.77511 10.3404 11.5348 9.27968 11.3985 10.1813 9.34939 13.6946 9.10575 10.616 8.27833 7.98177 8.9438 9.33059
threshold=32.050000000000004 2.5000000000000004 19.550000000000004 50.850000000000001 0.13500000000000004 75.100000000000009 55.45000000000001 48.350000000000001 6.8750000000000009 0.14500000000000005 4.5000000000000009 6.9050000000000011 43.45000000000001 1.8700000000000003 57.850000000000001 52.750000000000007 83.100000000000009 2.5600000000000001 3.4450000000000007 5.6350000000000007 29.350000000000005 0.17500000000000002 4.6350000000000007 29.500000000000004 6.7950000000000008 48.350000000000001 57.050000000000004 4.995000000000001 4.5650000000000004 31.650000000000002
decision_type=2 2 2 2 2 2 2 2 2 2 2 2 2 2 2 2 2 2 2 2 2 2 2 2 2 2 2 2 2 2
left_child=2 9 7 5 -4 6 14 8 13 -2 11 12 -6 -1 16 -16 17 -3 -19 20 26 22 23 -22 -21 -26 -12 28 -14 -30
right_child=1 3 4 -5 10 -7 -8 -9 -10 -11 19 -13 27 -15 15 -17 -18 18 -20 24 21 -23 -24 -25 25 -27 -28 -29 29 -31
leaf_value=-0.0055053639811050332 0.024042955714757987 0.02908067128010455 -0.043980687014425909 0.036575712295667001 -0.019575181161641232 -0.03840608294627202 0.023013879489202759 -0.044151660740005087 0.0062389332160084025 0.012471892486464083 -0.050216959865262804 -0.025550065629353646 0.011962964920347364 -0.04325142355393187 -0.03589282260760019 0.0071600479563835662 0.04192165296289467 0.017911894358586183 -0.007960229911194508 -0.045614073536926467 0.026499331598297742 -0.018764298116145339 0.026882638807268551 -0.038331587749624266 0.017673982361845218 -0.041547840221176108 -0.0054682229224051809 0.025411893507470973 0.018069867925832706 -0.027179077008497806
leaf_weight=9.4213367998600024 110.24236986041069 9.4068080484867078 11.170174315571783 8.6394730210304242 19.332002535462379 7.9560880661010733 20.039164155721664 44.026168093085289 9.9059176445007306 228.92606204748154 9.9321788698434812 16.643237471580505 26.522686943411827 19.648595631122589 14.869305968284609 8.1770540028810483 4.9396130591630927 18.595089048147202 93.452346190810204 17.412481307983402 5.2106445729732531 22.321072652935982 12.881100177764891 6.7069225013256073 5.6926532089710218 5.2242591083049774 5.9493916630744925 15.355465382337568 5.7003937810659435 14.621735498309134
leaf_count=38 446 38 45 35 78 32 81 177 40 925 40 67 107 79 60 33 20 75 377 70 21 90 52 27 23 21 24 62 23 59
internal_value=0.000337281 0.0106083 -0.01868 0.000356106 -0.0125346 -0.00140745 0.000329419 -0.033538 -0.0215491 0.0162329 -0.0106811 -0.0039782 0.00042528 -0.0310182 -0.00271245 -0.0206173 0.000552275 -0.00113024 -0.00366656 -0.0178863 -0.0114738 -0.00406559 0.00916459 -0.00998596 -0.0321468 -0.0106665 -0.0334536 0.00664147 0.000488636 -0.0144867
internal_weight=808.922 525.243 283.678 186.075 200.676 177.435 169.479 83.002 38.9759 339.168 189.506 98.1755 81.5323 29.0699 149.44 23.0464 126.394 121.454 112.047 91.3307 63.0013 47.1197 24.7987 11.9176 28.3294 10.9169 15.8816 62.2003 46.8448 20.3221
internal_count=3265 2122 1143 751 809 716 684 334 157 1371 764 396 329 117 603 93 510 490 452 368 254 190 100 48 114 44 64 251 189 82
is_linear=0
shrinkage=0.03


Tree=2
num_leaves=31
num_cat=0
split_feature=7 84 7 7 53 90 21 36 90 14 90 37 41 0 55 41 41 23 71 16 16 50 71 22 55 21 73 50 45 10
split_gain=165.139 31.7515 26.9722 12.4808 12.1664 11.9726 11.8895 12.2538 11.7354 11.7161 11.502 10.6279 13.2894 10.4775 10.4966 13.019 9.57365 12.1485 12.4218 9.15789 9.11444 9.24444 9.75526 10.8601 9.10728 9.08548 9.40421 8.97524 8.90397 15.2166
threshold=32.050000000000004 2.5000000000000004 19.550000000000004 50.850000000000001 0.13500000000000004 0.074999999999999747 75.100000000000009 55.45000000000001 -0.020000000000000014 0.14500000000000005 0.06000000000000006 60.150000000000006 31.950000000000003 4.5000000000000009 43.250000000000007 29.450000000000003 24.250000000000004 35.650000000000013 5.6350000000000007 55.250000000000007 57.850000000000001 83.100000000000009 2.5600000000000001 3.4450000000000007 48.95000000000001 48.350000000000001 9.6000000000000014 49.850000000000009 5.6350000000000007 23.000000000000004
decision_type=2 2 2 2 2 2 2 2 2 2 2 2 2 2 2 2 2 2 2 2 2 2 2 2 2 2 2 2 2 2
left_child=2 5 8 6 -4 9 7 20 -1 -2 13 -7 -13 14 27 -16 17 18 -11 -12 21 22 -3 -24 -21 26 -10 -6 29 -15
right_child=1 3 4 -5 10 11 -8 -9 25 16 19 12 -14 28 15 -17 -18 -19 -20 24 -22 -23 23 -25 -26 -27 -28 -29 -30 -31
leaf_value=0.0047986091423449654 0.026952013016231399 0.028296834811860686 -0.042523412568031771 0.03563871751659984 -0.039047767722486915 0.011013814350391799 -0.037160190258241861 0.022379650068841184 0.0096647428144072036 0.029287864492940095 -0.029857628757580901 0.017193701474316331 -0.041237049057254699 -0.034673338029096737 0.033220572482679497 -0.00014566804497145113 0.016683501905077777 -0.031870526441334542 -0.023139500362756655 -0.030357331322171777 -0.019963565303518106 0.040872293263659876 0.017404587362028209 -0.0077158205907873461 0.021708805278588227 -0.045496432487502195 -0.031695020591904939 0.0041353403341246016 -0.032070509672401194 0.003621141023829494
leaf_weight=6.9689031988382331 93.183318167924881 9.3777969628572446 11.205806136131285 8.6011940240859968 9.1915334016084689 39.021758869290352 7.9758305549621573 19.989604994654655 5.9510286450386038 11.879031062126165 38.244700625538826 5.6822370886802664 9.1352555900812131 13.18922872841358 13.872806817293165 43.607009068131447 164.82437388598919 8.6663701385259611 6.1850699931383124 5.2193391472101194 23.085708424448967 4.9148109257221213 18.563463777303696 93.519157201051712 7.1870448589324951 40.901048481464386 29.348389267921448 8.1927527040243131 18.924326792359352 31.988368511199951
leaf_count=28 378 38 45 35 37 158 32 81 24 48 154 23 37 53 56 176 667 35 25 21 93 20 75 377 29 164 118 33 76 129
internal_value=0.000328028 0.0103031 -0.0180985 0.00034615 -0.0121487 0.0157739 -0.00136475 0.000320101 -0.032465 0.018227 -0.0103537 0.0028003 -0.0188299 -0.00589289 0.00172955 0.00790731 0.0139826 -0.00267147 0.011337 -0.0225922 -0.00263025 0.000536133 -0.00109604 -0.0035553 -0.000195307 -0.0358729 -0.0247223 -0.0186967 -0.0147951 -0.00755862
internal_weight=808.597 524.605 283.992 186.028 200.823 338.577 177.426 169.451 83.1694 284.738 189.617 53.8393 14.8175 138.966 74.8641 57.4798 191.555 26.7305 18.0641 50.6511 149.461 126.375 121.46 112.083 12.4064 76.2005 35.2994 17.3843 64.1019 45.1776
internal_count=3265 2122 1143 751 809 1371 716 684 334 1153 764 218 60 560 302 232 775 108 73 204 603 510 490 452 50 306 142 70 258 182
is_linear=0
shrinkage=0.03


Tree=3
num_leaves=31
num_cat=0
split_feature=7 84 7 7 90 21 37 14 90 47 90 54 37 41 21 20 63 42 20 46 69 58 21 84 58 50 80 0 47 33
split_gain=155.376 29.9628 25.3106 11.8014 11.314 11.1669 11.1943 11.1105 11.0096 10.0471 10.364 12.9321 9.99456 12.449 9.85665 9.50638 9.33207 9.22227 10.0732 9.74264 9.2215 9.58247 8.52625 8.93963 7.95494 9.46156 7.63769 7.60882 8.80066 7.30485
threshold=32.050000000000004 2.5000000000000004 19.550000000000004 50.850000000000001 0.074999999999999747 75.100000000000009 72.800000000000026 0.14500000000000005 -0.020000000000000014 58.95000000000001 0.06000000000000006 12.050000000000002 60.150000000000006 31.950000000000003 46.150000000000013 13.15 49.550000000000004 38.150000000000013 51.550000000000004 25.350000000000005 2.5000000000000004 2.0750000000000006 48.350000000000001 4.5000000000000009 2.7150000000000003 83.100000000000009 31.050000000000004 5.5000000000000009 69.050000000000011 29.650000000000002
decision_type=2 2 2 2 2 2 2 2 2 2 2 2 2 2 2 2 2 2 2 2 2 2 2 2 2 2 2 2 2 2
left_child=2 4 8 5 7 6 24 -2 -1 10 11 -4 26 -14 16 -13 -12 19 -19 -9 21 -17 23 -10 -3 -26 -6 28 -11 -22
right_child=1 3 9 -5 12 -7 -8 17 22 27 14 15 13 -15 -16 20 -18 18 -20 -21 29 -23 -24 -25 25 -27 -28 -29 -30 -31
leaf_value=0.0046561103015695946 0.026232685402937383 -0.036022179635307836 -0.036373791244289293 0.034744022626051918 0.029121541552679271 -0.035983218578239259 0.019450970810596088 0.026216071571870867 0.0029645058209329198 -0.021486463254338894 0.015608856130438978 0.038413016425370893 0.016710629176844717 -0.039831056408157858 -0.033631204842658274 -0.035037999780011729 -0.029918070027862981 0.017812693100835209 -0.01271255015938447 -0.017786670262980003 -0.045068645159410128 0.0044713830762696284 -0.044054477444166476 -0.032403396122210652 -0.002920461836257434 0.036760678526041632 0.0011241260937758684 -0.037708253535351371 0.021563240885969909 -0.0026894565677174423
leaf_weight=6.966751128435134 92.871079474687576 6.2089443355798712 9.7049833536148054 8.5586446523666364 13.32558414340019 7.9893860816955558 23.660499438643456 6.4252310693264034 8.4535253942012769 23.611852005124096 9.6899208724498767 5.4503470063209525 5.6712718904018393 9.1733775287866575 23.376164093613625 5.957124635577201 6.9645901322364798 159.12011434137821 10.363140612840651 15.341057941317557 7.4467286616563779 76.135031193494797 40.971397876739502 26.8963862657547 133.89689634740353 5.6356246769428244 25.647852763533592 20.191887483000755 5.2183775156736365 7.1997187584638596
leaf_count=28 378 25 39 35 54 32 96 26 34 95 39 22 23 37 94 24 28 645 42 62 30 307 164 108 540 23 104 81 21 29
internal_value=0.0003191 0.0100084 -0.0175398 0.00033647 0.0153304 -0.0013236 0.000311027 0.0177194 -0.0314452 -0.0117763 -0.00796582 -0.00327915 0.00271801 -0.0182298 -0.021066 -0.000136119 -0.00342961 0.0135854 0.0159462 -0.00479742 -0.00230801 0.00160433 -0.0347406 -0.0239456 -0.00279626 -0.00131777 0.0106968 -0.0235855 -0.0136943 -0.0242364
internal_weight=808.123 523.889 284.235 185.95 337.939 177.391 169.402 284.121 83.2881 200.947 151.925 111.894 53.8181 14.8446 40.0307 102.189 16.6545 191.25 169.483 21.7663 96.7386 82.0922 76.3213 35.3499 145.741 139.533 38.9734 49.0221 28.8302 14.6464
internal_count=3265 2122 1143 751 1371 716 684 1153 334 809 612 451 218 60 161 412 67 775 687 88 390 331 306 142 588 563 158 197 116 59
is_linear=0
shrinkage=0.03


Tree=4
num_leaves=31
num_cat=0
split_feature=8 84 7 14 90 9 58 75 58 67 0 46 55 0 33 21 90 22 9 67 22 20 15 21 7 34 8 36 46 59
split_gain=147.153 33.1948 16.037 13.793 13.1853 14.3773 12.1653 14.7102 11.9898 11.4966 13.7409 10.764 10.5376 10.3588 11.0413 11.0529 10.3409 10.2868 10.0074 9.97207 9.68727 9.67351 9.22675 9.10692 14.7348 10.4151 8.95543 8.90419 8.46692 8.31084
threshold=47.050000000000004 2.5000000000000004 19.550000000000004 0.16500000000000004 0.06000000000000006 6.2250000000000005 5.9750000000000005 34.850000000000001 3.4150000000000005 27.050000000000004 5.5000000000000009 48.250000000000007 59.45000000000001 4.5000000000000009 25.650000000000002 69.850000000000009 -0.020000000000000014 4.1950000000000012 7.8950000000000005 37.45000000000001 4.7650000000000006 27.450000000000003 36.250000000000007 46.050000000000004 25.100000000000005 64.350000000000009 40.550000000000004 42.95000000000001 43.750000000000007 33.050000000000004
decision_type=2 2 2 2 2 2 2 2 2 2 2 2 2 2 2 2 2 2 2 2 2 2 2 2 2 2 2 2 2 2
left_child=2 4 16 13 5 9 7 23 -5 10 -2 18 -11 19 -15 -16 -1 -10 -7 -3 -19 -12 -13 25 -25 26 -4 28 -6 -22
right_child=1 3 6 8 27 11 -8 -9 17 12 21 22 -14 14 15 -17 -18 20 -20 -21 29 -23 -24 24 -26 -27 -28 -29 -30 -31
leaf_value=0.0045178522721459934 0.0076747237709183904 0.017803969099317654 0.039280757855780772 -0.050280471328754989 0.0024639291065375506 0.030118902500669509 -0.030090863589948461 -0.023217456525021888 0.011256564213331034 0.018607300211179918 -0.0049670323765353078 -0.0088954488525035715 -0.016035284311491118 -0.034871362300741102 0.0072108389089541201 -0.032591183230593332 -0.033667675308978691 -0.045401054833826157 -0.005431550682567351 -0.005324170515642759 -0.023956420362828787 -0.061709540429715846 0.034373909529398984 -0.02520641799777432 0.011654040350091278 -0.028343626433851646 0.0034746657867866389 -0.015184540823065501 0.031065409013299537 0.0010810959813140546
leaf_weight=6.9645873904228202 28.078898176550865 63.545448377728462 11.162978827953344 6.2063884437084189 40.922945499420166 107.11361026763916 32.844859898090363 43.011944100260735 20.558813989162445 94.976819917559624 5.6559497565031034 14.499566480517389 8.6196924149990064 9.2036466151475889 40.329148262739182 7.43723240494728 76.389569580554962 7.4432699233293524 7.6344116628170005 22.797618076205254 19.608740091323853 5.180943489074707 6.39008705317974 24.150234416127205 16.38064806163311 4.971150428056716 14.391200557351111 18.53306619822979 12.060469433665274 30.476493030786514
leaf_count=28 114 257 45 25 166 436 132 173 83 386 23 59 35 37 163 30 306 30 31 92 79 21 26 97 66 20 58 75 49 123
internal_value=0.000310379 0.00839852 -0.0199664 -0.000518087 0.0142026 0.0171565 -0.0140029 -0.00937048 -0.0101476 0.0105025 -0.00339988 0.0241478 0.0157249 0.00514578 -0.00478365 0.00101366 -0.0304771 -0.00695783 0.0277537 0.0116973 -0.0134671 -0.0320947 0.00434053 -0.000988594 -0.0103092 0.0113871 0.019116 0.00271376 0.00897441 -0.00872128
internal_weight=807.54 577.273 230.267 227.607 349.666 278.15 146.913 114.068 84.2937 142.512 38.9158 135.638 103.597 143.313 56.97 47.7664 83.3542 78.0873 114.748 86.3431 57.5285 10.8369 20.8897 71.0562 40.5309 30.5253 25.5542 71.5165 52.9834 50.0852
internal_count=3265 2340 925 919 1421 1131 591 459 340 579 158 552 421 579 230 193 334 315 467 349 232 44 85 286 163 123 103 290 215 202
is_linear=0
shrinkage=0.03


Tree=5
num_leaves=31
num_cat=0
split_feature=8 0 8 75 0 8 32 90 8 12 21 51 28 45 8 36 42 80 51 66 20 8 8 71 47 90 20 23 34 15
split_gain=144.593 25.1452 21.3123 18.0695 14.808 14.4239 11.9761 11.9624 11.7453 13.8731 11.2752 13.4251 11.6004 11.1931 11.1572 10.9663 10.3541 10.243 10.1175 9.20345 8.89885 8.68165 10.5636 8.61364 8.25817 8.04977 7.79881 9.4677 8.92833 7.86258
threshold=47.050000000000004 4.5000000000000009 58.650000000000013 55.250000000000007 4.5000000000000009 32.95000000000001 4.2650000000000006 0.029999999999999808 64.450000000000017 6.7150000000000007 46.050000000000004 7.0150000000000006 31.050000000000004 5.9750000000000005 76.90000000000002 18.850000000000005 63.350000000000001 28.950000000000003 6.8450000000000006 0.16500000000000004 22.450000000000003 47.750000000000007 52.250000000000007 3.6350000000000002 70.550000000000011 -0.010000000000000229 17.450000000000003 44.650000000000013 53.850000000000001 29.250000000000004
decision_type=2 2 2 2 2 2 2 2 2 2 2 2 2 2 2 2 2 2 2 2 2 2 2 2 2 2 2 2 2 2
left_child=3 2 6 4 5 -1 -2 15 17 -10 12 -12 -6 25 16 -4 21 -9 -17 20 -14 -3 23 -23 -15 -8 -7 29 -29 -28
right_child=1 14 7 -5 10 26 13 8 9 -11 11 -13 19 24 -16 18 -18 -19 -20 -21 -22 22 -24 -25 -26 -27 27 28 -30 -31
leaf_value=-0.027605100924792961 0.02135802664776449 0.038835503211816239 0.00082583454398322165 -0.054681771043010002 -0.034830379941941297 0.021064637849535179 0.030426311875985775 0.021230305590927194 -0.022955998653844512 0.026569655159386554 -0.037022048218622296 0.010921245542384115 -0.042581053597848806 -0.023522903260115129 0.036530211055204161 0.022787455674541875 -0.027156043136647649 -0.014965892522505951 0.043848736184235952 0.012314329515278329 0.0091767359983500763 0.019365544062181869 0.0025699444307604245 -0.02390492325404207 0.013999517523015164 0.0016483649050302491 -0.034255128552086615 0.030222476099501537 -0.015375179132053116 -0.0065933395052877632
leaf_weight=29.937248721718788 27.614398464560509 5.212714657187461 15.985911980271338 12.723494857549666 15.205729767680166 10.418642148375509 10.114580303430555 10.108135625720022 5.8999125957489005 37.103221699595451 63.36747744679451 5.7320886701345435 7.478206008672716 25.252148553729061 7.3574838489294043 97.185839623212814 12.845463410019873 23.153182432055473 26.025044485926628 16.400470376014709 4.9810215085744858 4.9590426534414318 166.05147022008896 25.082288578152657 6.6741238087415686 64.744502425193787 12.195077553391455 10.200321048498155 6.2224299907684317 38.26826074719429
leaf_count=120 112 21 65 51 61 42 41 41 24 151 254 23 30 102 30 396 52 94 106 66 20 20 674 101 27 262 49 41 25 154
internal_value=-8.96291e-06 0.00811509 0.0131228 -0.0199198 -0.0179131 -0.00992529 0.00374771 0.0189707 0.0094208 0.0197749 -0.0254829 -0.033045 -0.0136248 -0.000806266 0.0002057 0.024203 -0.00104228 -0.00396584 0.0272361 -0.00245185 -0.021889 0.000624056 -0.000391715 -0.0167621 -0.0156789 0.0055367 -0.00307855 -0.00683926 0.0129459 -0.0132781
internal_weight=804.5 571.369 349.861 233.13 220.407 107.242 134.4 215.461 76.2645 43.0031 113.165 69.0996 44.0654 106.785 221.508 139.197 214.151 33.2613 123.211 28.8597 12.4592 201.306 196.093 30.0413 31.9263 74.8591 77.3047 66.8861 16.4228 50.4633
internal_count=3255 2319 1421 936 885 431 544 877 310 175 454 277 177 432 898 567 868 135 502 116 50 816 795 121 129 303 311 269 66 203
is_linear=0
shrinkage=0.03


Tree=6
num_leaves=31
num_cat=0
split_feature=6 0 8 0 90 6 90 46 9 75 74 14 8 73 34 81 23 19 47 81 23 59 7 42 33 90 48 75 6 8
split_gain=144.751 20.9527 18.8022 16.4477 15.3438 12.4403 11.8931 12.8805 10.2284 9.86955 9.66544 11.2051 9.35873 9.12085 9.02417 8.73255 12.1994 10.1779 10.1083 8.58365 8.46703 9.81202 9.47658 8.25834 8.42128 7.87345 7.46648 9.12031 8.26465 11.1935
threshold=5.3650000000000011 4.5000000000000009 33.95000000000001 4.5000000000000009 -0.015000000000000123 6.4050000000000011 0.11999999999999968 45.550000000000004 4.0750000000000011 28.750000000000004 1.405 0.17500000000000002 76.90000000000002 72.950000000000017 36.45000000000001 48.750000000000007 35.95000000000001 5.4350000000000014 61.45000000000001 49.900000000000006 26.750000000000004 40.550000000000004 38.45000000000001 61.150000000000013 13.000000000000002 0.06000000000000006 6.8050000000000006 35.550000000000004 6.4450000000000012 67.250000000000014
decision_type=2 2 2 2 2 2 2 2 2 2 2 2 2 2 2 2 2 2 2 2 2 2 2 2 2 2 2 2 2 2
left_child=2 4 -1 10 -2 6 7 20 -5 -9 14 15 23 -7 -4 18 17 -17 25 -11 21 22 -6 24 -3 -12 28 -28 -26 -30
right_child=1 12 3 8 5 13 -8 9 -10 19 11 -13 -14 -15 -16 16 -18 -19 -20 -21 -22 -23 -24 -25 26 -27 27 -29 29 -31
leaf_value=-0.028577176561420989 0.033892941454320299 0.038110681807116333 0.048324374561403961 -0.034765844527999919 0.031800779572933431 0.023670945083141749 -0.026121280783985217 -0.045299626894968942 -0.014453194438630803 0.023441178274166637 0.0083826623914846424 -0.020391651178599503 0.035625186386737513 -0.0082266073407202944 0.0033554374152963504 0.0073113286797704203 0.034805425917734376 -0.040843829917433919 -0.04568355964372988 -0.018534072725265319 0.018325962904053084 -0.026653369875101425 -0.0028325588180208973 -0.020825220232964296 -0.00088097248954991238 -0.032855624349343859 -0.030739394242298483 0.0035466405845148798 0.037001446167194973 0.0048044059512069867
leaf_weight=77.123316839337349 35.021590083837509 5.9013170897960654 5.1823923140764263 30.173521652817726 11.070609152317049 93.894290581345558 8.903915807604788 5.6900740563869503 85.620899170637131 7.8851050585508373 15.359172523021703 40.255041092634201 7.3186476677656165 8.8263567984104139 17.849056228995323 19.33643446862698 11.65760615468025 4.9642823487520209 6.4661089181900016 9.8764888495206815 90.086721748113632 8.6088604927062971 19.878294736146927 14.331819102168081 84.100621819496155 5.7181221395730963 13.065991669893267 14.997360333800314 14.273507460951803 30.449144065380096
leaf_count=309 143 24 21 121 45 384 36 23 344 32 62 162 30 36 72 78 47 20 26 40 366 35 81 58 341 23 53 61 58 124
internal_value=-8.08865e-06 0.0103363 -0.0156743 -0.0115721 0.0152318 0.012763 0.00758434 0.00954462 -0.0197462 -0.0109149 -0.0041068 -0.00800932 0.00238051 0.0209301 0.0134741 -0.0001599 0.00957672 -0.00252607 -0.0128712 0.000100475 0.0132456 0.00167584 0.00955599 0.00100683 0.00292892 -0.002805 0.00160555 -0.0124166 0.00466018 0.0150803
internal_weight=803.887 484.181 319.706 242.583 299.742 264.721 162 153.096 115.794 23.4517 126.788 103.757 184.438 102.721 23.0314 63.5017 35.9583 24.3007 27.5434 17.7616 129.644 39.5578 30.9489 177.12 162.788 21.0773 156.887 28.0634 128.823 44.7227
internal_count=3255 1970 1285 976 1221 1078 658 622 465 95 511 418 749 420 93 256 145 98 111 72 527 161 126 719 661 85 637 114 523 182
is_linear=0
shrinkage=0.03


Tree=7
num_leaves=31
num_cat=0
split_feature=6 0 8 90 71 6 71 64 20 0 90 16 58 8 46 22 8 9 14 12 42 33 49 8 20 6 77 20 27 79
split_gain=136.272 19.7958 17.7156 14.5704 13.1618 11.7801 12.4584 11.3432 11.3204 10.8147 9.30366 9.67161 10.6473 15.5735 9.63095 9.05467 8.86288 8.39031 8.33939 8.97372 7.75774 7.97019 7.87652 9.64222 7.69815 8.66077 7.66071 7.65452 7.51773 10.7967
threshold=5.3650000000000011 4.5000000000000009 35.850000000000001 -0.015000000000000123 2.2750000000000004 6.4050000000000011 7.3650000000000011 6.6650000000000009 26.250000000000004 4.5000000000000009 0.044999999999999936 37.400000000000006 4.7250000000000005 63.650000000000013 34.850000000000001 5.1250000000000009 76.90000000000002 3.4450000000000007 0.17500000000000002 6.8950000000000005 61.150000000000013 13.000000000000002 49.050000000000004 69.250000000000014 32.250000000000007 6.205000000000001 6.7250000000000005 50.550000000000004 0.18500000000000003 0.14500000000000005
decision_type=2 2 2 2 2 2 2 2 2 2 2 2 2 2 2 2 2 2 2 2 2 2 2 2 2 2 2 2 2 2
left_child=2 3 8 -2 15 7 -7 -5 -1 18 14 -12 -13 -14 -9 -4 20 -11 19 -6 21 -3 -23 -24 25 -16 -17 -26 29 -20
right_child=1 16 4 5 9 6 -8 10 -10 17 11 12 13 -15 24 26 -18 -19 28 -21 -22 22 23 -25 27 -27 -28 -29 -30 -31
leaf_value=-0.011915119521111612 0.033042775127498203 0.037160130931476756 0.024977653728728465 -0.03744647862703096 0.0046309110818092067 0.022715362600361243 -0.02627869146683208 0.020353864627962289 -0.033637688879960347 -0.0439036177074087 0.035871837186109812 0.012719011781300915 -0.03450783206020254 0.024640763650204685 -0.00010552991484106274 -0.036474593766197029 0.034760066174292344 -0.017246035879315006 -0.047784787634579468 -0.026657323886417568 -0.020159346626085546 0.0050622300536345942 -0.0040824529104362423 -0.04702521963490526 0.024121543717550688 -0.044953349781579922 0.0099653617867196086 -0.015013800856780573 -0.042669049326354999 -0.0020464171777528498
leaf_weight=33.1619883030653 34.847618624567986 5.8711574524641028 14.615483760833742 4.9289212524890891 55.002516001462936 97.489208295941353 4.9061473608016959 68.170773804187775 61.883241400122643 12.225679352879522 4.9354673624038687 13.062774807214735 17.808758929371837 5.1691282093524924 18.453950107097629 5.4680987000465375 7.2764110863208762 81.222956120967865 5.7257576584816006 9.705775782465933 14.360596582293509 123.33724908530712 27.843148037791252 5.662986457347869 18.437265381217006 4.9055926203727713 7.6967650204896927 5.9494861215353003 8.455729126930235 24.604444906115532
leaf_count=133 143 24 59 20 222 400 20 278 248 49 20 53 72 21 75 22 30 326 23 39 58 501 113 23 75 20 31 24 34 99
internal_value=-7.17553e-06 0.010043 -0.0152008 0.0148094 -0.0106085 0.0124046 0.0203679 0.00736567 -0.0260585 -0.0133353 0.00877348 -0.00351377 -0.0089073 -0.0212017 0.013117 0.00872253 0.00231076 -0.0207336 -0.00665517 -6.20979e-05 0.000977341 0.00284279 0.00155818 -0.0113404 0.00278431 -0.00952374 -0.00932373 0.0145739 -0.0176547 -0.0106809
internal_weight=803.185 483.417 319.768 299.065 224.723 264.217 102.395 161.822 95.0452 196.943 156.893 40.9761 36.0407 22.9779 115.917 27.7803 184.352 93.4486 103.494 64.7083 177.075 162.715 156.843 33.5061 47.7463 23.3595 13.1649 24.3868 38.7859 30.3302
internal_count=3255 1970 1285 1221 904 1078 420 658 381 792 638 166 146 93 472 112 749 375 417 261 719 661 637 136 194 95 53 99 156 122
is_linear=0
shrinkage=0.03


Tree=8
num_leaves=31
num_cat=0
split_feature=6 0 6 21 74 36 45 6 29 46 6 46 41 24 7 49 9 36 11 7 7 6 7 3 23 58 38 11 53 68
split_gain=128.311 18.7101 16.7037 12.7012 12.2961 11.9832 10.9961 10.3607 9.70763 9.00105 8.83472 15.78 11.0385 9.46701 15.5333 9.22396 11.353 8.78199 11.9483 8.9001 8.8955 8.75359 8.70693 9.4594 8.36466 8.22715 8.1088 8.55694 7.96108 7.94717
threshold=5.3650000000000011 4.5000000000000009 4.5250000000000012 48.350000000000001 1.2650000000000003 35.95000000000001 5.6750000000000007 5.7550000000000008 52.150000000000013 47.350000000000001 6.455000000000001 28.500000000000004 42.95000000000001 57.050000000000004 38.750000000000007 28.350000000000005 7.1750000000000007 41.45000000000001 58.250000000000007 37.250000000000007 43.050000000000004 5.535000000000001 47.750000000000007 3.5000000000000004 13.400000000000002 6.7250000000000005 6.7750000000000012 33.500000000000007 0.16500000000000004 48.45000000000001
decision_type=2 2 2 2 2 2 2 2 2 2 2 2 2 2 2 2 2 2 2 2 2 2 2 2 2 2 2 2 2 2
left_child=2 7 3 5 6 8 29 21 28 -6 12 -12 13 17 -15 -13 22 18 19 -3 -21 -2 -17 -24 -9 -5 -7 -28 -1 -4
right_child=1 10 4 25 9 26 -8 24 -10 -11 11 15 -14 14 -16 16 -18 -19 -20 20 -22 -23 23 -25 -26 -27 27 -29 -30 -31
leaf_value=-0.036157663385021438 0.016896180371952372 -0.022834380825007536 -0.0032679096204031206 -0.032096134595930303 -0.0089131198533119321 -0.040284625073324622 -0.019194956994080775 -0.0046415488715186521 0.013544664760182023 -0.033276362762735032 0.035182424496502954 0.040684163103913158 -0.032045056896878026 0.015253057819047212 -0.026506798551970266 0.020417270237056313 0.020426571103642491 -0.012403005345850135 0.028797061274059701 0.027561479276471221 -0.019067990781110575 -0.0058135420167648591 -0.0078149880845277599 -0.047504097684228919 0.018750902838336293 0.005901994864887578 -0.032548562730697186 0.01719546293636862 -0.0017248615251552267 0.036148841651945873
leaf_weight=9.7309971302747744 26.074522897601128 10.118315026164057 7.1712707132101121 78.785275682806969 117.0379870980978 17.710396572947506 8.2072840183973295 14.672057196497915 18.923853367567062 15.449462652206419 17.579237744212151 5.133295625448226 10.649122998118399 12.11292804777622 23.704918518662453 6.385612651705741 14.693190202116964 16.274681657552719 23.119165301322937 11.5644987821579 5.4020533412694922 36.885060086846352 20.140981882810596 7.3867435306310645 220.70665067434311 5.4852715730667105 6.4929923117160779 5.9774527698755264 15.946482479572294 12.857107788324354
leaf_count=39 106 41 29 316 471 71 33 60 76 62 72 21 43 49 96 26 60 66 94 47 22 150 82 30 905 22 26 24 64 52
internal_value=-6.34712e-06 0.00975908 -0.0147443 -0.0216367 -0.00792344 -0.0126373 0.010051 0.0144014 -0.00275862 -0.0117541 0.0022429 0.0105095 -0.00297702 4.89721e-05 -0.0123844 0.0024386 -0.00160048 0.0067479 0.0129561 -0.000565521 0.0127149 0.00359162 -0.0111439 -0.0184651 0.0172928 -0.0296228 -0.0272361 -0.00870478 -0.0147739 0.0220355
internal_weight=802.379 482.603 319.776 159.053 160.723 74.7822 28.2357 298.338 44.6013 132.487 184.265 71.3191 112.946 102.297 35.8178 53.7398 48.6065 66.4787 50.204 27.0849 16.9666 62.9596 33.9133 27.5277 235.379 84.2705 30.1808 12.4704 25.6775 20.0284
internal_count=3255 1970 1285 638 647 300 114 1221 179 533 749 291 458 415 145 219 198 270 204 110 69 256 138 112 965 338 121 50 103 81
is_linear=0
shrinkage=0.03


Tree=9
num_leaves=31
num_cat=0
split_feature=6 75 6 7 71 71 61 77 54 74 16 28 11 79 58 27 11 77 22 10 20 53 50 64 45 75 14 69 46 79
split_gain=120.826 16.2373 15.5985 15.1963 11.2608 11.0316 10.0751 9.40614 8.83018 12.5428 8.89278 12.1672 8.50879 8.79312 8.13263 8.08592 11.7355 8.07581 7.89378 7.54364 7.46679 7.28259 7.10272 7.03402 6.94108 8.3788 6.88254 8.26971 7.77997 7.96363
threshold=5.3650000000000011 55.250000000000007 6.4250000000000007 16.050000000000004 7.3650000000000011 2.2750000000000004 6.7650000000000006 6.7250000000000005 32.45000000000001 6.245000000000001 58.250000000000007 36.050000000000004 63.70000000000001 0.16500000000000004 6.1750000000000007 0.15500000000000003 43.750000000000007 6.8850000000000007 4.8650000000000011 66.450000000000017 30.050000000000004 0.19500000000000003 11.300000000000002 6.9450000000000012 2.9150000000000005 35.350000000000001 0.14500000000000005 1.0000000180025095e-35 44.850000000000001 0.18500000000000003
decision_type=2 2 2 2 2 2 2 2 2 2 2 2 2 2 2 2 2 2 2 2 2 2 2 2 2 2 2 2 2 2
left_child=1 3 6 17 21 7 19 18 9 14 22 -12 13 -8 15 16 -7 20 -5 -2 -1 26 24 -17 -10 -26 28 -28 29 -4
right_child=2 -3 4 5 -6 8 12 -9 10 -11 11 -13 -14 -15 -16 23 -18 -19 -20 -21 -22 -23 -24 -25 25 -27 27 -29 -30 -31
leaf_value=-0.02008839064699653 0.0077777893290722176 -0.041842679910777072 0.03588348792597159 0.009270302500656696 -0.020084531138649307 -0.045232857826733641 -0.04461331561088392 0.021615189822200676 -0.026916221458366179 0.019753304788360359 0.021627080960094903 -0.029114505161274493 0.0095950020371024167 -0.0012513582664720347 -0.031001309206572267 0.0043677189097625297 0.00080926193577625719 -0.0034607414692961864 -0.033490855154550019 -0.02398973166330072 -0.047281949176604832 0.040753963083022184 -0.024791830704917105 -0.029024434374178103 0.030866454308280392 -0.020133166482912766 -0.02360534238004177 0.013138181835435461 0.011308809301455213 -0.0050146726724748852
leaf_weight=16.722068920731544 261.82398161292076 18.174050569534302 38.14817875623703 8.414879769086836 7.3563572168350211 9.9760557711124438 9.387151584029203 17.341583043336868 7.7226622849702862 14.926841482520102 10.938376337289812 6.9589023590087882 10.093767330050467 7.6298752278089514 13.952798187732695 45.742032706737518 9.9532930403947812 9.2250102311372739 7.2180798947811118 6.9049728363752356 19.904440656304359 11.619576230645178 84.153004050254822 6.4820589274168006 6.9499798417091352 4.974435955286026 5.8789674043655387 88.507164806127548 29.631254300475121 4.8271577954292288
leaf_count=67 1067 73 158 34 30 40 38 70 31 60 44 28 41 31 56 184 40 37 29 28 80 48 338 26 28 20 24 363 122 20
internal_value=-5.60816e-06 -0.0143039 0.0094828 -0.0126442 0.016291 -0.00979243 0.00520306 0.00640222 -0.01219 -0.0056342 -0.0176326 0.0018975 -0.0122272 -0.0251712 -0.0100352 -0.00598087 -0.0222381 -0.0285479 -0.0104735 0.00696152 -0.0348666 0.0177892 -0.021 0.000223082 -0.00475871 0.00959125 0.0161913 0.0108496 0.0231353 0.0312896
internal_weight=801.539 319.731 481.808 301.557 185.969 255.705 295.84 32.9745 222.73 101.033 121.697 17.8973 27.1108 17.017 86.1062 72.1534 19.9293 45.8515 15.633 268.729 36.6265 178.612 103.8 52.2241 19.6471 11.9244 166.993 94.3861 72.6066 42.9753
internal_count=3255 1285 1970 1212 765 1028 1205 133 895 406 489 72 110 69 346 290 80 184 63 1095 147 735 417 210 79 48 687 387 300 178
is_linear=0
shrinkage=0.03


Tree=10
num_leaves=31
num_cat=0
split_feature=6 7 14 84 0 89 71 16 71 89 22 59 32 35 22 27 32 27 60 59 75 20 16 55 20 15 76 89 81 15
split_gain=101.22 19.1334 16.0798 14.6859 10.7829 10.4271 9.76155 9.45181 13.1804 9.42264 9.97714 9.94353 10.3906 9.22505 8.70888 8.38629 8.70118 8.09799 11.0226 10.6348 8.24531 7.98252 7.98041 8.67603 7.93007 7.62586 7.4599 7.31709 7.62319 8.96212
threshold=5.3450000000000006 18.950000000000003 0.15500000000000003 1.5000000000000002 5.5000000000000009 2.5000000000000004 1.7750000000000001 45.95000000000001 5.705000000000001 2.5000000000000004 5.1050000000000013 30.350000000000005 5.9050000000000011 5.5250000000000012 5.1150000000000011 0.15500000000000003 5.4050000000000011 0.16500000000000004 34.45000000000001 28.950000000000003 40.95000000000001 25.850000000000005 48.050000000000004 53.45000000000001 33.45000000000001 34.650000000000013 42.550000000000004 2.5000000000000004 48.250000000000007 33.95000000000001
decision_type=2 2 2 2 2 2 2 2 2 2 2 2 2 2 2 2 2 2 2 2 2 2 2 2 2 2 2 2 2 2
left_child=1 13 15 5 27 -2 -4 8 26 14 11 12 -11 24 -8 25 -17 18 -16 -19 -20 -13 -9 -24 -1 -3 -6 -5 29 -29
right_child=3 2 6 4 7 -7 9 22 -10 10 -12 21 -14 -15 17 16 -18 19 20 -21 -22 -23 23 -25 -26 -27 -28 28 -30 -31
leaf_value=-0.0089954911904409924 0.019528237509288567 0.0022026091938760796 0.0077750190634973569 0.011600491003892375 -0.021619710631463982 0.0032654602883614081 -0.018111757300799971 0.036260142941163073 -0.046268852399416256 0.020452230354047297 -0.037485768291190276 -0.050897351716677149 -0.029613397594779298 -0.041497105997326388 -0.049146349281891558 0.025508248650844702 -0.0033838683759310406 0.035802410295594063 -0.01379343339874798 -0.0089287780826399002 0.024765038108113334 -0.0087672656164620739 0.0059784251577018298 -0.019801909858241654 -0.033223633935891603 -0.044363901077866849 0.023917508934257502 0.025514079574933294 -0.0080479863611468139 -0.0069974424263171443
leaf_weight=28.676627054810524 130.76617237925529 8.6974361985921842 17.554720923304558 148.75043022632599 7.1438187360763568 48.695858791470528 57.984823405742645 5.3876777142286292 10.377834811806677 10.679745435714723 29.903361573815346 8.2274908274412173 5.7338359504938117 25.361433684825897 5.4857107698917416 21.088296428322792 16.898858904838562 9.9425764083862322 16.178923264145855 9.2189044058322889 7.2180520594120017 7.9671146124601355 37.968762248754501 17.012866750359535 21.107960775494576 4.9758206456899634 5.9215022474527359 17.603153556585315 43.362424120306969 13.470337375998495
leaf_count=115 540 35 71 609 29 200 233 22 42 43 120 33 23 102 22 85 68 40 65 37 29 32 154 69 85 20 24 72 176 55
internal_value=-0.000263878 -0.0135746 -0.009404 0.00829787 0.00431253 0.0151154 -0.0135146 -0.00486236 -0.0210292 -0.0157321 -0.0249703 -0.013493 0.00296256 -0.0267701 -0.0102855 0.0054036 0.0126554 -0.000839968 -0.0108719 0.0142815 -0.001898 -0.030171 0.00141569 -0.00199874 -0.0192679 -0.0147434 -0.000981201 0.00775795 7.91305e-05 0.0114204
internal_weight=799.363 312.902 237.756 486.461 306.999 179.462 186.095 83.8125 23.4432 168.541 62.5115 32.6082 16.4136 75.146 106.029 51.6604 37.9872 48.0442 28.8827 19.1615 23.397 16.1946 60.3693 54.9816 49.7846 13.6733 13.0653 223.186 74.4359 31.0735
internal_count=3250 1258 956 1992 1252 740 748 340 95 677 251 131 66 302 426 208 153 193 116 77 94 65 245 223 200 55 53 912 303 127
is_linear=0
shrinkage=0.03


Tree=11
num_leaves=31
num_cat=0
split_feature=8 90 0 14 90 8 8 60 8 62 8 21 3 25 25 23 36 41 85 8 60 21 76 24 24 33 23 8 54 59
split_gain=91.6401 22.0212 19.2877 18.5366 13.3613 11.5619 9.77894 9.66395 9.35074 9.11587 11.3103 8.8371 8.7826 8.77157 7.90487 9.2281 8.61614 8.63223 12.8397 10.9842 7.96557 7.87572 9.71013 7.7383 8.78912 7.78363 7.56588 7.40837 7.3667 8.351
threshold=51.050000000000004 0.044999999999999936 5.5000000000000009 0.15500000000000003 0.050000000000000273 34.250000000000007 64.250000000000014 65.250000000000014 34.550000000000004 50.650000000000013 61.050000000000004 50.20000000000001 4.5000000000000009 6.6950000000000012 6.9050000000000011 19.150000000000002 48.550000000000004 28.750000000000004 1.5000000000000002 68.850000000000009 40.850000000000001 45.750000000000007 53.350000000000001 70.65000000000002 57.050000000000004 48.850000000000001 49.250000000000007 59.95000000000001 40.750000000000007 39.050000000000004
decision_type=2 2 2 2 2 2 2 2 2 2 2 2 2 2 2 2 2 2 2 2 2 2 2 2 2 2 2 2 2 2
left_child=3 2 14 5 7 -1 9 8 26 10 28 21 -10 -13 16 -16 17 18 -2 20 -20 22 27 24 25 -8 -5 -4 29 -3
right_child=1 6 11 4 -6 -7 23 -9 12 -11 -12 13 -14 -15 15 -17 -18 -19 19 -21 -22 -23 -24 -25 -26 -27 -28 -29 -30 -31
leaf_value=-0.037307450103748405 0.01977165948921375 -0.0015623017620371661 -0.0067215235181949298 -0.016428204402523894 -0.027015715394057602 0.0069058594116976129 0.0092382564884379084 -0.031490346396534898 -0.0068947455247971544 -0.035635373342045473 -0.023838911703436258 0.026749552762516515 0.026463965205284011 -0.012883636217010466 -0.0048520734942335934 0.036784887858167602 0.025937805182262786 0.014642597461469497 0.021252819651803652 -0.05372907486398254 -0.015865270354323148 0.032484763461330286 -0.029091735541841482 -0.020618090508595071 0.030205478679823695 -0.030116368520885287 -0.055154823104813192 0.025222899595887551 -0.025562198866189798 0.026875751591759724
leaf_weight=5.9624734073877326 17.948226436972618 32.062086284160614 11.821268558502199 35.801399543881416 80.62278901040554 49.642309173941612 28.007637202739716 20.145203933119774 92.198950842022896 10.164277255535124 21.180969268083572 5.6462737917900077 7.6959911733865729 45.731075540184975 5.8204909563064566 27.076834410429001 42.382522702217102 143.11001163721085 7.5740474611520829 4.8462053239345542 16.624609977006912 10.488025590777395 6.873151719570159 7.8038755506277075 15.518939703702925 5.3941967189311972 5.1996974050998679 14.608403593301771 7.4264311492443076 13.086935639381407
leaf_count=24 74 130 48 144 324 200 115 81 371 41 86 23 31 186 24 112 175 589 31 20 68 43 28 32 64 22 21 60 30 53
internal_value=-0.000255925 0.00757128 0.0114988 -0.0134526 -0.0170461 0.00216489 -0.00249706 -0.0120549 -0.00927608 -0.00900069 -0.0053302 -8.81467e-05 -0.00432476 -0.00852802 0.0156539 0.0294181 0.0137063 0.0109793 -0.000176621 -0.0125036 -0.00424751 0.00981389 0.00267417 0.00712466 0.0115502 0.00288272 -0.0213395 0.010935 0.00212637 0.00668078
internal_weight=798.465 501.196 360.551 297.269 241.664 55.6048 140.645 161.041 140.896 83.9207 73.7564 95.1682 99.8949 51.3773 265.383 32.8973 232.486 190.103 46.9931 29.0449 24.1987 43.7908 33.3028 56.7246 48.9208 33.4018 41.0011 26.4297 52.5755 45.149
internal_count=3250 2054 1481 1196 972 224 573 648 567 340 299 388 402 209 1093 136 957 782 193 119 99 179 136 233 201 137 165 108 213 183
is_linear=0
shrinkage=0.03


Tree=12
num_leaves=31
num_cat=0
split_feature=6 90 0 90 60 27 20 7 25 14 90 14 61 15 45 33 19 41 12 64 41 20 11 7 15 72 0 42 42 7
split_gain=90.3141 17.5074 19.2399 17.3975 15.6375 14.0468 13.7961 10.9797 9.91886 9.47265 8.83634 8.74432 10.7704 8.86103 8.90468 8.80575 8.79267 9.58729 9.23767 8.67254 8.77885 10.3936 9.57268 8.46894 10.4824 8.41714 8.83808 8.1784 8.16868 7.81469
threshold=5.3450000000000006 0.044999999999999936 5.5000000000000009 0.050000000000000273 65.250000000000014 0.15500000000000003 35.650000000000013 13.100000000000001 6.6950000000000012 0.15500000000000003 -0.015000000000000123 0.15500000000000003 4.2550000000000008 37.050000000000004 6.4650000000000007 40.850000000000001 5.7150000000000007 30.350000000000005 6.6850000000000014 6.9850000000000012 28.750000000000004 33.050000000000004 60.750000000000007 42.150000000000013 35.750000000000007 49.350000000000001 5.5000000000000009 45.050000000000004 55.050000000000004 46.850000000000001
decision_type=2 2 2 2 2 2 2 2 2 2 2 2 2 2 2 2 2 2 2 2 2 2 2 2 2 2 2 2 2 2
left_child=3 2 10 4 5 25 23 -7 -8 -5 28 12 -9 14 16 -15 18 -18 -13 20 21 -12 29 24 -4 26 -1 -10 -2 -23
right_child=1 -3 6 9 -6 7 8 11 27 -11 19 13 -14 15 -16 -17 17 -19 -20 -21 -22 22 -24 -25 -26 -27 -28 -29 -30 -31
leaf_value=-0.0040074244349442654 0.035773370684150901 -0.0011758632978648587 -0.022383020754686126 0.0028712201903127385 -0.029345669991355915 -0.028226414585384288 0.02815501334113639 -0.0052813972222755705 0.0055983498332407367 -0.02717648914638908 -0.010540620299097941 0.022654692632177779 0.031001002888782329 0.023497479805111472 -0.040490785295515516 -0.014465137466103301 -0.0097047690159250341 0.038532712188178532 -0.015140769228537784 0.050313717289986723 0.015804803749957352 0.018478290596285755 0.03113472457266963 0.022459135376008084 0.02538503946620534 -0.053879404771840209 -0.03127892072612723 -0.025120504183818077 0.003173319849349716 -0.034015025302944035
leaf_weight=27.814390540122986 31.18416965007782 138.12916070222855 11.054949894547464 10.67018501460552 27.591674536466599 11.662561550736426 4.8910626471042624 12.429187595844271 10.565145134925841 82.074873775243759 28.73031510412693 6.7016155421733847 18.066741958260536 19.118127480149273 6.7210895866155616 7.7196522653102866 6.9505026638507825 7.9494718611240387 44.243018493056297 5.5273986607789984 158.66182836890221 5.361644774675371 14.976250380277632 25.737166717648506 6.604658216238021 5.475151613354682 17.376594439148903 29.804026052355766 8.8896371871232969 4.8713884055614471
leaf_count=112 130 563 45 43 111 47 20 50 43 330 118 27 73 77 27 31 28 32 178 23 655 22 62 106 27 22 70 121 37 20
internal_value=-0.000247957 0.00785649 0.0114534 -0.0128232 -0.00822581 -0.00519435 -0.000604419 -0.00034273 -0.0121925 -0.0237195 0.0155936 0.00216071 0.0162134 -0.00215052 -0.00759768 0.0125779 -0.00424011 0.016031 -0.0101689 0.0132149 0.0122503 0.00179497 0.0158535 0.0114813 -0.00451786 -0.0187499 -0.0144937 -0.017081 0.0285416 -0.00651091
internal_weight=797.554 484.989 346.86 312.565 219.82 192.228 88.657 141.562 45.2602 92.7451 258.203 129.899 30.4959 99.4035 72.5657 26.8378 65.8446 14.9 50.9446 218.129 212.601 53.9396 25.2093 43.3968 17.6596 50.6661 45.191 40.3692 40.0738 10.233
internal_count=3250 1992 1429 1258 885 774 362 570 184 373 1067 523 123 400 292 108 265 60 205 900 877 222 104 178 72 204 182 164 167 42
is_linear=0
shrinkage=0.03


Tree=13
num_leaves=31
num_cat=0
split_feature=6 7 90 0 14 90 20 36 53 35 41 20 63 61 55 46 63 4 7 16 59 7 15 6 20 30 36 23 58 66
split_gain=85.0728 16.8211 16.5357 18.186 13.3311 14.4414 12.9867 9.44652 9.37507 8.59526 8.44999 9.92561 8.88929 12.397 8.19405 10.044 9.7245 8.01693 9.50841 8.38293 8.58235 8.00731 9.8648 7.66718 10.7683 10.1201 9.44642 8.92971 11.5667 8.37429
threshold=5.3450000000000006 18.950000000000003 0.044999999999999936 5.5000000000000009 0.15500000000000003 0.050000000000000273 35.650000000000013 48.550000000000004 0.13500000000000004 5.5250000000000012 28.750000000000004 47.95000000000001 68.050000000000011 4.9250000000000007 50.350000000000001 48.050000000000004 69.950000000000017 6.8291666666666675 41.750000000000007 53.850000000000001 21.450000000000003 42.150000000000013 35.750000000000007 6.285000000000001 39.750000000000007 2.5000000000000004 46.650000000000013 51.45000000000001 6.1450000000000005 0.15500000000000003
decision_type=2 2 2 2 2 2 2 2 2 2 2 2 2 2 2 2 2 2 2 2 2 2 2 2 2 2 2 2 2 2
left_child=1 9 3 7 -3 8 21 10 -6 -1 -2 17 13 -13 16 -16 -10 18 19 -12 -21 22 -5 24 26 -26 -4 -25 -29 -27
right_child=2 4 23 6 5 -7 -8 -9 14 -11 11 12 -14 -15 15 -17 -18 -19 -20 20 -22 -23 -24 27 25 29 -28 28 -30 -31
leaf_value=-0.017608648074028375 0.0024651760201476183 0.0049549335193595744 0.0061538202233677626 -0.021654266631928168 -0.043241667488478817 -0.024510618469325122 -0.011813488175517209 0.027642107053431706 -0.0079715239253897799 -0.03913133226707368 0.014280116359219872 -0.023335760438334425 -0.035948807521852255 0.028735532660530673 0.0071290702773872559 -0.036406357463277909 -0.044484216135130573 0.033686841514991371 0.023097991939237721 0.019996393926493605 -0.02832713883419857 0.021869791267886365 0.024717176718721791 0.011760020650208522 -0.048647970585128424 -0.03626779891315219 -0.025786345866208631 0.01091608795771048 -0.050725186490806151 0.012303330950400327
leaf_weight=49.577970623970032 55.518547773361206 51.567256703972816 42.111834600567818 11.083731040358545 5.9779946953058234 59.247524157166481 45.307867884635925 45.093541145324707 54.44907920062542 25.181907638907433 29.653053686022758 6.791942358016974 5.3842324614524832 10.440082579851149 53.643264710903168 5.2348031252622595 7.4648234546184531 27.315163135528564 61.944942697882652 4.8356298953294745 10.468685626983641 25.639298841357231 6.5799986720085135 52.065589100122452 9.4349974989891052 5.4751653373241425 10.389701515436171 5.8430491834878904 5.1584770083427429 7.6703220903873444
leaf_count=200 229 208 171 45 24 238 184 188 219 102 122 28 22 43 216 21 30 114 258 20 43 106 27 214 38 22 42 24 21 31
internal_value=-0.00024032 -0.0124473 0.00763398 0.0111368 -0.00854197 -0.0122835 -0.000585582 0.0151716 -0.00656907 -0.0248583 0.0125234 0.016084 -0.00230147 0.00821181 -0.00475414 0.00325837 -0.0123738 0.019182 0.0154758 0.00497352 -0.0130586 0.0111622 -0.00438022 -0.00114042 -0.00761779 -0.0249417 -0.000166924 0.00657095 -0.0179867 -0.0079268
internal_weight=796.55 312.345 484.206 346.057 237.585 186.017 88.6109 257.446 126.77 74.7599 212.352 156.834 22.6163 17.232 120.792 58.8781 61.9139 134.217 106.902 44.9574 15.3043 43.303 17.6637 138.149 75.082 22.5805 52.5015 63.0671 11.0015 13.1455
internal_count=3250 1258 1992 1429 956 748 362 1067 510 302 879 650 93 71 486 237 249 557 443 185 63 178 72 563 304 91 213 259 45 53
is_linear=0
shrinkage=0.03


Tree=14
num_leaves=31
num_cat=0
split_feature=6 7 14 0 20 76 71 21 74 63 20 80 55 47 76 64 62 75 63 75 15 33 49 43 23 27 12 59 25 7
split_gain=80.1525 15.9054 12.548 10.7327 13.224 10.1632 9.05967 8.28006 10.1713 8.03627 11.8672 15.8821 9.61057 7.87781 8.15841 8.11496 7.7418 8.54869 7.67264 7.8595 7.57664 8.64451 8.88386 7.54984 7.51933 10.7696 10.4158 9.39289 7.67617 7.1696
threshold=5.3450000000000006 18.950000000000003 0.15500000000000003 5.5000000000000009 35.150000000000013 76.40000000000002 1.8250000000000004 48.350000000000001 2.9800000000000004 74.15000000000002 46.550000000000004 34.850000000000001 68.90000000000002 9.1500000000000004 76.40000000000002 6.705000000000001 40.95000000000001 37.850000000000001 57.45000000000001 48.350000000000001 37.150000000000013 43.750000000000007 21.500000000000004 1.5000000000000002 19.150000000000002 0.20500000000000004 6.745000000000001 36.150000000000013 6.9250000000000007 37.45000000000001
decision_type=2 2 2 2 2 2 2 2 2 2 2 2 2 2 2 2 2 2 2 2 2 2 2 2 2 2 2 2 2 2
left_child=1 7 23 9 -5 18 -4 8 -1 12 11 -11 24 -8 15 -15 20 -18 19 29 -17 22 -22 -3 26 28 27 -2 -26 -6
right_child=3 2 6 4 5 -7 13 -9 -10 10 -12 -13 -14 14 -16 16 17 -19 -20 -21 21 -23 -24 -25 25 -27 -28 -29 -30 -31
leaf_value=0.0087743285730044838 0.026911423599503801 0.015150431656403597 0.0082650061353382199 0.0097228547499050907 0.01098442772427393 0.030659818779613317 -0.045908787074033459 -0.033832932457322537 -0.025068510813608669 0.029360647132158389 -0.03190707095311484 -0.024564985673590868 -0.020492294541555441 -0.031444985939365393 -0.044527994429546677 -0.010500137322925925 -0.030979608374488404 0.0092982766793365552 -0.00048720935438462712 -0.055575765808494326 -0.0138289894324264 -0.025875648369268273 0.024703071484037789 -0.0079363479499700088 0.013431902138369291 -0.023008554978557715 -0.012315064876913933 -0.014610858950428129 0.029992818116695751 -0.024485332426058756
leaf_weight=11.966031864285467 17.611645951867107 28.45680159330368 18.068829596042633 62.401381760835648 6.6928702890872982 5.1621189415454856 6.7232516407966605 38.552330762147903 24.069415628910065 12.542290389537817 9.7725373357534391 8.0832850486040098 8.2623105794191343 16.158997058868408 6.9631819874048224 76.104822143912315 23.132834151387218 5.9655231386423102 24.620936125516891 5.4255785048007956 7.4546348750591305 5.980787754058837 19.398513957858086 23.094337657094002 234.37553974986076 6.807201921939849 24.5819081813097 6.7949594259262076 28.222660332918167 21.947930321097374
leaf_count=48 73 115 73 256 27 21 27 157 97 52 40 33 34 65 28 306 93 24 100 22 30 24 78 93 970 28 101 28 118 89
internal_value=-0.000232918 -0.012084 -0.00828866 0.00741983 -9.83918e-05 -0.0096969 -0.0119194 -0.0241692 -0.0138306 0.0100782 -0.00467559 0.00822687 0.0114512 -0.0140918 -0.0127644 -0.0113301 -0.00897535 -0.0227221 -0.0132467 -0.0224684 -0.00530348 0.00674168 0.0140063 0.00480781 0.0122801 0.014246 0.00146864 0.0153513 0.0152118 -0.0161966
internal_weight=795.395 312.09 237.503 483.305 126.251 63.8494 185.951 74.5878 36.0354 357.054 30.3981 20.6256 326.656 167.883 161.159 154.196 138.037 29.0984 58.6873 34.0664 108.939 32.8339 26.8531 51.5511 318.394 269.405 48.9885 24.4066 262.598 28.6408
internal_count=3250 1258 956 1992 515 259 748 302 145 1477 125 85 1352 675 648 620 555 117 238 138 438 132 108 208 1318 1116 202 101 1088 116
is_linear=0
shrinkage=0.03


Tree=15
num_leaves=31
num_cat=0
split_feature=6 84 6 63 90 75 20 27 90 20 3 10 0 90 20 77 62 20 28 36 14 16 47 38 11 77 35 80 68 40
split_gain=102.011 22.0528 11.482 10.5444 11.7116 10.3455 10.1937 10.029 10.3768 10.0406 10.0166 10.3767 9.94327 9.83815 9.77412 9.67398 12.1618 8.95844 11.2844 8.74285 8.73322 11.1056 8.04858 7.95088 7.56681 7.50945 8.24691 7.46948 8.09327 10.2735
threshold=4.8750000000000009 2.5000000000000004 3.5350000000000006 67.250000000000014 0.055000000000000167 29.750000000000004 52.850000000000001 0.19500000000000003 0.084999999999999978 19.900000000000002 4.5000000000000009 44.050000000000004 6.5000000000000009 -0.020000000000000014 33.95000000000001 6.9450000000000012 31.700000000000006 21.650000000000002 26.450000000000003 28.250000000000004 0.15500000000000003 57.050000000000004 59.95000000000001 6.9350000000000014 31.300000000000001 6.9850000000000012 5.2750000000000012 24.550000000000004 48.850000000000001 0.16500000000000004
decision_type=2 2 2 2 2 2 2 2 2 2 2 2 2 2 2 2 2 2 2 2 2 2 2 2 2 2 2 2 2 2
left_child=2 7 -1 4 15 12 13 10 9 -9 -2 -12 17 -7 19 27 -17 -3 -19 -6 21 -15 -20 -22 -21 26 -13 -4 -29 -30
right_child=1 5 3 -5 14 6 -8 8 -10 -11 11 25 -14 20 -16 16 -18 18 22 24 23 -23 -24 -25 -26 -27 -28 28 29 -31
leaf_value=-0.036712798121439197 0.014940218621364958 -0.035953499735618517 0.0088041443453231397 -0.034175094650107173 -0.036316303056983509 0.026187889996192641 -0.015895080683239662 0.021315446671836474 -0.04118715903076875 -0.015380554056878472 -0.019715043972633298 0.026951612379703879 -0.03733089323879786 0.01962919096549582 -0.037249209035465074 -0.011024440897346468 0.048882694829713844 0.032431721687277607 0.0066761856399064814 -0.028711157997305881 -0.0003836534570955421 -0.010502108714556823 -0.025344050410715191 -0.033963555174174508 0.012805851342673688 0.045672405135835127 -0.027772734438405704 -0.025527752510701204 -0.018676200375917818 0.0076510446723370056
leaf_weight=24.580128222703934 286.94962006807327 7.1811267733573905 16.134320378303528 22.533210530877113 8.6875110417604464 18.78955189883709 22.208600074052811 13.811937510967256 5.6666286885738364 13.052124500274656 16.089404836297039 5.0586627274751645 10.939699277281759 43.362012967467308 25.659019082784653 6.2170708924531919 5.986774206161499 7.9009401798248282 15.312187626957895 5.687852859497073 75.465155348181725 14.755100458860396 13.11730048060417 6.9286245405673972 12.938368484377859 4.8562760502099982 4.8589841276407242 31.497899696230888 28.52853199839592 25.05592405796051
leaf_count=100 1191 29 65 91 35 77 90 57 23 54 66 21 44 177 104 25 24 32 62 23 306 60 53 28 52 20 20 127 115 101
internal_value=0.000329307 0.00679472 -0.0174252 -0.0149158 -0.0123076 -0.000294851 0.00314574 0.0115696 -0.00429544 0.00348639 0.0131935 -0.00304613 -0.0117638 0.00580028 -0.0239537 -0.00686835 0.0183639 -0.00533569 0.000716275 -0.0114637 0.00307398 0.0119793 -0.00809788 -0.00320744 0.000127883 0.015107 0.00014034 -0.00991064 -0.0134596 -0.00636566
internal_weight=799.811 586.304 213.507 188.926 166.393 235.96 181.509 350.344 32.5307 26.8641 317.813 30.8633 54.4513 159.3 52.9728 113.421 12.2038 43.5116 36.3304 27.3137 140.511 58.1171 28.4295 82.3938 18.6262 14.7739 9.91765 101.217 85.0824 53.5845
internal_count=3272 2410 862 762 671 958 738 1452 134 111 1318 127 220 648 214 457 49 176 147 110 571 237 115 334 75 61 41 408 343 216
is_linear=0
shrinkage=0.03


Tree=16
num_leaves=31
num_cat=0
split_feature=8 84 8 43 63 35 21 75 27 23 20 0 68 68 68 75 67 20 28 29 67 75 63 20 77 47 0 49 42 48
split_gain=89.6445 21.2279 12.4783 13.337 14.2142 14.3904 11.5949 11.5838 10.4483 11.4602 10.1302 9.01896 8.99331 9.57554 8.82111 8.72546 10.0186 8.50029 8.88943 8.30546 9.50731 8.25491 8.03493 7.73321 7.47491 9.37339 7.33663 9.75336 10.0152 10.5311
threshold=47.050000000000004 2.5000000000000004 35.850000000000001 1.5000000000000002 58.350000000000001 4.3550000000000013 48.850000000000001 29.750000000000004 0.20500000000000004 6.7500000000000009 52.850000000000001 6.5000000000000009 54.250000000000007 57.95000000000001 47.850000000000001 41.45000000000001 43.95000000000001 21.650000000000002 26.450000000000003 53.95000000000001 32.95000000000001 49.650000000000013 59.45000000000001 28.950000000000003 6.8550000000000013 41.050000000000004 2.5000000000000004 43.350000000000001 53.150000000000013 4.1150000000000011
decision_type=2 2 2 2 2 2 2 2 2 2 2 2 2 2 2 2 2 2 2 2 2 2 2 2 2 2 2 2 2 2
left_child=2 8 6 4 5 21 19 11 9 -2 12 17 -9 22 -10 -15 -17 -3 -19 -1 -21 24 -14 -20 25 -4 -11 28 -28 -30
right_child=1 7 3 -5 -6 -7 -8 10 14 26 -12 -13 13 15 -16 16 -18 18 23 20 -22 -23 -24 -25 -26 -27 27 -29 29 -31
leaf_value=-0.02190277311311856 -0.031066355609863785 -0.035444809910901702 0.034563457688888043 -0.021290976688307386 -0.027031811316029049 0.019054081697309135 -0.034073836992488463 0.01057203137971869 0.015844300028747666 0.018680992505195823 -0.016175096317404918 -0.036707465571651804 -0.032452854824413575 0.028177069444922671 -0.031276307277269953 0.015598229147395129 -0.041819316686111593 0.031113521022735059 0.026430195453688347 -0.019381566914241255 0.031168430986769129 -0.045153487297084682 0.0056657632081660164 -0.014950006803909796 -0.025720605820426814 -0.0090124685158244188 0.019173991258364366 -0.0017247006409325295 -0.016597584371225497 0.01243320814540539
leaf_weight=27.741619721055031 5.3695319294929496 7.4458733201026908 7.1730242818594041 54.935802131891251 16.353888407349586 30.792417645454407 49.572434619069099 108.4584443718195 5.8177298456430426 129.05562494695187 21.241750597953796 11.196507096290587 14.556574717164041 10.550608932971956 9.2774617820978147 6.1475915014743787 4.9270153641700745 6.6316102892160407 4.9489493370056179 6.4529173076152784 6.960531547665596 4.9622658044099799 7.562303200364112 22.745925441384315 8.9513584822416288 11.671669110655783 95.209566757082939 51.612905532121658 16.988083720207214 33.271312057971954
leaf_count=112 22 30 29 221 66 124 203 442 24 541 86 45 59 43 38 25 20 27 20 26 28 20 31 92 36 47 394 213 70 138
internal_value=0.000320188 0.00662654 -0.0157 -0.00991212 -0.00208897 0.00432973 -0.024302 -0.000517706 0.0112934 0.0124049 0.00323225 -0.0127968 0.00594078 -0.00554186 -0.0131159 0.00865343 -0.00994644 -0.00638783 -8.49867e-05 -0.0125316 0.00684993 -0.00951099 -0.0194203 -0.00755555 -0.00314794 0.00757423 0.0131206 0.00947951 0.0134548 0.00262056
internal_weight=798.583 573.015 225.568 134.84 79.9046 63.5507 90.7275 226.413 346.602 331.507 173.444 52.9689 152.203 43.7441 15.0952 21.6252 11.0746 41.7724 34.3265 41.1551 13.4134 32.7583 22.1189 27.6949 27.7961 18.8447 326.137 197.082 145.469 50.2594
internal_count=3272 2360 912 543 322 256 369 920 1440 1378 706 214 620 178 62 88 45 169 139 166 54 132 90 112 112 76 1356 815 602 208
is_linear=0
shrinkage=0.03


Tree=17
num_leaves=31
num_cat=0
split_feature=6 84 6 90 63 90 12 27 49 60 3 10 20 81 80 23 49 67 9 62 35 10 6 81 80 0 51 74 75 36
split_gain=90.9362 19.5663 10.6735 9.73008 9.70029 10.9229 9.43154 9.1039 10.0526 10.8061 9.43573 9.83973 9.10096 8.63657 10.3135 9.11719 10.7023 10.6107 10.4931 9.10322 9.0932 9.06248 9.06164 11.6087 8.87767 8.18841 9.85621 8.2916 8.39695 8.14547
threshold=4.8750000000000009 2.5000000000000004 3.5350000000000006 0.079999999999999641 67.250000000000014 0.055000000000000167 6.955000000000001 0.19500000000000003 45.750000000000007 37.150000000000013 4.5000000000000009 44.050000000000004 33.95000000000001 56.550000000000004 38.550000000000004 40.650000000000013 43.350000000000001 35.650000000000013 6.3550000000000013 22.100000000000005 5.5650000000000004 22.150000000000002 6.6150000000000011 57.850000000000001 33.650000000000013 5.5000000000000009 6.8350000000000009 3.1750000000000003 31.850000000000005 28.250000000000004
decision_type=2 2 2 2 2 2 2 2 2 2 2 2 2 2 2 2 2 2 2 2 2 2 2 2 2 2 2 2 2 2
left_child=2 7 -1 25 5 6 -4 10 9 -9 13 -12 29 14 15 16 21 20 24 -20 -18 -2 -15 -24 -17 -3 27 -27 -29 -7
right_child=1 3 4 -5 -6 12 -8 8 -10 -11 11 -13 -14 22 -16 18 17 -19 19 -21 -22 -23 23 -25 -26 26 -28 28 -30 -31
leaf_value=-0.035164283374412443 -0.012389581347227969 0.0064317165078066818 -0.0081673902639188001 -0.013611086058621387 -0.03258418159998358 -0.034842125281722751 0.034085962417817597 0.017096923523464293 0.029014465332867945 -0.025187787024687009 -0.019486902908281024 0.014456760475510156 -0.035733596892802741 -0.0047620156775885986 0.038473641638982529 -0.021337042754147415 -0.020734171961288659 0.027350151781034223 -0.021280385699487779 0.022379419034404997 0.019225474179460852 0.025328173528656635 -0.019163247009820632 0.035284193559199178 0.015058547055567006 0.011478977898240175 0.014010213540036913 -0.043719445092499074 -0.011135028790440413 0.00039910970577342937
leaf_weight=24.36894853413105 6.0526503622531882 139.04426111280918 108.28639727830887 40.614103078842163 22.425391659140587 8.6485271602869052 4.9728179275989524 7.7559486329555538 6.5568091869354239 18.21083265542984 16.099604353308681 14.707840800285338 25.474274978041649 37.736849382519722 18.14833091199398 17.66162666678429 15.439387634396555 11.949225321412085 5.0243336111307135 29.734418570995331 7.6720829606056204 108.63098581135273 4.7772636860609081 13.436962604522703 9.1600860953330976 8.6623868346214277 14.641171291470526 10.449158802628515 22.325495332479477 18.592491701245308
leaf_count=100 25 568 437 164 91 35 20 32 27 75 66 61 104 156 76 73 64 50 21 125 32 454 20 57 38 35 59 42 90 75
internal_value=0.000311392 0.00642439 -0.0164815 -0.000251866 -0.0140649 -0.0115627 -0.00631219 0.0109371 -0.00417683 -0.0125579 0.0124916 -0.00328179 -0.0228435 0.0141941 0.0167709 0.0149071 0.018903 0.00439779 0.00519012 0.0160684 -0.00746917 0.0233375 0.00362569 0.0210036 -0.00890731 0.00252881 -0.00714832 -0.0146244 -0.0215235 -0.0107893
internal_weight=797.261 584.492 212.769 235.737 188.4 165.975 113.259 348.755 32.5236 25.9668 316.232 30.8074 52.7153 285.424 229.473 211.325 149.744 35.0607 61.5805 34.7588 23.1115 114.684 55.9511 18.2142 26.8217 195.122 56.0782 41.437 32.7747 27.241
internal_count=3272 2410 862 958 762 671 457 1452 134 107 1318 127 214 1191 958 882 625 146 257 146 96 479 233 77 111 794 226 167 132 110
is_linear=0
shrinkage=0.03


Tree=18
num_leaves=31
num_cat=0
split_feature=8 84 8 43 63 35 21 75 27 23 20 45 68 68 75 67 14 85 20 47 33 42 72 68 0 20 15 29 67 10
split_gain=79.758 18.9233 11.3572 12.4546 13.2024 13.3853 10.9659 10.6252 9.52212 10.772 9.50682 9.41784 8.50664 9.00284 8.21463 9.41187 8.19546 8.48245 13.1208 11.5368 9.39904 9.01579 9.08376 8.13075 8.06951 7.99355 7.93641 7.81452 8.85573 7.79464
threshold=47.050000000000004 2.5000000000000004 35.850000000000001 1.5000000000000002 58.350000000000001 4.3550000000000013 48.850000000000001 29.750000000000004 0.20500000000000004 6.7500000000000009 52.850000000000001 7.0650000000000004 54.250000000000007 57.95000000000001 41.45000000000001 43.95000000000001 0.14500000000000005 2.5000000000000004 48.550000000000004 51.650000000000013 48.550000000000004 45.250000000000007 24.750000000000004 47.850000000000001 6.5000000000000009 21.650000000000002 33.95000000000001 53.95000000000001 32.95000000000001 34.850000000000001
decision_type=2 2 2 2 2 2 2 2 2 2 2 2 2 2 2 2 2 2 2 2 2 2 2 2 2 2 2 2 2 2
left_child=2 8 6 4 5 -4 27 24 9 -2 12 16 -9 -14 -15 -16 26 -18 19 21 -21 -19 -23 -10 25 -3 -11 -1 -29 -27
right_child=1 7 3 -5 -6 -7 -8 10 23 11 -12 -13 13 14 15 -17 17 18 -20 20 -22 22 -24 -25 -26 29 -28 28 -30 -31
leaf_value=-0.020741534304735944 -0.030337856052109834 -0.034335361120851317 -0.0089283632182556843 -0.020320487355227668 -0.025821445443081462 0.018641880295900949 -0.03264030101548477 0.010249465727908169 0.015300925313155094 0.01311682199773017 -0.015676273444831072 -0.015734914078396924 -0.018870017762644582 0.027362032038788772 0.015146968140063404 -0.040485195500219305 0.01447433054501833 0.020583162889128693 -0.036936917558778141 0.025477733409148402 -0.018807565485043285 -0.042437488746401894 -0.0035557760772162491 -0.029946693391418481 -0.034867303814235327 0.014317950073551213 0.030392731349532204 -0.018199193444340202 0.030633691805765511 -0.014284699453877739
leaf_weight=27.638473868370056 5.3836743533611289 7.4553956240415564 32.689553633332253 54.857312917709351 16.312864020466805 30.763276681303978 49.113585844635963 108.28651411831379 5.7968380749225608 55.253644794225693 21.264486819505692 10.331267729401587 22.13892275094986 10.506543666124346 6.1362626850604993 4.9405903071165085 140.95758719742298 8.7092358469963056 7.0546817481517783 28.191246047616005 5.0924101620912543 7.5480042994022396 19.071522742509842 9.3219779431819898 11.190751224756239 17.056635171175003 42.21880692243576 6.4305056780576688 6.9594827443361282 17.243741601705551
leaf_count=112 22 30 132 221 66 124 203 442 24 233 86 43 90 43 25 20 588 36 29 117 21 31 79 38 45 69 179 26 28 70
internal_value=0.00030307 0.00626057 -0.0148355 -0.00931734 -0.00175013 0.00443828 -0.0230767 -0.000482301 0.0106828 0.01175 0.0031117 0.0124484 0.00573995 -0.00542873 0.00835853 -0.00966655 0.0133754 0.0101249 0.00202236 0.00602813 0.0187021 -0.00591215 -0.0145807 -0.0125979 -0.0122441 -0.00618093 0.0205996 -0.0116285 0.00718183 -6.13875e-05
internal_weight=795.916 571.151 224.765 134.623 79.7657 63.4528 90.142 226.22 344.931 329.812 173.273 324.428 152.009 43.7223 21.5834 11.0769 314.097 216.625 75.6671 68.6124 33.2837 35.3288 26.6195 15.1188 52.9465 41.7558 97.4725 41.0285 13.39 34.3004
internal_count=3272 2360 912 543 322 256 369 920 1440 1378 706 1356 620 178 88 45 1313 901 313 284 138 146 110 62 214 169 412 166 54 139
is_linear=0
shrinkage=0.03


Tree=19
num_leaves=31
num_cat=0
split_feature=6 84 9 6 90 90 27 3 80 74 23 23 23 34 76 23 40 81 24 54 22 46 63 67 9 45 90 63 25 35
split_gain=81.134 17.3765 10.0176 9.37962 9.17971 8.85078 11.195 7.77133 11.286 15.3285 12.6274 9.83747 9.53182 10.8213 8.31303 7.72783 8.03962 7.61835 7.57006 7.51051 9.01903 7.37512 8.14342 7.38597 7.0861 8.07812 7.46954 8.78065 8.10277 7.57638
threshold=4.8750000000000009 2.5000000000000004 4.0100000000000007 4.5450000000000008 0.079999999999999641 0.084999999999999978 0.18500000000000003 1.5000000000000002 35.750000000000007 1.3400000000000003 18.550000000000004 34.850000000000001 23.900000000000002 34.750000000000007 64.65000000000002 23.450000000000003 0.16500000000000004 51.050000000000004 30.550000000000004 33.250000000000007 6.1850000000000014 44.350000000000001 67.250000000000014 33.550000000000004 6.2250000000000005 7.0850000000000009 0.064999999999999961 34.250000000000007 6.8250000000000011 4.4650000000000007
decision_type=2 2 2 2 2 2 2 2 2 2 2 2 2 2 2 2 2 2 2 2 2 2 2 2 2 2 2 2 2 2
left_child=2 5 3 -1 7 24 -7 8 10 -10 -3 18 -12 -14 -13 16 -9 -15 -11 20 -6 22 -4 -23 -2 26 27 28 -26 -29
right_child=1 4 21 -5 19 6 -8 15 9 11 12 14 13 17 -16 -17 -18 -19 -20 -21 -22 23 -24 -25 25 -27 -28 29 -30 -31
leaf_value=-0.02733350893051481 0.0078761108604892219 0.044239232257756327 -0.0041026220832041087 0.0013385165716731315 0.015336482192914752 0.0057658727401649762 -0.030159608159271718 0.013370913975840049 0.028421049088518537 -0.018216781989224592 -0.03631151226021942 -0.022821106630173265 0.047059183054243142 -0.0045115233925276388 0.016974938854014764 0.013988947347659979 -0.035128238894455349 0.0239786292067024 -0.060145046090410714 -0.025613413705262107 -0.027226841333655681 -0.043226697204197369 -0.030106211135498866 -0.0048475309191604588 -0.00064401973287889734 -0.017771468266534779 -0.0075886680647532078 0.041331073878223545 0.030739124862803901 0.020732247454852092
leaf_weight=75.116861760616302 157.65995822846889 6.6044958233833304 94.017129749059677 11.894610419869421 12.602477297186853 37.619421258568764 9.850805312395094 5.9003941565752012 6.308597430586814 7.3656559884548178 5.7086991965770713 13.285709932446482 4.8842883855104438 47.493055745959282 7.330829143524169 65.146709159016609 6.4267354309558868 10.274700686335562 8.1788961291313154 21.066041827201843 6.9522934108972541 11.043326675891878 12.251224666833876 7.6316619813442221 26.515569716691971 5.7316105514764777 9.1528536081314069 20.922248318791389 10.27292926609516 69.294061616063118
leaf_count=308 656 27 380 48 51 155 40 24 26 30 23 54 20 193 30 266 26 42 33 85 28 45 50 31 112 24 38 89 44 294
internal_value=0.000294872 0.00607756 -0.0155986 -0.023414 -0.00021156 0.0103461 -0.00168922 0.00249222 -0.00237333 -0.0147295 0.00462673 -0.0222574 0.000799674 0.00418115 -0.00867043 0.00986743 -0.0119141 0.000555798 -0.0402777 -0.013185 0.000203975 -0.0101559 -0.00710046 -0.0275428 0.0122534 0.0171172 0.0185859 0.0204722 0.0081195 0.0255094
internal_weight=794.504 582.549 211.955 87.0115 235.53 347.019 47.4702 194.909 117.435 42.4697 74.9652 36.1611 68.3607 62.652 20.6165 77.4738 12.3271 57.7678 15.5446 40.6208 19.5548 124.943 106.268 18.675 299.549 141.889 136.158 127.005 36.7885 90.2163
internal_count=3272 2410 862 356 958 1452 195 794 478 173 305 147 278 255 84 316 50 235 63 164 79 506 430 76 1257 601 577 539 156 383
is_linear=0
shrinkage=0.03


Tree=20
num_leaves=31
num_cat=0
split_feature=6 9 0 33 49 59 81 6 6 64 81 16 59 74 81 71 19 36 15 24 35 72 22 47 28 42 33 20 15 75
split_gain=69.4355 13.7969 10.9175 11.0555 9.66911 8.05866 9.43078 9.05761 9.09301 10.4243 9.20738 8.67249 8.50883 7.62263 8.7543 8.05821 11.6257 7.42237 9.35412 7.40289 7.37122 8.58068 7.72341 7.72324 7.34864 7.19238 12.8951 8.47162 13.4921 7.13295
threshold=5.3450000000000006 4.0100000000000007 5.5000000000000009 13.850000000000003 14.400000000000002 17.650000000000002 53.350000000000001 5.7550000000000008 5.5150000000000006 6.8850000000000007 44.050000000000004 64.15000000000002 18.350000000000005 6.7150000000000007 41.750000000000007 1.8250000000000004 4.9250000000000007 29.250000000000004 39.150000000000013 53.650000000000013 5.955000000000001 37.250000000000007 3.6350000000000002 45.850000000000001 32.45000000000001 53.150000000000013 48.150000000000013 26.850000000000005 40.350000000000001 28.500000000000004
decision_type=2 2 2 2 2 2 2 2 2 2 2 2 2 2 2 2 2 2 2 2 2 2 2 2 2 2 2 2 2 2
left_child=1 4 5 -4 24 6 -2 8 -7 10 -10 12 -9 14 17 16 -16 29 -19 -12 21 22 23 -6 -1 27 -27 -5 -29 -3
right_child=2 13 3 25 20 7 -8 11 9 -11 19 -13 -14 -15 15 -17 -18 18 -20 -21 -22 -23 -24 -25 -26 26 -28 28 -30 -31
leaf_value=-0.019775418304396868 0.029508162941526989 0.013985996159486402 0.039559154380197782 0.016676748630924599 -0.016501335094319145 0.013192187437846781 -0.0036271092836976404 -0.030187170522346533 -0.049926974773673256 0.025471864898678365 -0.022078144008634379 0.034108749415818318 0.010224991679388118 -0.025446315621750849 0.038966896811655848 -0.01044587275455768 -0.011560721415330797 0.0080194341417146563 0.053117705451813581 0.010647529079739385 -0.037298207240961744 -0.036118930449443538 -0.018265433446502784 0.03265723253680089 0.030397349234750307 -0.021831827890292154 0.019344491118556961 0.0024897329157776817 -0.038385541022956257 -0.031254755728515583
leaf_weight=4.9164569675922376 33.785668700933456 5.9342922270297986 5.9451900720596305 26.569639071822166 5.3890344053506833 22.093977823853493 10.024158477783201 4.7889819592237464 6.371039316058158 5.9946138709783545 16.52862344682217 13.517577886581419 224.79434955120087 17.743168011307716 7.6155839562416103 134.37856568396091 8.8735499978065473 17.353489443659786 5.4358990639448157 9.9758147299289686 24.677691340446472 17.60652357339859 38.042575776576996 6.1690558344125748 5.6427999138832092 31.114325001835823 8.7755256891250593 45.909386962652206 8.6346997916698438 6.6529406756162643
leaf_count=20 142 24 25 110 22 91 42 20 26 25 68 57 945 72 31 544 36 70 22 41 101 72 156 25 23 127 36 188 35 27
internal_value=-3.56444e-05 -0.0111687 0.00714918 -0.000381163 -0.0201513 0.0098972 0.0219265 0.00816402 -0.00217552 -0.0109106 -0.0175447 0.0107569 0.00938202 -0.00665757 -0.00486759 -0.00801716 0.0117757 0.00856409 0.0187766 -0.00976076 -0.0232757 -0.0181269 -0.0117403 0.00973673 0.00703659 -0.00234352 -0.0127733 0.00278559 -0.0039811 -0.00992585
internal_weight=781.255 306.432 474.824 126.949 102.444 347.875 43.8098 304.065 60.9641 38.8701 32.8755 243.101 229.583 203.987 186.244 150.868 16.4891 35.3766 22.7894 26.5044 91.8849 67.2072 49.6007 11.5581 10.5593 121.004 39.8899 81.1137 54.5441 12.5872
internal_count=3223 1245 1978 521 419 1457 184 1273 251 160 135 1022 965 826 754 611 67 143 92 109 376 275 203 47 43 496 163 333 223 51
is_linear=0
shrinkage=0.03


Tree=21
num_leaves=31
num_cat=0
split_feature=6 9 0 89 8 49 67 6 69 29 63 20 55 34 74 81 67 81 73 3 75 12 55 58 23 80 72 28 42 29
split_gain=65.4355 13.0565 10.3063 10.7986 17.4265 9.13468 8.72674 8.88183 9.30447 10.0946 8.6724 9.21864 8.82208 8.19722 7.18775 8.24076 7.13272 9.48237 11.283 9.09678 8.30776 8.43692 7.48015 7.03616 9.12954 7.00153 6.94923 6.91553 6.80742 9.88453
threshold=5.3450000000000006 4.0100000000000007 5.5000000000000009 2.5000000000000004 64.450000000000017 14.400000000000002 18.250000000000004 6.0450000000000008 2.5000000000000004 50.250000000000007 74.15000000000002 47.150000000000013 68.100000000000009 26.250000000000004 6.7150000000000007 41.750000000000007 31.150000000000002 45.250000000000007 6.4000000000000012 2.5000000000000004 44.45000000000001 6.705000000000001 51.250000000000007 6.7550000000000008 47.850000000000001 31.150000000000002 1.6500000000000001 32.45000000000001 53.250000000000007 45.250000000000007
decision_type=2 2 2 2 2 2 2 2 2 2 2 2 2 2 2 2 2 2 2 2 2 2 2 2 2 2 2 2 2 2
left_child=1 5 3 10 6 27 -5 8 9 -8 12 -12 -2 -4 15 -3 19 -18 -19 26 21 -20 -22 24 28 -25 -17 -1 29 -15
right_child=2 14 13 4 -6 -7 7 -9 -10 -11 11 -13 -14 23 -16 16 17 18 20 -21 22 -23 -24 25 -26 -27 -28 -29 -30 -31
leaf_value=-0.019212898509880949 0.015902140677120664 0.0083128001185747216 0.034114035142633073 0.028920511899597452 0.017134197267891772 -0.022645607939553003 -0.013060093511764624 -0.025263587245544734 -0.033755738888748346 0.022085713165461731 0.0085329854723928244 -0.035117000051619517 -0.018458122298830336 -0.014502785627292727 -0.024720862212218267 0.0057925882316320386 -0.027625348561082577 0.028757636863109465 0.018822364122214462 -5.2406055458711888e-05 0.04436504555528166 -0.012261082736826643 -0.0048800896224307118 0.039087949975971779 -0.023577360285439181 -0.0030640221379658428 -0.03205833474819586 0.029475754322222898 -0.012409030119410322 0.012980016816360207
leaf_weight=4.9087073355913144 214.51603600382805 35.353290125727654 5.9150760620832434 5.3219945132732382 40.437827125191689 91.613882794976234 13.944922655820848 24.102621465921402 6.6702489256858817 15.564022377133368 13.090197354555132 6.5251646637916556 6.9427822828292838 16.347573399543762 17.716339886188507 5.1676859706640235 12.357267677783964 11.065683677792547 9.1670557856559736 18.743113726377487 5.6738335043191892 55.077912867069244 5.4354476779699326 7.0204042047262174 18.950522661209106 7.1671074628829956 28.119239658117294 5.6446174830198288 29.344415560364723 42.137323394417763
leaf_count=20 907 143 25 22 170 376 57 99 27 64 55 27 29 67 72 21 50 45 37 76 23 223 22 29 77 29 114 23 120 174
internal_value=-3.42769e-05 -0.0108478 0.00694761 0.00962213 0.00164395 -0.019601 -0.00790415 -0.0111552 -0.00175622 0.005477 0.0131315 -0.00598744 0.0148249 -0.000369169 -0.00646129 -0.00472358 -0.00777966 -0.00304448 0.000470356 -0.0167692 -0.0036836 -0.00782581 0.0202708 -0.00205533 -0.00469266 0.017794 -0.0261821 0.00682902 -0.000617993 0.00529808
internal_weight=780.042 306.044 473.998 347.116 106.042 102.167 65.6038 60.2818 36.1792 29.5089 241.074 19.6154 221.459 126.882 203.877 186.161 150.807 98.7772 86.4199 52.03 75.3542 64.245 11.1093 120.967 106.78 14.1875 33.2869 10.5533 87.8293 58.4849
internal_count=3223 1245 1978 1457 439 419 269 247 148 121 1018 82 936 521 826 754 611 400 350 211 305 260 45 496 438 58 135 43 361 241
is_linear=0
shrinkage=0.03


Tree=22
num_leaves=31
num_cat=0
split_feature=6 90 8 0 17 46 37 68 21 64 53 68 12 21 21 22 76 21 6 35 4 3 90 42 14 55 38 90 29 42
split_gain=61.6731 13.7953 12.677 10.851 10.3164 9.37482 9.35184 9.98078 8.92516 9.84169 8.77385 8.72963 8.34356 8.25516 9.67004 8.17102 9.69484 7.96621 7.98259 7.87457 7.61463 7.50759 7.39522 9.26003 7.36554 8.28303 7.4686 8.84506 8.413 9.34093
threshold=5.3450000000000006 0.074999999999999747 36.850000000000001 5.5000000000000009 2.5000000000000004 47.350000000000001 58.650000000000013 44.45000000000001 48.350000000000001 6.8750000000000009 0.13500000000000004 40.650000000000013 6.7350000000000012 65.750000000000014 49.45000000000001 5.2550000000000008 64.350000000000009 54.45000000000001 6.3850000000000007 3.6550000000000007 6.7691666666666679 2.5000000000000004 -0.015000000000000123 55.050000000000004 0.14500000000000005 66.450000000000017 6.9050000000000011 0.039999999999999598 43.750000000000007 36.45000000000001
decision_type=2 2 2 2 2 2 2 2 2 2 2 2 2 2 2 2 2 2 2 2 2 2 2 2 2 2 2 2 2 2
left_child=2 3 8 22 11 10 17 -8 9 12 -4 -5 -1 14 -9 -6 -17 -3 -19 20 -10 -20 23 -2 -24 26 28 -28 -26 -30
right_child=1 6 5 4 15 -7 7 13 19 -11 -12 -13 -14 -15 -16 16 -18 18 21 -21 -22 -23 24 -25 25 -27 27 -29 29 -31
leaf_value=-0.0062757951035732227 0.031572278271175709 0.01428213563743975 -0.040690320149476371 -0.036319408895215843 0.024408362952785562 -0.025057001961811865 0.01820169968706109 -0.040466705842721544 0.015529359465954627 0.015892046820879167 -0.0028051123549678505 -0.0032452133438601468 -0.036514690239122259 -0.057640609096107492 0.0026659462269629499 -0.01381703309014061 0.023944947833243128 -0.030434593437311371 0.027440537613849365 -0.033000977251585246 -0.033246319327104916 -0.020306908115845783 0.017676831349820447 -0.0023673959329795296 0.018605460807697368 -0.029436526301152535 0.040979961941477579 -0.0036620062548252596 -0.031676728902994347 0.0039098526483468381
leaf_weight=23.300364643335342 31.552661418914795 27.124051824212074 5.6790952533483496 8.5898360610008222 21.361740365624428 21.228671371936798 5.6481713503599194 8.4132460951805168 6.7187053412199003 10.654303327202795 176.08585868775845 43.829413622617722 12.682058244943617 5.7071562558412543 10.536605954170225 17.311227291822437 9.4641467183828336 9.6498894691467303 6.6665235161781293 44.24569571018219 5.0425986647605896 5.3360059857368469 78.449333533644676 9.3875883072614652 34.553189992904663 5.5556695014238349 11.966175302863123 5.9959659576416007 7.069182574748992 108.92313031852245
leaf_count=95 136 112 23 35 90 86 23 34 28 43 712 179 52 23 43 71 39 39 28 185 21 22 335 40 145 23 51 25 29 456
internal_value=-3.29177e-05 0.00675297 -0.0105367 0.00904806 0.00054318 -0.00619207 -0.00468187 -0.01777 -0.0191288 -0.00943443 -0.0039888 -0.00866501 -0.0169335 -0.0260101 -0.0164838 0.0105705 -0.00046951 0.0034499 -0.0101197 -0.0272013 -0.00538296 0.00621329 0.0119624 0.0237899 0.0100448 0.00660506 0.00779335 0.026078 0.00561174 0.00174102
internal_weight=778.728 473.091 305.637 394.009 100.556 202.994 79.0817 30.3052 102.644 46.6367 181.765 52.4192 35.9824 24.657 18.9499 48.1371 26.7754 48.7765 21.6524 56.007 11.7613 12.0025 293.453 40.9402 252.513 174.063 168.508 17.9621 150.546 115.992
internal_count=3223 1978 1245 1654 414 821 324 123 424 190 735 214 147 100 77 200 110 201 89 234 49 50 1240 176 1064 729 706 76 630 485
is_linear=0
shrinkage=0.03


Tree=23
num_leaves=31
num_cat=0
split_feature=7 90 7 9 60 68 49 8 15 38 15 15 58 62 85 61 47 23 28 9 54 82 68 67 21 58 21 58 63 55
split_gain=54.1333 13.8667 12.5946 10.7134 9.60765 9.56126 9.28793 12.2529 8.62092 9.4284 11.0105 9.7239 8.28306 8.48407 12.6859 8.34734 8.06076 8.04207 8.01359 8.59082 7.76245 7.56558 6.58024 8.90199 9.90693 9.84665 8.07566 8.41374 7.33472 9.57587
threshold=30.150000000000002 0.074999999999999747 41.750000000000007 4.0100000000000007 67.550000000000011 48.550000000000004 28.700000000000006 41.650000000000013 48.550000000000004 6.8850000000000007 34.45000000000001 28.350000000000005 6.8450000000000006 29.750000000000004 2.5000000000000004 3.9750000000000005 44.550000000000004 15.100000000000001 39.850000000000001 1.3400000000000003 23.550000000000004 1.5000000000000002 45.550000000000004 41.050000000000004 32.95000000000001 6.535000000000001 49.45000000000001 5.2550000000000008 27.350000000000005 51.050000000000004
decision_type=2 2 2 2 2 2 2 2 2 2 2 2 2 2 2 2 2 2 2 2 2 2 2 2 2 2 2 2 2 2
left_child=3 2 4 6 8 -6 7 18 9 11 16 -2 13 14 15 -3 -11 -13 19 -1 -5 -8 28 24 -24 26 27 -26 -22 -30
right_child=1 12 -4 20 5 -7 21 -9 -10 10 -12 17 -14 -15 -16 -17 -18 -19 -20 -21 22 -23 23 -25 25 -27 -28 -29 29 -31
leaf_value=0.0046178412609237636 0.016598977810350857 0.031020844470543898 0.012068126654756798 -0.024304793575528085 0.0053462782309887579 -0.036407315332470623 -0.019521148071935772 0.02531320852902225 -0.02951300682617607 -0.027758006301128714 0.041894100384100734 0.023211471384484636 -0.037823753438513914 0.0042621819182228826 -0.039063412886104099 -0.013925219791688903 0.017417807334207641 -0.0041530477560637281 0.01726157807059895 -0.037639644791463207 -0.039059709271833831 -0.042413915283371018 -0.023068444020573828 -0.017564543810113704 0.031035180929248282 0.045279239997340723 -0.0042879505360740953 -0.0067492728683124651 0.012769219594915388 -0.024776332092878498
leaf_weight=6.094330281019217 33.26028835773468 5.5696279257535997 239.90566681325436 19.886751517653465 8.9123300760984439 11.062971562147139 38.90965461730957 7.8943410068750373 6.6327121108770362 4.8253755718469682 12.669229328632353 10.603129565715788 6.6675438582897177 51.681363463401794 12.346782013773916 11.191181659698485 13.499373748898504 109.33120240271091 4.8804898560047141 14.95446442067623 8.8161121308803541 19.505443170666695 9.9126407206058484 20.463229760527611 16.070862874388698 6.1425194889307013 33.148753985762596 7.9169241189956656 11.518731445074083 13.028974220156668
leaf_count=25 137 23 1018 81 37 45 161 32 27 20 53 44 27 212 50 46 56 450 20 62 36 81 40 83 65 25 135 32 47 53
internal_value=-3.1629e-05 0.00524593 0.00736724 -0.011908 0.0020172 -0.0177782 -0.0199214 -0.00741086 0.0040894 0.00529944 0.0203895 0.00224645 -0.00568613 -0.0030338 -0.015988 0.00101039 0.00552186 -0.00173381 -0.0173739 -0.0254047 -0.00687655 -0.0271653 -0.00414789 -7.23874e-05 0.00481814 0.00918656 0.00530638 0.0185648 -0.0155881 -0.00715851
internal_weight=777.303 538.159 450.702 239.144 210.797 19.9753 92.2387 33.8236 190.821 184.189 30.994 153.195 87.4565 80.789 29.1076 16.7608 18.3247 119.934 25.9293 21.0488 146.906 58.4151 127.019 93.6549 73.1917 63.2791 57.1365 23.9878 33.3638 24.5477
internal_count=3223 2245 1887 978 869 82 381 139 787 760 129 631 358 331 119 69 76 494 107 87 597 242 516 380 297 257 232 97 136 100
is_linear=0
shrinkage=0.03


Tree=24
num_leaves=31
num_cat=0
split_feature=84 90 7 10 14 29 40 41 19 81 41 59 76 76 3 74 7 19 9 33 19 19 19 46 48 0 24 12 41 67
split_gain=56.0955 12.4318 11.3481 11.4799 11.0347 9.82181 8.67712 8.65686 10.0703 9.34093 9.26051 8.16609 8.32914 7.80595 7.68694 7.56283 8.77016 10.9341 7.45353 7.30633 16.054 10.8209 9.05748 7.94595 7.30439 7.00483 11.9568 10.1647 9.37592 9.66294
threshold=3.5000000000000004 0.06000000000000006 37.550000000000004 21.500000000000004 0.15500000000000003 45.050000000000004 0.14500000000000005 42.150000000000013 5.8350000000000009 42.150000000000013 44.150000000000013 33.050000000000004 2.6000000000000001 54.900000000000006 1.5000000000000002 1.3400000000000003 27.450000000000003 4.8150000000000004 4.4150000000000009 23.350000000000005 5.0850000000000009 4.2550000000000008 4.8750000000000009 51.350000000000001 6.4450000000000012 5.5000000000000009 57.050000000000004 6.8550000000000013 38.850000000000001 29.750000000000004
decision_type=2 2 2 2 2 2 2 2 2 2 2 2 2 2 2 2 2 2 2 2 2 2 2 2 2 2 2 2 2 2
left_child=1 2 3 -1 5 6 -2 9 10 13 -9 24 -13 14 18 16 17 -11 -6 20 -3 -21 -23 -24 -5 -4 28 -28 29 -27
right_child=4 19 25 11 7 -7 -8 8 -10 15 -12 12 -14 -15 -16 -17 -18 -19 -20 21 -22 22 23 -25 -26 26 27 -29 -30 -31
leaf_value=-0.022239526192082543 0.012609411711681902 0.029911680000067296 0.014724282599102025 0.014183688947461925 -0.033156849402637634 0.0058543478088154497 -0.030151486157030508 0.018688760228129608 0.027789098394846487 0.019171847112691553 -0.028245056359682701 0.015066301695253788 -0.017619016924061981 -0.020366429585234682 0.024834301085904238 -0.023144459891743963 0.01939984442213798 -0.031015773330101415 0.012442150448031855 -0.028896157140231356 -0.016237251183968918 0.021212329679182532 -0.012728084345760532 0.025623252947461841 -0.019036529269597112 -0.00043962466502343541 -0.02233862074950807 0.026241247504276501 -0.012545547113005208 0.033592909537667484
leaf_weight=16.746869146823883 5.9346262365579632 15.728545144200327 204.54798990488052 58.434783279895782 6.0428204685449618 55.479205548763275 15.235247522592543 5.8609987348318162 9.02563628554344 5.4226639866828981 10.674777656793593 10.144383728504179 22.758786618709564 15.104715391993521 11.560632228851317 118.14698326587677 8.6063386052846891 13.976845532655714 6.9216326773166656 17.224647328257561 11.930165231227873 12.151504203677176 39.319702818989754 5.5482127070426932 6.6331016421318045 11.878468722105024 20.057322278618816 4.8050075471401206 9.7116867452859861 20.410912662744522
leaf_count=68 24 65 876 240 25 227 62 24 37 22 44 42 93 62 47 485 35 58 28 70 49 50 162 23 27 50 82 20 40 86
internal_value=-3.06548e-05 0.00616539 0.00862514 0.000714431 -0.0105304 -0.000779378 -0.0181642 -0.0140669 0.00230188 -0.0163191 -0.0116097 0.00463811 -0.0075418 -0.00340072 0.00704827 -0.0198219 -0.00580516 -0.016987 -0.00881186 -0.00315508 0.010006 -0.00805809 -0.00176325 -0.00798569 0.0107972 0.0119688 0.00353913 -0.0129499 0.0132997 0.0210732
internal_weight=776.025 488.032 386.129 114.718 287.993 76.6491 21.1699 211.344 25.5614 185.783 16.5358 97.9711 32.9032 39.6298 24.5251 146.153 28.0058 19.3995 12.9645 101.903 27.6587 74.2441 57.0194 44.8679 65.0679 271.411 66.8634 24.8623 42.0011 32.2894
internal_count=3223 2043 1624 470 1180 313 86 867 105 762 68 402 135 162 100 600 115 80 53 419 114 305 235 185 267 1154 278 102 176 136
is_linear=0
shrinkage=0.03


Tree=25
num_leaves=31
num_cat=0
split_feature=84 90 6 59 14 51 11 10 60 20 54 61 76 64 22 22 75 84 24 19 16 19 50 35 68 28 90 73 14 48
split_gain=56.0441 13.1029 11.5697 11.2898 11.1746 10.1426 9.60993 17.5838 8.98661 8.10779 8.73926 7.48465 9.45524 7.43046 6.86825 9.22791 7.15983 9.00642 6.79502 11.7454 8.59081 7.68959 6.79324 6.85141 7.8689 6.74676 10.7052 6.67577 6.42765 9.49568
threshold=3.5000000000000004 0.06000000000000006 5.9850000000000012 50.150000000000006 0.15500000000000003 6.6650000000000009 48.150000000000013 33.500000000000007 59.900000000000006 16.050000000000004 35.050000000000004 4.4150000000000009 30.500000000000004 7.0250000000000012 2.3700000000000006 3.0150000000000001 29.350000000000005 2.5000000000000004 51.750000000000007 5.8950000000000005 52.350000000000001 7.1250000000000009 83.100000000000009 6.4650000000000007 55.150000000000013 37.95000000000001 0.010000000000000233 45.350000000000001 0.15500000000000003 6.6950000000000012
decision_type=2 2 2 2 2 2 2 2 2 2 2 2 2 2 2 2 2 2 2 2 2 2 2 2 2 2 2 2 2 2
left_child=1 2 3 6 11 -6 7 8 9 27 -11 12 -2 -7 -8 -16 17 -17 19 20 -13 25 23 28 -25 26 -20 -1 29 -4
right_child=4 -3 22 -5 5 13 14 -9 -10 10 -12 18 -14 -15 15 16 -18 -19 21 -21 -22 -23 -24 24 -26 -27 -28 -29 -30 -31
leaf_value=-0.0033779152136141793 0.018829536886126579 -0.0025705526607077804 0.020040415390647711 -0.034727064267134844 -0.037567546140438918 -0.012691029909678532 0.029637481581779406 -0.047459228438089633 0.028079880684970734 0.0013768871850295241 -0.027636392538343386 0.02382834910155994 -0.029872905696059743 0.014435588510953924 -0.030456116716471544 0.012455010530901034 0.015601431645392646 -0.025624462732778505 0.029907220698812343 -0.042419121070847735 -0.01972668544299384 -0.014277980835978133 -0.018337698969117383 0.031102052083339393 0.00033629982987030727 0.052078442852949096 -0.015057622901802455 0.040138260954933724 0.0043930272578503191 -0.0078890783712433077
leaf_weight=6.5950767248868924 4.9502896666526821 105.43733611702919 89.418786257505417 6.6299225687980643 14.288544431328772 193.75695726275444 15.105195686221121 7.3234062492847434 9.7851504832506162 23.790326446294785 15.387218996882437 10.041398361325269 13.033830240368841 9.5352050811052305 5.3459016084671012 12.821062028408051 60.468743473291397 9.9114160537719727 13.625862225890165 6.097972407937049 6.8601128607988349 6.6541399955749503 5.6965458989143363 37.565319076180458 9.3429477214813215 5.2968183308839789 7.3281084001064292 6.1142945736646652 62.409161552786827 12.48551359772682
leaf_count=27 20 433 386 27 59 796 63 30 40 98 63 41 53 39 22 54 251 40 56 25 28 27 24 162 40 22 30 25 265 53
internal_value=0.000749301 0.0068282 0.00932943 0.0036903 -0.00971279 -0.0131359 0.00516558 -0.00350963 0.00170928 -0.00326385 -0.0100183 0.000367248 -0.0164671 -0.0114187 0.0109402 0.00775062 0.0102055 -0.00414773 0.00578277 -0.00672745 0.0061499 0.014527 0.01399 0.0148619 0.0249743 0.0218286 0.0141819 0.0175571 0.011975 0.0166184
internal_weight=793.103 501.633 396.196 179.278 291.469 217.581 172.648 68.9955 61.6721 51.8869 39.1775 73.8885 17.9841 203.292 103.652 88.5471 83.2012 22.7325 55.9044 22.9995 16.9015 32.9049 216.918 211.222 46.9083 26.2508 20.954 12.7094 164.313 101.904
internal_count=3299 2103 1670 740 1196 894 713 283 253 213 161 302 73 835 430 367 345 94 229 94 69 135 930 906 202 108 86 52 704 439
is_linear=0
shrinkage=0.03


Tree=26
num_leaves=31
num_cat=0
split_feature=6 0 41 8 90 19 9 55 51 21 41 28 77 41 0 81 59 77 72 36 41 28 48 80 6 8 41 54 55 55
split_gain=49.9571 11.4535 11.9496 10.5437 9.88078 8.06447 8.61297 9.93088 9.078 7.79241 7.32757 7.30495 7.21059 8.96896 7.12552 17.2978 9.74924 7.81427 9.90816 7.42542 7.35192 7.61111 7.16788 7.51069 7.09926 10.6826 9.53321 9.27266 8.87312 8.82862
threshold=5.3450000000000006 4.5000000000000009 34.95000000000001 33.95000000000001 0.044999999999999936 6.6650000000000009 6.7950000000000008 68.100000000000009 7.0050000000000008 63.550000000000004 36.250000000000007 33.250000000000007 6.785000000000001 32.050000000000004 2.5000000000000004 59.050000000000004 43.550000000000004 6.7650000000000006 48.850000000000001 34.850000000000001 27.550000000000004 29.550000000000004 6.6750000000000007 34.850000000000001 6.245000000000001 56.350000000000001 39.95000000000001 28.550000000000004 58.250000000000007 47.150000000000013
decision_type=2 2 2 2 2 2 2 2 2 2 2 2 2 2 2 2 2 2 2 2 2 2 2 2 2 2 2 2 2 2
left_child=1 3 11 -1 5 6 7 8 9 14 -11 -3 -13 -14 15 16 -2 18 20 -18 21 -16 23 -19 25 27 29 -6 -29 -26
right_child=4 2 -4 -5 24 -7 -8 -9 -10 10 -12 12 13 -15 17 -17 19 22 -20 -21 -22 -23 -24 -25 26 -27 -28 28 -30 -31
leaf_value=-0.017046544930657527 0.023582068368546514 -0.030925926865452365 -0.0045907968390747978 0.0010783951250818175 -0.021990720606528163 -0.0011564055644973656 0.0211065941832543 -0.033723554059740472 0.040794135300559468 0.038488837470320607 -0.0019280041491553472 -0.022831180255050421 0.01555497960633153 -0.032378981409548487 -0.037846043189976912 -0.026145357756148953 -0.027265849489325318 0.0082256936907149428 -0.02225630319970353 0.022178407833399406 0.015767124954809506 0.0074962723504632027 -0.043404084541270531 -0.021848838667919868 -0.01631733117335419 -0.015215169006469445 0.030314211040338861 0.0347280725177413 -0.012122660506302927 0.009952472206975824
leaf_weight=37.589988708496094 58.254596576094627 41.459971070289612 62.133876174688339 124.74487541615963 6.1658194512128857 54.131092697381973 64.710813269019127 4.8598667085170737 8.1043908745050413 13.69095426797867 5.7255092263221732 28.251291796565056 12.256020724773409 4.9248600453138343 5.0536713153123847 8.7376583218574506 6.6321099102497083 17.819686979055408 9.1759663224220258 4.6503222584724426 56.784545600414276 9.7790568917989713 4.9165943861007682 12.871975883841513 17.116374880075455 45.85220730304718 12.717995822429655 12.251739889383318 5.1748999655246726 35.176462352275848
leaf_count=158 251 171 255 506 25 227 281 20 35 58 24 116 50 20 21 37 28 75 38 20 239 41 20 54 71 187 53 50 21 147
internal_value=0.000728664 -0.00863152 -0.0146368 -0.00311859 0.00679584 0.00947841 0.0114515 0.00869977 0.00962765 0.00844786 0.0265708 -0.0218204 -0.0135109 0.00181482 0.00664033 0.0136394 0.0186386 0.00193376 0.00709405 -0.00688623 0.0108546 -0.00795235 -0.00977466 -0.00438746 -0.000105306 -0.00677509 0.00701937 0.00962829 0.0208156 0.0013539
internal_weight=791.715 311.361 149.026 162.335 480.354 345.899 291.768 227.057 222.197 214.093 19.4165 86.8921 45.4322 17.1809 194.676 78.2747 69.537 116.401 80.7932 11.2824 71.6173 14.8327 35.6083 30.6917 134.455 69.4447 65.0108 23.5925 17.4266 52.2928
internal_count=3299 1276 612 664 2023 1469 1242 961 941 906 82 357 186 70 824 336 299 488 339 48 301 62 149 129 554 283 271 96 71 218
is_linear=0
shrinkage=0.03


Tree=27
num_leaves=31
num_cat=0
split_feature=84 6 38 8 19 21 37 86 19 8 59 80 73 11 11 58 23 32 23 48 0 55 69 75 22 79 36 37 89 46
split_gain=50.7726 11.698 9.73962 7.99057 10.1703 8.82133 9.28436 7.94203 8.23494 7.83684 7.40772 10.1922 7.36648 7.51895 7.88547 7.12947 6.95542 6.61932 7.60717 5.94912 8.39067 6.88381 7.51218 6.55102 6.51025 5.93893 6.65531 7.13409 6.49936 7.09315
threshold=3.5000000000000004 6.3750000000000009 7.0950000000000006 38.250000000000007 5.2150000000000007 75.100000000000009 82.050000000000011 1.5000000000000002 3.9150000000000005 45.250000000000007 37.250000000000007 23.250000000000004 5.6500000000000012 39.350000000000001 47.750000000000007 4.3650000000000011 44.250000000000007 5.785000000000001 16.050000000000004 6.8650000000000011 3.5000000000000004 43.250000000000007 2.5000000000000004 36.050000000000004 4.5050000000000008 0.13500000000000004 58.900000000000006 73.250000000000014 5.5000000000000009 46.050000000000004
decision_type=2 2 2 2 2 2 2 2 2 2 2 2 2 2 2 2 2 2 2 2 2 2 2 2 2 2 2 2 2 2
left_child=1 7 3 4 12 6 -5 9 15 -1 16 -12 -2 -14 -15 -9 -11 18 -17 21 -21 22 24 -22 -3 -10 27 28 29 -27
right_child=2 19 -4 5 -6 -7 -8 8 25 10 11 -13 13 14 -16 17 -18 -19 -20 20 23 -23 -24 -25 -26 26 -28 -29 -30 -31
leaf_value=-0.022807851244438675 0.016376946745295825 0.017017174105366309 0.030709236346785376 -0.0058632802288672266 -0.025367932951432377 -0.038082440427398688 0.035421651514536419 0.025499950721739197 -0.020787696635753743 0.02800530523345118 -0.037748336190855436 0.014334090062015359 -0.021118349896566083 0.03106048127877295 -0.013029395710440072 -0.021230869736245651 -0.0047385782464712993 -0.029856782205112464 0.020732004705666395 0.017085499831245111 -0.040371232008928615 0.017975509592355582 0.032609496858799075 0.00018332531648693342 -0.016249584108992899 0.0029957521306862469 -0.028718003398157738 0.030379435536336659 -0.026765130453688547 -0.015257570403091524
leaf_weight=5.1643300056457511 9.829635873436926 7.8490877449512544 5.3849740475416175 162.65609061717987 55.648517206311226 7.4027522206306449 5.0547778457403174 20.262877479195595 13.903711080551146 34.432779029011726 4.8757665008306494 11.035263150930403 29.539983138442039 6.1496141850948325 8.9848935902118665 5.3565985709428849 7.030712515115737 4.8722990155220023 14.182237192988394 13.663947537541391 5.803360551595687 124.58033972978592 5.7981401085853568 9.3776078522205335 16.266900345683098 150.94024164974689 7.2406459152698508 6.9682716429233542 8.1317580938339216 21.945858061313629
leaf_count=21 40 34 22 662 236 30 21 84 57 145 20 46 123 25 37 22 29 20 59 59 24 539 25 39 70 628 30 29 33 90
internal_value=0.000708656 0.00650788 -0.00926126 -0.0100158 -0.0163464 -0.00603359 -0.00461896 0.00301343 0.000653861 0.0125894 0.0157755 -0.00162602 -0.0071355 -0.0123089 0.00488567 0.0123457 0.0224531 0.0014268 0.00922783 0.0125374 3.0706e-05 0.0148724 0.00194936 -0.0153198 -0.00542217 -0.00184373 -0.00049457 0.00059251 -0.000554136 0.000678707
internal_weight=790.334 499.683 290.651 285.266 110.153 175.114 167.711 316.343 253.804 62.5389 57.3745 15.911 54.5041 44.6745 15.1345 44.674 41.4635 24.4111 19.5388 183.339 28.8449 154.494 29.9141 15.181 24.116 209.13 195.227 187.986 181.018 172.886
internal_count=3299 2103 1196 1174 461 713 683 1313 1052 261 240 66 225 185 62 185 174 101 81 790 122 668 129 63 104 867 810 780 751 718
is_linear=0
shrinkage=0.03


Tree=28
num_leaves=31
num_cat=0
split_feature=6 0 41 12 8 27 6 62 21 48 0 19 67 25 19 76 38 40 71 58 55 71 76 41 71 14 20 23 10 74
split_gain=44.9713 10.8009 11.3128 9.91532 8.75757 9.34214 8.07355 13.0115 9.2395 8.89197 11.8912 7.98275 7.87363 8.65707 9.57896 7.85857 7.65147 7.42447 6.8252 7.02158 7.74518 7.66792 7.43095 7.30337 6.79563 6.70565 6.56239 8.04232 8.73645 7.39291
threshold=5.3450000000000006 4.5000000000000009 34.95000000000001 6.6750000000000007 37.150000000000013 0.13500000000000004 6.3750000000000009 56.050000000000004 68.050000000000011 6.8650000000000011 3.5000000000000004 6.4650000000000007 43.750000000000007 6.8150000000000004 5.1350000000000007 52.850000000000001 6.9250000000000007 0.16500000000000004 7.3650000000000011 6.9450000000000012 43.550000000000004 6.4850000000000012 56.550000000000004 23.150000000000002 4.4450000000000012 0.15500000000000003 18.250000000000004 20.650000000000002 21.800000000000001 5.6250000000000009
decision_type=2 2 2 2 2 2 2 2 2 2 2 2 2 2 2 2 2 2 2 2 2 2 2 2 2 2 2 2 2 2
left_child=1 3 -3 -1 15 -6 7 8 12 18 -11 -12 -2 14 -14 16 -5 -10 19 20 21 22 23 -8 -25 -7 -4 -28 -29 -30
right_child=6 2 26 4 5 25 9 -9 17 10 11 -13 13 -15 -16 -17 -18 -19 -20 -21 -22 -23 -24 24 -26 -27 27 28 29 -31
leaf_value=0.02905043971806677 0.0080997019255680987 -0.021057204239474873 0.020476973457686155 -0.013118281863607419 -0.031510631390312731 0.017195734675455817 0.031417599818121936 -0.024354828474232298 -0.028326993758977192 0.015469648601447897 0.0015165764256486131 -0.037766874457438045 0.037367612354648083 -0.035728146497070887 -0.019061721462115183 -0.031690232916316882 0.024920778545684759 0.004277841787923657 -0.020307102030777305 0.0352381896735212 0.016657129077528459 0.034498612971624563 -0.033009496937656403 0.015469638427888916 -0.032674461051697426 -0.0014761287627679716 -0.036162240048534071 -0.02638622872801678 -0.0056685809360949744 0.023736266854632631
leaf_weight=8.32103483378887 221.71513865888119 86.49776366353035 8.3482187390327436 27.047869861125946 7.6640701144933692 22.612974673509598 5.5360698997974493 14.634000688791273 13.02491630613804 17.395157188177109 8.9103639870882052 9.7498081326484662 4.7539567947387713 8.0150035768747312 6.2889804989099503 16.726626008749008 5.775309056043624 12.147888615727423 5.0275574028491965 14.306931704282759 114.41853779554367 4.5996751934289923 7.2910933047533026 4.7900151461362821 5.8750753700733185 73.821580573916435 7.8546267598867408 11.161345079541205 23.080645337700844 11.544043272733687
leaf_count=34 928 357 34 113 31 92 24 60 53 75 37 40 20 33 26 71 24 50 21 62 497 20 31 21 25 299 32 47 95 47
internal_value=0.000688966 -0.00820304 -0.0140472 -0.00284535 -0.00457271 0.000368659 0.00645844 0.00318566 0.00470111 0.0110985 -0.00237439 -0.0190087 0.00650916 -0.0119948 0.00523097 -0.014954 -0.00642523 -0.0125926 0.0141 0.0152031 0.0131917 -0.00092297 -0.00785835 0.00346055 -0.0110515 0.00290224 -0.00426564 -0.00811639 -0.00330511 0.00413514
internal_weight=788.936 310.456 148.487 161.969 153.648 104.099 478.48 280.58 265.946 197.9 36.0553 18.6602 240.773 19.0579 11.0429 49.5498 32.8232 25.1728 161.845 156.817 142.51 28.0919 23.4923 16.2012 10.6651 96.4346 61.9889 53.6407 45.786 34.6247
internal_count=3299 1276 612 664 630 422 2023 1170 1110 853 152 77 1007 79 46 208 137 103 701 680 618 121 101 70 46 391 255 221 189 142
is_linear=0
shrinkage=0.03


Tree=29
num_leaves=31
num_cat=0
split_feature=84 90 7 58 14 51 67 55 68 35 61 76 62 64 49 74 67 72 72 55 15 33 16 35 38 81 34 45 34 20
split_gain=45.5842 11.5 11.9982 9.76398 9.67549 9.51455 8.67874 8.17869 7.41482 12.4155 6.85563 8.94271 7.20864 6.70481 6.67009 6.63946 6.58542 6.61217 7.87517 6.6962 6.40474 10.2801 6.83185 8.13295 6.92011 8.46396 6.12036 7.50063 5.85454 5.80435
threshold=3.5000000000000004 0.06000000000000006 37.850000000000001 6.6650000000000009 0.15500000000000003 6.6650000000000009 28.250000000000004 68.90000000000002 53.250000000000007 6.0550000000000006 4.4150000000000009 30.500000000000004 58.000000000000007 7.0250000000000012 19.450000000000003 6.285000000000001 34.95000000000001 25.100000000000005 49.150000000000013 46.050000000000004 37.45000000000001 44.150000000000013 60.45000000000001 4.8150000000000004 6.8350000000000009 54.150000000000013 74.250000000000014 7.205000000000001 20.850000000000005 23.350000000000005
decision_type=2 2 2 2 2 2 2 2 2 2 2 2 2 2 2 2 2 2 2 2 2 2 2 2 2 2 2 2 2 2
left_child=1 2 3 6 10 -6 14 26 16 15 11 -2 29 20 -1 -10 17 19 -19 -8 -7 22 24 -24 25 -22 27 28 -4 -12
right_child=4 -3 7 -5 5 13 8 -9 9 -11 12 -13 -14 -15 -16 -17 -18 18 -20 -21 21 -23 23 -25 -26 -27 -28 -29 -30 -31
leaf_value=0.019122156238293924 0.018808921371919914 -0.002633788010026917 -0.014479775567645682 -0.036672179525582708 -0.035794798339321802 -0.014855333970806581 -0.030387797850179366 -0.019042462498516155 -0.0057226586485747966 0.027527245168515322 0.038974664457416194 -0.028605799616312533 -0.02510958508375255 0.014269275396631783 -0.018100782318920511 -0.044054729858639077 0.033850548467907859 0.03172837855513818 -0.012128667656227953 0.0078779858667642737 0.035688097369057099 -0.028073224723418378 -0.03861197140241706 0.0074113212078213263 -0.0097751074301349623 -0.010518723410736801 0.042445358406180037 -0.018544508985620142 0.013960615046445718 0.0059923929316796735
leaf_weight=5.2829553782939938 4.9432986527681377 105.17002391815186 6.6969337314367285 5.9224058538675299 14.123374462127684 140.81808786094189 5.8666926920413998 7.3535721451044074 25.07547149062157 9.4352453351020795 5.3873540163040152 12.981249988079069 6.0508132278919211 9.5064100921154004 24.086008325219154 4.8540152907371512 12.407137975096701 15.039204567670824 4.8807629197835913 13.790287002921103 13.622514232993131 11.11386665701866 6.0627382397651663 8.0362978726625425 8.0307906270027143 4.8338452130556098 6.2183051258325568 6.8936098664998999 238.79752235114574 44.207792863249779
leaf_count=22 20 433 29 24 59 583 24 31 103 39 22 53 25 39 99 20 51 62 20 57 56 46 25 33 33 20 27 29 1033 182
internal_value=0.000669855 0.00617641 0.00853649 0.000936264 -0.00879105 -0.0119895 0.00278133 0.0121554 0.0073423 -0.00247974 0.000606037 -0.0155296 0.00580361 -0.0103253 -0.011405 -0.0119394 0.01478 0.00880149 0.0209826 -0.00354257 -0.0115398 -0.00250914 0.00449116 -0.0123792 0.0134712 0.0235862 0.0130426 0.0123181 0.0131848 0.00957515
internal_weight=787.489 497.77 392.6 126.64 289.718 216.148 120.718 265.96 91.3488 39.3647 73.5705 17.9245 55.646 202.025 29.369 29.9295 51.9841 39.5769 19.92 19.657 192.518 51.7001 40.5862 14.099 26.4872 18.4564 258.606 252.388 245.494 49.5951
internal_count=3299 2103 1670 521 1196 894 497 1149 376 162 302 73 229 835 121 123 214 163 82 81 796 213 167 58 109 76 1118 1091 1062 204
is_linear=0
shrinkage=0.03


Tree=30
num_leaves=31
num_cat=0
split_feature=6 90 7 19 20 90 0 90 10 38 63 23 50 67 15 79 27 66 42 9 9 41 46 32 81 46 58 42 23 45
split_gain=32.8756 13.5191 11.6735 11.5553 10.2804 9.7849 9.66823 9.59459 9.42748 15.6159 9.74212 10.8178 8.86234 8.85648 12.1282 11.6952 8.79365 8.35972 9.20522 8.24065 7.72666 7.65661 7.49746 7.24027 7.17717 7.53614 7.1552 7.07918 7.58168 6.73883
threshold=5.6650000000000009 -1.0000000180025095e-35 25.100000000000005 3.3550000000000004 57.45000000000001 0.1000000000000001 5.5000000000000009 -0.010000000000000229 43.45000000000001 6.8650000000000011 60.100000000000009 49.650000000000013 15.500000000000002 30.850000000000005 32.95000000000001 0.14500000000000005 0.20500000000000004 0.18500000000000003 60.350000000000001 5.2550000000000008 4.7950000000000008 43.250000000000007 23.950000000000003 5.1550000000000011 59.350000000000001 44.550000000000004 2.0750000000000006 55.550000000000004 24.800000000000004 7.0850000000000009
decision_type=2 2 2 2 2 2 2 2 2 2 2 2 2 2 2 2 2 2 2 2 2 2 2 2 2 2 2 2 2 2
left_child=1 17 3 -3 5 6 7 -2 10 -10 13 22 -7 14 19 23 29 18 -1 20 -4 -8 -12 -15 25 -17 -5 28 -14 -9
right_child=4 2 8 26 -6 12 21 16 9 -11 11 -13 27 15 -16 24 -18 -19 -20 -21 -22 -23 -24 -25 -26 -27 -28 -29 -30 -31
leaf_value=0.0071337015421356472 0.025768424160804489 0.026761215711534048 0.010819104746761971 -0.040719906882801346 -0.02427111008064102 -0.041491375550349208 0.0028772403811162172 0.0112679634929334 -0.033650162698511024 0.023119949267853566 -0.00025958038734385169 0.02547321925538714 -0.042016844325414915 0.0062869266313748578 -0.023755845602000645 0.020545367621631398 -0.027650592046133269 0.029472235567117446 -0.032236296327975054 0.02595314734378526 -0.037713541979897687 -0.025566195254948638 -0.031185607598035379 -0.037025267290552957 -0.011373290719846255 -0.0071246678652351391 -0.014993119331728512 0.021696731294429998 -0.0010208479051390937 -0.012284040900503224
leaf_weight=35.457049533724785 35.653609409928322 5.6543924361467353 6.8678180724382418 10.561797365546225 9.8731473386287671 5.8810731768608084 77.387494906783104 198.52589449286461 19.647223457694057 5.6048788428306571 10.35530076920986 5.1489010602235785 5.1844582706689861 6.3666005134582502 23.029412239789963 55.011529132723808 5.7445553392171851 12.151201114058493 6.2937292903661719 10.904683813452719 5.1784572005271912 9.5709722191095334 22.138144552707672 7.6442160457372665 9.8512918353080732 10.559116736054419 123.47556455433369 8.6967290043830854 18.718947023153305 11.571080744266508
leaf_count=146 159 23 28 45 41 24 324 856 80 23 42 21 21 26 94 225 24 50 26 45 21 39 90 31 40 43 517 36 77 49
internal_value=-0.000256363 -0.00638028 -0.0086054 -0.0152482 0.0059482 0.00673974 0.00836956 0.0113511 -0.00392611 -0.0210496 -0.00142746 -0.0149279 -0.00759506 0.00232541 -0.00837459 0.00782663 0.00896956 0.00757257 0.00119886 0.00705925 -0.0100441 -0.00025335 -0.0213298 -0.0173439 0.0125025 0.0160895 -0.0170203 -0.00148015 -0.00991255 0.00997084
internal_weight=778.709 391.901 337.999 139.692 386.808 376.935 338.454 251.495 198.308 25.2521 173.055 37.6423 38.4812 135.413 45.9804 89.4328 215.842 53.902 41.7508 22.951 12.0463 86.9585 32.4934 14.0108 75.4219 65.5706 134.037 32.6001 23.9034 210.097
internal_count=3266 1616 1394 585 1650 1609 1451 1088 809 103 706 153 158 553 188 365 929 222 172 94 49 363 132 57 308 268 562 134 98 905
is_linear=0
shrinkage=0.03


Tree=31
num_leaves=31
num_cat=0
split_feature=84 90 0 90 51 27 49 42 68 45 62 63 81 45 36 90 9 16 9 48 16 63 9 62 42 32 42 9 76 20
split_gain=35.6136 15.3387 12.0017 10.0939 9.49765 9.17974 12.611 9.89958 9.13514 8.92672 11.2302 8.91558 8.59419 7.93064 7.71535 6.73578 6.70956 10.0093 11.7505 9.47649 7.14285 7.04229 6.69401 7.72026 11.357 7.07809 6.76847 6.50649 7.26709 8.72821
threshold=2.5000000000000004 0.079999999999999641 5.5000000000000009 -0.015000000000000123 7.0650000000000004 0.19500000000000003 46.95000000000001 53.650000000000013 45.550000000000004 6.8350000000000009 28.050000000000004 12.300000000000002 41.45000000000001 6.0550000000000006 65.100000000000009 -0.05000000000000026 5.9050000000000011 46.150000000000013 4.995000000000001 4.6350000000000007 54.95000000000001 63.95000000000001 6.5550000000000006 43.750000000000007 47.550000000000004 6.8350000000000009 39.250000000000007 4.4150000000000009 50.20000000000001 26.850000000000005
decision_type=2 2 2 2 2 2 2 2 2 2 2 2 2 2 2 2 2 2 2 2 2 2 2 2 2 2 2 2 2 2
left_child=5 2 3 15 8 9 7 -7 13 14 -11 12 -5 -4 16 -2 17 18 -1 -20 21 -19 23 -13 26 -24 -25 -10 29 -29
right_child=1 -3 4 11 -6 6 -8 -9 27 10 -12 22 -14 -15 -16 -17 -18 20 19 -21 -22 -23 25 24 -26 -27 -28 28 -30 -31
leaf_value=0.01709132113919036 -0.0064095812392996792 -0.017215074780751287 -0.038079592036168702 0.020203657557965424 0.027653697409643501 -0.0041734303918020245 0.037196184052700018 -0.043321937427179054 -0.020456315948187236 -0.048041622053353168 0.0025538162621504949 0.0030319553550376449 -0.022074711759156838 -5.635610722917482e-05 -0.026391441253349839 0.026067977749330274 0.014612276664124898 0.022103193329343712 0.0037385940371749233 -0.03554984152296066 -0.0003896345714358693 -0.0092187740828957275 0.031816059494884273 -0.01659317885221321 -0.023524379901201323 -0.0043770389570889617 0.02536163883133118 0.011789012163621481 0.0092894508375948696 -0.024243564372577624
leaf_weight=11.04955357313156 7.8903132081031826 86.694527208805084 19.708427622914318 5.0932042151689521 5.375789448618888 19.519072785973552 4.7216293364763251 8.2791739106178266 26.090741157531738 5.3032943457365063 15.452858895063398 113.76359966397285 28.773575246334076 6.586858093738555 5.1494881510734549 21.160852327942848 163.18965490162373 44.964676231145859 8.9718647599220294 14.383476331830023 31.934411227703094 7.5443333238363257 12.139258146286013 5.6161292493343344 27.160336166620255 8.1132099032402021 9.0174109637737256 8.8659559637308138 25.781986564397812 19.051229149103165
leaf_count=47 33 359 82 21 22 82 20 34 109 22 66 468 119 27 22 88 712 192 38 60 135 32 51 23 112 34 37 36 105 78
internal_value=-0.00024885 -0.00591743 -0.00312053 0.000674385 -0.0112485 0.00702508 -0.00813363 -0.0158331 -0.0132198 0.00862589 -0.0103736 -0.00162179 -0.0157165 -0.0285549 0.00999906 0.0172471 0.0106635 0.00524142 -0.00839813 -0.0204573 0.0107986 0.0176029 0.00109331 -0.0010189 -0.0120454 0.017317 0.00926002 -0.00816605 -0.0021946 -0.0128003
internal_weight=777.347 436.883 350.189 238.728 111.461 340.463 32.5199 27.7982 106.085 307.944 20.7562 209.677 33.8668 26.2953 287.187 29.0512 282.038 118.848 34.4049 23.3553 84.4434 52.509 175.81 155.557 41.7939 20.2525 14.6335 79.7899 53.6992 27.9172
internal_count=3266 1804 1445 986 459 1462 136 116 437 1326 88 865 140 109 1238 121 1216 504 145 98 359 224 725 640 172 85 60 328 219 114
is_linear=0
shrinkage=0.03


Tree=32
num_leaves=31
num_cat=0
split_feature=6 90 7 46 45 6 10 38 63 27 24 21 24 36 21 10 47 33 66 42 76 68 15 47 80 63 89 21 46 46
split_gain=29.4486 12.2456 10.7534 9.54265 15.3891 9.86838 8.98946 14.4889 9.02805 8.65347 10.0363 9.77387 9.05513 8.18102 8.00724 8.38581 9.06769 8.91351 7.87967 8.55252 7.81951 14.9921 11.2309 9.38801 8.13002 7.80252 7.69159 7.53757 7.11885 7.23248
threshold=5.6650000000000009 -1.0000000180025095e-35 25.100000000000005 48.250000000000007 6.2250000000000005 7.4050000000000011 43.45000000000001 6.8650000000000011 60.100000000000009 0.20500000000000004 3.7000000000000006 65.550000000000011 70.050000000000011 62.600000000000009 39.550000000000004 49.650000000000013 70.550000000000011 42.95000000000001 0.18500000000000003 60.350000000000001 54.550000000000004 43.850000000000001 32.350000000000001 59.95000000000001 42.800000000000004 21.650000000000002 2.5000000000000004 70.450000000000017 23.950000000000003 32.350000000000001
decision_type=2 2 2 2 2 2 2 2 2 2 2 2 2 2 2 2 2 2 2 2 2 2 2 2 2 2 2 2 2 2
left_child=1 18 -3 4 5 9 8 -8 20 10 -2 13 -13 -12 -5 -16 17 -17 19 -1 21 22 26 24 -23 -25 -4 -6 -10 -30
right_child=3 2 6 14 27 -7 7 -9 28 -11 11 12 -14 -15 15 16 -18 -19 -20 -21 -22 23 -24 25 -26 -27 -28 -29 29 -31
leaf_value=0.0067804291809011943 0.023510500020290096 -0.014564437137823688 0.031568818595091738 0.023152490846185272 0.028556886213497026 0.03777688177275354 -0.032514596184298618 0.022274965582031323 0.0044631956691613189 -0.023634827010561341 0.0066794625131217748 -0.0012842814552774817 -0.035545126105954714 -0.02854838770757559 -0.017757416129849341 -0.038937052799460851 0.027770931052164022 0.010185453209925949 0.028542530817412769 -0.031197313704290779 -0.007746733375986194 0.024386713494367541 -0.036565846228479679 -0.033308457016203351 -0.014448210026079621 0.010365543538011942 -0.019352933963488268 -0.00047375134203028936 -0.043407605825711487 -0.010511297793486949
leaf_weight=35.411275923252106 23.842845693230629 138.9465149641037 5.5584167838096636 8.1729086339473707 41.159277856349945 7.9817592799663535 19.653353363275532 5.5764782577753058 12.316950082778929 9.8741346001625043 187.83199627697468 21.378879010677341 10.282045379281042 6.1265645474195471 35.328491449356079 5.6935937106609362 9.6068013459444028 7.9898659437894821 12.114773839712141 6.2837858349084845 45.502333670854568 47.358998134732246 10.499908864498137 5.8903802037239066 5.4053950607776633 9.8177833259105665 5.1367516815662384 10.006231456995009 9.865846052765848 15.41038519144058
leaf_count=146 104 585 23 35 177 36 80 23 50 41 810 90 43 26 147 24 41 34 50 26 186 194 43 24 22 40 21 42 40 63
internal_value=-0.000241456 -0.00604445 -0.0081668 0.00564399 0.00780615 0.00492106 -0.0036771 -0.0204046 -0.00123426 0.00390984 0.0050001 0.00304398 -0.0124107 0.00556672 -0.00466587 -0.00854444 0.00543053 -0.0102541 0.00724501 0.00105687 0.00238239 0.00752248 -0.0145259 0.0143473 0.0204083 -0.0060117 0.00711176 0.0228795 -0.0142383 -0.0233514
internal_weight=776.025 390.749 336.939 385.275 318.484 267.318 197.993 25.2298 172.763 259.336 249.462 225.619 31.6609 193.959 66.7917 58.6188 23.2903 13.6835 53.8098 41.6951 135.17 89.6676 21.1951 68.4726 52.7644 15.7082 10.6952 51.1655 37.5932 25.2762
internal_count=3266 1616 1394 1650 1369 1150 809 103 706 1114 1073 969 133 836 281 246 99 58 222 172 553 367 87 280 216 64 44 219 153 103
is_linear=0
shrinkage=0.03


Tree=33
num_leaves=31
num_cat=0
split_feature=84 14 14 36 90 16 67 68 0 74 34 51 9 8 72 80 74 4 63 33 67 23 66 90 11 54 49 63 16 73
split_gain=32.1139 15.979 10.7778 10.7712 8.32584 8.19925 7.5641 7.63052 9.40298 10.3901 7.81095 7.21743 7.02724 6.91064 9.68572 6.77442 8.80155 15.8174 7.87498 6.86069 6.65391 6.55196 6.51342 10.286 6.72804 6.63292 8.10218 7.61216 6.54835 6.95624
threshold=2.5000000000000004 0.16500000000000004 0.14500000000000005 15.500000000000002 0.1000000000000001 59.45000000000001 37.550000000000004 46.550000000000004 4.5000000000000009 6.3650000000000011 71.750000000000014 7.0750000000000011 5.5950000000000006 45.650000000000013 41.95000000000001 24.850000000000005 4.9750000000000005 6.7324999999999999 38.550000000000004 42.750000000000007 30.450000000000003 41.800000000000004 0.15500000000000003 0.11499999999999978 60.95000000000001 29.650000000000002 26.150000000000002 64.050000000000011 54.95000000000001 52.850000000000001
decision_type=2 2 2 2 2 2 2 2 2 2 2 2 2 2 2 2 2 2 2 2 2 2 2 2 2 2 2 2 2 2
left_child=2 3 5 21 6 -1 7 8 20 12 15 -3 -10 -6 -15 -9 17 19 -18 -17 -5 -2 25 24 28 27 -27 -4 -24 -30
right_child=1 11 22 4 13 -7 -8 10 9 -11 -12 -13 -14 14 -16 16 18 -19 -20 -21 -22 -23 23 -25 -26 26 -28 -29 29 -31
leaf_value=0.011710825173856179 -0.039338776276670054 -0.011693243040894136 -0.0081708889795096464 0.017476576652154709 -0.044337782151993806 0.038251433717438603 -0.0055415555297576935 0.047151033840970399 -0.01315511172781836 0.017593490575225537 -0.014003534726910148 0.022784530911015798 -0.057937022211154994 0.016721038988751005 -0.031214716182945839 -0.034691639056051313 0.00057733880447171976 0.032851070231017923 0.033311478150103449 0.0063728873628796784 -0.020485371577848487 0.003174431098935063 0.0069677476494685829 -0.025963004051383878 0.014091121521352256 -0.020556921865897072 0.0084670629052995897 -0.051998384581271026 -0.023728738935900863 0.011181149552956458
leaf_weight=92.355340600013733 9.2899673581123334 231.52823981642723 12.115848049521448 22.330142796039585 5.4409754574298885 11.816330552101133 45.340894177556038 6.578658163547515 7.533692345023157 5.4111387431621543 7.5210685133934012 5.5965410917997351 5.4244705438613892 8.3810797631740552 6.9308153241872779 8.8110754042863864 8.9472178220748884 8.8765713572502118 25.368547767400742 6.2653764188289633 5.1056136041879645 5.0286760777235022 62.504386469721794 8.5506023466587049 79.058481350541115 11.730841785669325 33.027358397841454 5.0545658171176902 15.037211343646051 7.8027630299329749
leaf_count=406 38 962 52 93 23 53 186 27 31 22 31 23 22 34 28 36 37 37 106 26 21 21 265 35 343 50 141 21 63 33
internal_value=-0.000234097 -0.00562198 0.00668975 0.000655868 0.00260349 0.0147214 0.0048753 0.00887205 -0.000709951 -0.0173215 0.0149369 -0.0108795 -0.0319015 -0.0152964 -0.00497672 0.0182934 0.0150354 0.00107973 0.0247766 -0.0176263 0.0104121 -0.0244082 0.00312768 0.00611707 0.00778555 -0.00522104 0.00086006 -0.0210727 0.00194441 -0.0118026
internal_weight=774.764 435.711 339.054 198.586 184.267 104.172 163.514 118.174 45.8051 18.3693 72.3685 237.125 12.9582 20.7529 15.3119 64.8474 58.2688 23.953 34.3158 15.0765 27.4358 14.3186 234.882 172.953 164.403 61.9286 44.7582 17.1704 85.3444 22.84
internal_count=3266 1804 1462 819 760 459 675 489 189 75 300 985 53 85 62 269 242 99 143 62 114 59 1003 739 704 264 191 73 361 96
is_linear=0
shrinkage=0.03


Tree=34
num_leaves=31
num_cat=0
split_feature=84 90 25 9 32 33 10 36 27 27 49 62 45 62 36 62 7 23 23 63 66 33 37 45 41 41 60 15 45 9
split_gain=30.2722 13.8214 9.42218 10.4219 10.6418 11.2081 9.80214 9.3504 8.7039 8.30285 11.6651 8.58322 8.27102 10.2788 7.13849 7.09846 7.56042 11.2862 9.93682 6.69842 8.66695 6.57651 7.53271 9.23641 6.20363 6.16777 7.4711 6.69177 6.89362 6.06838
threshold=2.5000000000000004 0.079999999999999641 6.745000000000001 6.5250000000000012 4.5750000000000011 26.450000000000003 44.500000000000007 15.500000000000002 0.19500000000000003 0.19500000000000003 46.95000000000001 28.250000000000004 6.8350000000000009 28.050000000000004 65.100000000000009 51.250000000000007 23.850000000000005 28.950000000000003 27.050000000000004 58.150000000000013 0.17500000000000002 13.550000000000002 40.550000000000004 5.6750000000000007 34.95000000000001 20.100000000000005 12.050000000000002 23.450000000000003 6.1650000000000009 5.9050000000000011
decision_type=2 2 2 2 2 2 2 2 2 2 2 2 2 2 2 2 2 2 2 2 2 2 2 2 2 2 2 2 2 2
left_child=9 2 3 4 21 -6 8 -4 25 12 11 -11 14 -14 29 16 18 19 -9 20 -18 -2 23 -23 -3 -7 -27 -28 -29 -1
right_child=1 24 7 -5 5 6 -8 15 -10 10 -12 -13 13 -15 -16 -17 17 -19 -20 -21 -22 22 -24 -25 -26 26 27 28 -30 -31
leaf_value=0.004848246420019413 -0.022016778810949759 -0.02305442217366133 -0.02313008964340528 0.012040118882511561 -0.050731387596232511 -0.037852881108748057 -0.038880038912108228 0.01899921227104593 0.015412429892176451 0.0053895477940185434 0.035995775753722273 -0.028717236756234804 -0.046190116873095981 0.0021617481859994864 -0.025553501713000817 -0.012662296062329608 -0.031156509954281326 0.019123749445310135 -0.015267631104059681 0.022563600142743102 0.015329077426934824 0.03037065231234683 -0.011921689042116679 -0.0040897154886216282 -0.006744233274276379 -0.043877028357918846 0.020318707842900366 -0.015607844830126345 0.0044290890280213515 0.013789761830588294
leaf_weight=118.31600296497345 8.3313784748315793 50.066698640584946 11.412948280572889 22.875195771455765 7.0755014121532431 7.7063341736793509 11.013348981738089 11.328987315297125 11.576049387454985 10.957709640264513 4.6624369621276847 16.855585753917694 5.3255354613065746 15.39725501835346 5.1733710169792166 17.562218993902206 10.834932997822767 62.325977563858032 23.240161687135696 5.5270268470048896 5.4131175726652137 16.491898074746135 12.82092100381851 12.162690877914427 36.13630522787571 5.4763426929712287 7.0255184173583975 57.660928830504417 21.111552655696869 161.63161233067513
leaf_count=504 35 209 47 96 29 32 45 47 48 46 20 70 22 66 22 73 44 257 98 23 22 68 53 50 150 23 29 239 87 712
internal_value=-0.000227066 -0.00546 -0.00280277 -0.00702419 -0.00946798 -0.0140264 -0.0118901 0.00295353 -0.00920148 0.00650399 -0.00791855 -0.0152801 0.00803543 -0.0102642 0.00936546 0.0051387 0.0077731 0.0126278 -0.00403772 -0.00596512 -0.0156696 0.00230592 0.00719173 0.0157436 -0.0162172 -0.0120801 -0.00990414 -0.00773571 -0.0102378 0.0100108
internal_weight=773.496 435.176 348.973 201.328 178.452 128.646 121.57 147.645 110.557 338.32 32.4757 27.8133 305.844 20.7228 285.121 136.232 118.67 84.1011 34.5691 21.7751 16.2481 49.8069 41.4755 28.6546 86.203 98.9807 91.2743 85.798 78.7725 279.948
internal_count=3266 1804 1445 834 738 532 503 611 458 1462 136 116 1326 88 1238 564 491 346 145 89 66 206 171 118 359 410 378 355 326 1216
is_linear=0
shrinkage=0.03


Tree=35
num_leaves=31
num_cat=0
split_feature=6 90 9 90 12 63 51 35 48 47 67 43 53 61 67 22 74 8 14 89 66 19 11 62 77 73 28 42 34 55
split_gain=25.9568 14.0749 8.52783 8.51316 14.4668 10.721 8.55595 9.03381 8.77384 11.5378 8.84466 9.4668 8.50437 8.77201 8.35606 8.55502 7.98316 7.94067 7.37089 7.19346 7.09647 9.55478 11.99 7.14058 6.74979 6.73634 6.49774 6.29904 6.29702 6.24848
threshold=5.0150000000000006 0.06000000000000006 6.7250000000000005 0.050000000000000273 6.955000000000001 67.250000000000014 6.7250000000000005 5.9450000000000012 6.5750000000000011 47.95000000000001 31.650000000000002 1.5000000000000002 0.15500000000000003 6.7950000000000008 33.250000000000007 5.0550000000000006 4.7350000000000012 63.45000000000001 0.16500000000000004 1.5000000000000002 0.18500000000000003 4.9250000000000007 33.500000000000007 31.950000000000003 6.705000000000001 63.650000000000013 29.850000000000005 62.95000000000001 72.350000000000009 52.45000000000001
decision_type=2 2 2 2 2 2 2 2 2 2 2 2 2 2 2 2 2 2 2 2 2 2 2 2 2 2 2 2 2 2
left_child=3 2 12 4 5 6 7 -1 9 10 -8 -12 14 24 15 16 -2 -18 19 28 21 22 -5 -24 -14 -23 -15 -26 -4 -7
right_child=1 -3 18 20 -6 29 8 -9 -10 -11 11 -13 13 26 -16 -17 17 -19 -20 -21 -22 25 23 -25 27 -27 -28 -29 -30 -31
leaf_value=-0.0040951324273440946 -0.041901104813712196 -0.0059849303377966564 0.014472654325301617 -0.022858961134188862 0.033922619890629606 -0.036763063743082726 -0.023671661807764602 -0.026887956153452207 -0.033369109537478417 0.025096435809683782 0.0293456526618345 -0.016649738289052144 0.033169820302625358 -0.043143290099608073 0.0050941701399371854 -0.0015745596564346535 0.016529667880043061 -0.035808578156282814 -0.0060944627057273699 0.030704328031769621 -0.03361532752216724 -0.026307865717655626 0.045835373982321181 0.00056033707969079785 0.009130930979687665 0.01210730401145897 -0.0016863586519429105 -0.012555673439850023 -0.020308713932141061 -4.4815609413460535e-05
leaf_weight=62.254810720682144 12.279487475752832 114.35667288303375 52.230887621641159 8.7355547100305575 8.2751627266406995 15.267089098691942 11.702262818813326 20.905480027198792 4.8052110970020285 22.468128636479378 9.7647261321544665 6.8542844206094733 9.7836234569549543 4.8500036746263531 55.523127570748329 33.064490720629692 5.9641254842281324 4.637555718421936 14.386897236108778 24.744462504982948 17.544783711433411 31.171501606702805 6.1941002905368787 6.3483920693397522 170.16370776295662 4.7319413870573035 11.401508063077925 12.973054856061934 5.1463111937046042 5.7391051054000846
leaf_count=258 51 472 233 37 34 65 48 88 20 92 40 28 42 20 235 139 25 20 63 110 74 134 25 26 725 20 48 54 22 24
internal_value=-0.000373132 0.00333913 0.00589521 -0.00850077 -0.0047544 -0.00675776 -0.00373396 -0.00982497 0.00537719 0.00904299 -0.00369269 0.0103755 0.00354196 0.00710859 -0.00315085 -0.0113336 -0.0254359 -0.00636496 0.0137137 0.0171839 -0.0169252 -0.0118042 0.0041254 0.0229194 0.00889169 -0.0212449 -0.0140585 0.00759469 0.011353 -0.0267313
internal_weight=774.268 531.506 417.149 242.763 168.036 159.761 138.755 83.1603 55.5946 50.7894 28.3213 16.619 320.641 209.172 111.469 55.9457 22.8812 10.6017 96.5086 82.1217 74.7263 57.1815 21.278 12.5425 192.92 35.9034 16.2515 183.137 57.3772 21.0062
internal_count=3272 2259 1787 1013 697 663 574 346 228 208 116 68 1359 889 470 235 96 45 428 365 316 242 88 51 821 154 68 779 255 89
is_linear=0
shrinkage=0.03


Tree=36
num_leaves=31
num_cat=0
split_feature=7 90 51 23 64 68 84 51 79 46 33 47 6 63 11 81 80 48 80 59 67 23 74 36 14 48 55 62 61 41
split_gain=26.4325 15.9381 8.12146 11.376 8.03419 7.74402 6.5884 6.87644 6.47676 6.39996 10.6312 10.0152 8.71982 7.16025 7.34393 9.87376 9.5839 6.45775 7.50501 7.56406 7.36511 6.53986 6.19482 8.03336 6.60067 6.7178 10.7623 7.9866 8.08958 7.74936
threshold=26.150000000000002 0.06000000000000006 6.8550000000000013 23.150000000000002 7.0250000000000012 48.95000000000001 1.5000000000000002 6.8950000000000005 0.13500000000000004 47.150000000000013 52.250000000000007 62.250000000000007 5.6450000000000005 68.450000000000017 59.850000000000009 49.650000000000013 33.550000000000004 7.3350000000000009 36.45000000000001 41.650000000000013 36.350000000000001 30.750000000000004 1.3150000000000002 19.750000000000004 0.17500000000000002 6.3250000000000011 51.650000000000013 17.950000000000003 4.0750000000000011 31.850000000000005
decision_type=2 2 2 2 2 2 2 2 2 2 2 2 2 2 2 2 2 2 2 2 2 2 2 2 2 2 2 2 2 2
left_child=-1 2 9 6 8 -6 -4 -8 -5 11 17 13 -13 22 15 -15 -16 18 19 20 -11 -20 23 -2 25 27 29 28 -24 -27
right_child=1 -3 3 4 5 -7 7 -9 -10 10 -12 12 -14 14 16 -17 -18 -19 21 -21 -22 -23 24 -25 -26 26 -28 -29 -30 -31
leaf_value=-0.010748846967135883 -0.012170019836013823 -0.006599006108424529 0.015510463654789666 -0.0092444003454676994 -0.029644088453730184 0.014708964760901303 0.0084851495762684036 -0.034746213236894474 0.024863426082492066 -0.035574216531471373 0.024398375507210631 -0.006309282133688557 0.028488099948641907 -0.046927250870870345 0.032565930018663258 0.0017540024773978781 -0.017548127952682142 -0.033817509486506553 0.040069239599622962 0.0061532524479104931 0.0023601378300726764 -0.0032542713924193505 0.0020822912389245893 0.021787873705735029 -0.0094854194553957768 -0.023636214054683299 -0.04852613814981694 0.010260063811112512 -0.035971770858695379 0.028106770583726758
leaf_weight=171.57546064257622 7.7457513064146033 132.22753942012787 7.8335371315479305 5.4513759762048712 5.7142123132944098 9.3239707201719266 5.2548699826002112 8.9533907920122129 61.974257498979568 15.095123171806337 9.1921300590038282 8.577487647533415 26.519889086484909 8.5210542082786578 6.165059879422186 6.6966503709554663 7.754497230052948 8.9209812432527524 5.0226715952157965 11.426908820867537 6.6293061375617972 8.3479862213134748 18.495469078421596 32.9056446403265 34.386674076318741 4.8769786804914457 5.2815525680780402 119.64241279661655 6.9045498371124259 5.5917682647705078
leaf_count=725 33 545 35 23 24 40 22 37 269 63 39 35 116 35 27 28 33 37 21 49 28 35 79 142 143 21 22 513 29 24
internal_value=-0.000362459 0.00260054 0.00519308 0.0125663 0.0176835 -0.00214432 -0.0065787 -0.0187573 0.0221058 0.00308028 -0.00548251 0.00492473 0.0199839 0.00293001 -0.0111002 -0.0255047 0.00464771 -0.0104366 -0.00595311 -0.0136054 -0.0239984 0.0130202 0.00466347 0.0153175 0.00244447 0.00499577 -0.0136124 0.00701645 -0.00826204 0.00400174
internal_weight=773.009 601.434 469.206 104.506 82.4638 15.0382 22.0418 14.2083 67.4256 364.701 64.6351 300.065 35.0974 264.968 29.1373 15.2177 13.9196 55.443 46.522 33.1513 21.7244 13.3707 235.831 40.6514 195.179 160.793 15.7503 145.042 25.4 10.4687
internal_count=3272 2547 2002 450 356 64 94 59 292 1552 272 1280 151 1129 123 63 60 233 196 140 91 56 1006 175 831 688 67 621 108 45
is_linear=0
shrinkage=0.03


Tree=37
num_leaves=31
num_cat=0
split_feature=7 90 9 11 20 35 15 89 77 23 61 53 76 85 11 7 54 67 33 60 47 60 72 54 15 67 21 48 10 76
split_gain=24.9196 15.0163 8.29565 9.71411 8.26994 7.55271 9.21542 10.0528 7.83575 7.03537 6.8611 7.77302 8.98173 8.43585 9.01686 16.1994 7.50394 7.49577 9.10242 9.24841 7.35716 7.1474 7.08048 7.58524 11.3257 6.67424 6.5781 9.71279 8.02796 6.76259
threshold=26.150000000000002 0.06000000000000006 6.7250000000000005 89.15000000000002 58.050000000000004 5.8450000000000006 37.250000000000007 3.5000000000000004 6.9450000000000012 13.400000000000002 5.6250000000000009 0.15500000000000003 26.750000000000004 2.5000000000000004 63.100000000000009 44.350000000000001 26.450000000000003 37.850000000000001 18.950000000000003 19.550000000000001 14.350000000000003 5.1500000000000012 44.750000000000007 35.150000000000013 32.250000000000007 22.150000000000002 60.850000000000001 1.7150000000000001 46.20000000000001 71.300000000000026
decision_type=2 2 2 2 2 2 2 2 2 2 2 2 2 2 2 2 2 2 2 2 2 2 2 2 2 2 2 2 2 2
left_child=5 2 4 -4 10 6 7 9 -7 -1 11 13 16 14 25 -16 -13 18 -14 21 -21 -20 23 -15 -25 -2 27 -12 -28 -29
right_child=1 -3 3 -5 -6 8 -8 -9 -10 -11 26 12 17 22 15 -17 -18 -19 19 20 -22 -23 -24 24 -26 -27 28 29 -30 -31
leaf_value=0.022937854176776067 -0.033265366600938873 -0.0063978110030455324 0.015014879770484602 -0.029640151316051466 -0.035978213420010972 -0.026027458957418037 0.0068958732648672066 -0.029510097038412564 0.0095788399590430121 -0.0091582709575222312 0.017503759566825892 -0.0074995426479201347 0.033694580935261557 0.010636435564407876 -0.067697577513100002 0.0071808200257150925 0.0254105568438154 -0.0076537877806345019 0.0055439622527501849 -0.021738809076297095 0.012932073325995838 -0.045921426305746235 0.029713078759597639 0.011986322157541772 -0.04622302414058907 0.0066477618430780408 0.014621973170031831 -0.0084437921953973861 -0.023532549421666691 -0.041077870282424551
leaf_weight=6.7952483147382727 4.8355865627527264 132.29316964745522 91.915850773453712 4.6039526462554923 4.8318119347095481 38.904150247573853 33.212078675627708 21.480338394641876 6.4905005842447272 64.375181376934052 12.340068593621252 7.2975771427154532 12.364186346530913 23.535351946949959 6.1038937121629697 4.5302841365337372 42.846032574772835 29.419804111123085 4.6446501910686475 6.0401025712490073 62.571128398180008 5.0902370512485504 9.6331960409879667 5.7216019481420499 6.3436682820320129 17.120859622955322 30.019362896680832 64.253966942429543 5.9462206065654746 6.2728857994079581
leaf_count=28 20 545 411 20 20 167 139 93 27 271 52 31 54 99 25 20 184 123 20 25 266 21 41 24 26 73 126 270 25 26
internal_value=-0.000351439 0.00252709 0.00504844 0.0128849 0.00301389 -0.010446 -0.00666247 -0.0115227 -0.0209365 -0.00609378 0.00352735 0.00636646 0.00995641 -0.00148807 -0.0131243 -0.0357985 0.020621 0.00550488 0.00977259 0.00599734 0.00987987 -0.0213666 0.00689576 0.000721608 -0.0186189 -0.00214252 -0.00240013 -0.00705018 0.00831385 -0.0113464
internal_weight=771.833 600.575 468.282 96.5198 371.762 171.257 125.863 92.6508 45.3947 71.1704 366.931 248.098 170.274 77.8244 32.5906 10.6342 50.1436 120.13 90.7103 78.3461 68.6112 9.73489 45.2338 35.6006 12.0653 21.9564 118.833 82.8669 35.9656 70.5269
internal_count=3272 2547 2002 431 1571 725 531 392 194 299 1551 1052 724 328 138 45 215 509 386 332 291 41 190 149 50 93 499 348 151 296
is_linear=0
shrinkage=0.03


Tree=38
num_leaves=31
num_cat=0
split_feature=7 90 25 20 35 43 16 34 47 54 66 41 34 35 11 59 35 16 37 77 45 22 59 86 61 16 48 47 42 72
split_gain=23.5077 14.1465 7.63263 9.21166 8.36328 9.47934 7.98157 7.19436 9.06328 8.54067 7.82019 7.50367 8.53754 11.0316 9.735 7.5994 7.1693 8.28393 8.60633 7.43289 7.17416 7.02728 6.8521 6.78782 7.3352 6.76961 6.76804 6.6865 6.62201 6.61294
threshold=26.150000000000002 0.06000000000000006 6.8450000000000006 57.050000000000004 6.2950000000000008 2.5000000000000004 53.850000000000001 38.550000000000004 39.250000000000007 22.300000000000001 0.19500000000000003 48.550000000000004 51.050000000000004 5.0850000000000009 43.000000000000007 14.350000000000003 5.8450000000000006 49.150000000000013 56.250000000000007 6.9450000000000012 5.7150000000000007 4.0650000000000004 42.050000000000004 2.5000000000000004 5.495000000000001 48.650000000000013 6.5750000000000011 47.45000000000001 58.250000000000007 11.15
decision_type=2 2 2 2 2 2 2 2 2 2 2 2 2 2 2 2 2 2 2 2 2 2 2 2 2 2 2 2 2 2
left_child=16 2 3 4 7 6 -6 8 -2 -9 21 12 13 14 -11 25 17 20 26 -18 27 -10 23 -23 -25 -14 -19 -1 -17 -16
right_child=1 -3 -4 -5 5 -7 -8 9 10 11 -12 -13 15 -15 29 28 19 18 -20 -21 -22 22 -24 24 -26 -27 -28 -29 -30 -31
leaf_value=-0.017332239633976825 0.023452539994026789 -0.0062029664893503882 0.012277420585341835 -0.03054389496750563 0.034461010185508824 0.0045847472388583412 -0.00078881424431212607 -0.01990010872571072 -0.019790778906838665 0.023877510973837581 0.034491027013059998 0.037551483722080399 0.0078901604658090322 -0.027714491129687078 0.02129568967595695 0.010367344203875006 -0.025396239442608083 0.00016516587513931247 0.029364687238575819 0.0092816303178460072 -0.033422911536035556 0.020545078328822925 0.033122191039956644 0.00011787431682586032 -0.041288578383456988 -0.038984995048545641 -0.0312277000360658 0.008024127363566072 -0.01611989656546315 -0.014633724081331487
leaf_weight=27.774679943919182 25.109600394964218 132.35428066551685 99.530777096748352 7.2602260559797278 22.212904945015911 59.056699633598328 7.8151793926954261 21.723989874124527 14.438579976558684 10.695628330111502 5.8495089113712302 4.6766227334737769 4.9007017612457258 20.383421793580055 5.4864069968461981 78.770482584834099 38.678417012095451 54.354379013180733 8.1746456623077375 6.4972790032625189 14.260219410061834 8.8538625687360781 6.4095930457115164 14.158831059932711 5.2888070940971366 6.3860257565975189 6.9737872928380957 14.117162331938742 9.5217801928520185 28.874004349112511
leaf_count=118 108 545 432 30 97 254 33 91 61 45 25 20 21 86 24 338 167 228 34 27 62 38 27 60 22 27 30 59 40 123
internal_value=-0.000341079 0.00245539 0.00490717 0.00291309 0.00358668 0.0115629 0.0252868 0.000969801 0.00851833 -0.00218926 0.0017002 7.80476e-05 -0.00098395 -0.00940149 -0.00111666 0.00454773 -0.010159 -0.006474 0.000449594 -0.0204088 -0.0150437 -0.00220238 0.00511377 -0.00122944 -0.0111427 -0.0186318 -0.0034046 -0.00878738 0.00751086 -0.00889679
internal_weight=770.588 599.758 467.404 367.873 360.613 89.0848 30.0281 271.528 80.1088 191.419 54.9992 169.695 165.018 65.4395 45.056 99.579 170.831 125.655 69.5028 45.1757 56.1521 49.1497 34.7111 28.3015 19.4476 11.2867 61.3282 41.8918 88.2923 34.3604
internal_count=3272 2547 2002 1570 1540 384 130 1156 341 815 233 724 704 278 192 426 725 531 292 194 239 208 147 120 82 48 258 177 378 147
is_linear=0
shrinkage=0.03


Tree=39
num_leaves=31
num_cat=0
split_feature=8 90 12 28 0 59 21 90 29 67 6 21 80 67 86 45 19 42 68 75 61 37 14 81 58 45 4 15 9 15
split_gain=21.0054 11.9478 8.26719 9.79235 7.92774 7.87167 11.3557 9.66261 8.70405 8.221 8.15407 7.87243 7.85604 7.2154 6.70635 7.97073 7.35369 6.46361 10.7505 7.13357 7.15625 6.29985 6.09051 10.5369 7.83033 6.99186 7.19464 6.36945 6.29229 7.84231
threshold=47.050000000000004 0.06000000000000006 6.955000000000001 31.750000000000004 1.0000000180025095e-35 38.050000000000004 45.750000000000007 0.055000000000000167 59.900000000000006 25.050000000000004 3.6550000000000007 44.350000000000001 39.95000000000001 21.500000000000004 3.5000000000000004 5.6750000000000007 5.5750000000000011 51.150000000000013 45.250000000000007 22.100000000000005 1.425 65.950000000000017 0.17500000000000002 48.850000000000001 4.4450000000000012 7.1350000000000007 6.804166666666668 35.850000000000001 6.7250000000000005 40.050000000000004
decision_type=2 2 2 2 2 2 2 2 2 2 2 2 2 2 2 2 2 2 2 2 2 2 2 2 2 2 2 2 2 2
left_child=2 4 5 -4 13 6 8 10 11 -7 -8 21 14 -2 15 16 -11 19 -19 -12 -21 -1 25 27 -25 28 -27 -24 29 -6
right_child=1 -3 3 -5 22 9 7 -9 -10 12 17 -13 -14 -15 -16 -17 -18 18 -20 20 -22 -23 23 24 -26 26 -28 -29 -30 -31
leaf_value=-0.0001205692353708186 -0.014834994149355249 -0.0055735849597160136 -0.013276061659370255 0.028039502394684224 0.006235916481103697 -0.043538052186652111 -0.036632958926183894 -0.029718308085714597 0.032649246872423043 -0.010306924941457895 0.020698674912765669 0.035547157214914027 0.016727110039095688 0.019964309842472293 -0.031308395869354411 -0.040522068048210361 0.034493994643825784 -0.027222673382807219 0.019754127646230139 0.01410359415876628 -0.025297539372754172 -0.033297614726720978 -0.032396411484332074 -0.01674241493021467 0.016423323024371279 -0.026433554768029978 0.017686799093866164 -0.0018927343798089116 0.014172500797857149 -0.0089454549818699935
leaf_weight=36.796854555606842 6.0519936233758918 119.55262178182602 9.2471886128187197 11.689757019281386 198.20817615091801 10.425858080387114 7.4176595807075492 23.010751128196716 8.290606737136839 10.431558609008791 5.0896136760711661 4.8546377569437018 6.4273244738578788 47.06411412358284 19.970351457595825 4.7856759279966345 4.8214928060770026 5.7547955662012127 18.410451740026474 5.0958003699779537 22.321276873350143 5.9895242750644675 14.904107496142389 9.18378993868828 21.188289016485214 11.70692662894726 4.6466995775699607 10.502021521329878 69.428778260946274 36.22042228281498
leaf_count=152 26 492 39 49 848 45 34 101 34 44 21 20 27 206 85 21 20 24 76 21 94 25 62 38 89 49 20 44 313 153
internal_value=-0.000330998 0.00281359 -0.00814378 0.00979172 0.00515034 -0.0100223 -0.00626873 -0.0130425 0.00427982 -0.0194642 -0.00705521 -0.000657099 -0.0140592 0.0159993 -0.0190049 -0.00674345 0.00385466 -0.00318384 0.00856691 -0.0119193 -0.0179744 -0.00476491 0.0036177 -0.00553072 0.0063948 0.00521128 -0.0138973 -0.0197872 0.00623971 0.00389032
internal_weight=769.489 548.658 220.831 20.9369 429.105 199.894 143.032 87.1003 55.9316 56.8623 64.0896 47.641 46.4364 53.1161 40.0091 20.0387 15.2531 56.6719 24.1652 32.5067 27.4171 42.7864 375.989 55.7782 30.3721 320.211 16.3536 25.4061 303.857 234.429
internal_count=3272 2340 932 88 1848 844 602 371 231 242 270 197 197 232 170 85 64 236 100 136 115 177 1616 233 127 1383 69 106 1314 1001
is_linear=0
shrinkage=0.03


Tree=40
num_leaves=31
num_cat=0
split_feature=6 90 66 7 54 86 21 6 6 46 80 8 32 61 6 20 35 40 63 14 15 58 32 32 80 41 0 24 49 11
split_gain=24.0828 9.74728 8.58419 8.37372 7.98581 7.93198 9.21592 7.44006 11.3844 8.96924 8.85538 7.10343 8.4994 7.10127 7.45668 7.03344 8.31849 10.5305 7.39374 7.38778 8.32483 7.94157 11.813 14.1026 8.55234 14.1172 10.7994 10.7047 9.18975 7.99376
threshold=5.6650000000000009 0.06000000000000006 0.23500000000000001 18.950000000000003 42.95000000000001 5.5000000000000009 68.050000000000011 5.535000000000001 5.3850000000000007 47.150000000000013 38.050000000000004 57.20000000000001 6.6750000000000007 6.6350000000000007 5.9450000000000012 51.550000000000004 6.4650000000000007 0.14500000000000005 62.45000000000001 0.14500000000000005 26.950000000000003 4.4850000000000012 4.4650000000000007 5.0650000000000004 35.050000000000004 28.850000000000005 2.5000000000000004 35.800000000000004 25.750000000000004 55.250000000000007
decision_type=2 2 2 2 2 2 2 2 2 2 2 2 2 2 2 2 2 2 2 2 2 2 2 2 2 2 2 2 2 2
left_child=2 11 3 -1 5 6 13 8 9 -5 -11 12 -2 14 -3 16 17 -13 -18 20 -19 22 -21 -24 25 26 -23 -26 -29 -25
right_child=1 4 -4 7 -6 -7 -8 -9 -10 10 -12 15 -14 -15 -16 -17 18 19 -20 21 -22 24 23 29 27 -27 -28 28 -30 -31
leaf_value=-0.015995881745215889 0.029566050028231625 0.025269874461050452 0.032966776672438212 -0.0032537813608424543 -0.03501132492453924 -0.027131543169834127 -0.024565761545037659 -0.01759902847334955 0.012930878439242321 -0.032254067648490495 0.010133003489720198 0.021549675426974425 -0.013573400490628506 0.029140495609625235 -0.0046084405261433339 -0.0089562479927038034 0.026364843373029492 -0.0097497450242993965 0.0020425576341212954 0.0065443125332316091 0.018029827391420908 -0.041024714068603106 -0.064752173238004071 -0.044975797285760545 -0.043110649104246376 0.021087846728718412 0.0096687067529734449 -0.036748279292892254 0.0097215078182693992 0.0016242046863965906
leaf_weight=69.7988141477108 22.300018236041073 9.4987068176269513 4.9991721063852301 217.35536441206932 7.1032367944717398 9.6572786122560483 9.9855353087186796 34.707663878798485 35.768125504255295 18.93211887776852 5.7933186292648307 27.597639486193657 5.0392094403505316 10.360807672142981 36.042869314551353 27.010957658290863 33.025225713849068 12.986766800284384 17.058958038687706 14.995641216635702 38.465155988931656 7.0009396970272055 6.5832898169755962 4.7465157806873313 6.7760643959045437 34.198408454656601 8.2262154072523099 4.8664945960044887 17.983598038554192 10.969724312424658
leaf_count=308 96 39 21 897 29 40 41 144 150 79 24 123 21 43 149 114 148 57 75 67 176 30 28 20 29 150 35 21 78 48
internal_value=-0.000817814 0.00452201 -0.00609043 -0.00660109 -0.00459977 -0.00174029 0.00198134 -0.00450308 -0.0028672 -0.00520141 -0.0223225 0.00703643 0.0216145 0.00672331 0.00162335 0.00557381 0.00717259 0.00437666 0.0180805 0.00155223 0.0110181 -0.00263384 -0.0140449 -0.0278904 0.00274969 0.0103893 -0.0136384 -0.0099955 -0.000175387 -0.0124496
internal_weight=769.834 382.479 387.355 382.355 82.6484 75.5452 65.8879 312.557 277.849 242.081 24.7254 299.831 27.3392 55.9024 45.5416 272.492 245.481 195.396 50.0842 167.799 51.4519 116.347 37.2952 22.2995 79.0517 49.4256 15.2272 29.6262 22.8501 15.7162
internal_count=3280 1657 1623 1602 341 312 272 1294 1150 1000 103 1316 117 231 188 1199 1085 862 223 739 233 506 163 96 343 215 65 128 99 68
is_linear=0
shrinkage=0.03


Tree=41
num_leaves=31
num_cat=0
split_feature=84 14 90 35 12 86 20 37 63 8 56 40 90 90 62 67 46 63 81 40 80 7 19 34 42 27 19 9 33 46
split_gain=22.3683 12.6535 10.8475 10.0662 8.83659 8.30417 7.45485 7.16856 6.96503 6.8982 8.71054 6.75595 6.68162 10.4058 7.36746 9.99905 6.66962 9.01797 6.61567 6.91031 6.79302 6.47428 6.65235 6.41661 6.39335 6.27592 6.25076 5.9789 5.88457 6.37492
threshold=3.5000000000000004 0.14500000000000005 0.10999999999999989 6.4650000000000007 6.6450000000000005 4.5000000000000009 49.800000000000004 84.800000000000011 21.650000000000002 65.15000000000002 2.5000000000000004 0.14500000000000005 -1.0000000180025095e-35 -0.05000000000000026 49.350000000000001 32.650000000000013 31.450000000000003 52.45000000000001 41.45000000000001 0.15500000000000003 29.850000000000005 14.850000000000003 7.2150000000000007 73.850000000000009 53.150000000000013 0.13500000000000004 6.8450000000000006 4.1150000000000011 23.850000000000005 43.750000000000007
decision_type=2 2 2 2 2 2 2 2 2 2 2 2 2 2 2 2 2 2 2 2 2 2 2 2 2 2 2 2 2 2
left_child=1 5 3 4 -3 -1 28 16 18 -7 -11 -4 13 -10 15 -15 17 -5 -2 -20 -21 27 23 26 -22 -8 -23 -14 29 -6
right_child=8 2 11 7 6 9 25 -9 12 10 -12 -13 21 14 -16 -17 -18 -19 19 20 24 22 -24 -25 -26 -27 -28 -29 -30 -31
leaf_value=0.016156344526676861 0.0093085517391450021 0.023440204069282326 0.013981270558630033 0.021550697858642033 0.0095998050685427421 -0.012167415697472388 -0.04886227327911883 -0.016423314652601852 -0.025903046178881971 0.030714072391461393 -0.011328587853302406 -0.02488063577947542 -0.030170400955293195 0.00017819830285326367 -0.016575090658432136 0.043441041578355391 0.030345714276939169 -0.020119070743650717 -0.033962166824593014 -0.041114525449634516 -0.016855796476991619 -0.0043792673756013851 -0.032241625458869438 -0.034170249050173906 0.014838799385502541 -0.0097935658006958731 0.017583715798571539 0.0034827409028508546 -0.0036491181484118776 -0.01266236313021459
leaf_weight=90.422502309083939 7.6259365230798712 13.259873434901236 4.9034365862607983 12.852126002311708 73.080441683530807 20.86957074701786 4.8479834496974972 5.9349048882722846 6.484933257102969 10.584021225571634 7.6341723352670661 22.500847905874252 18.36385199427605 8.390753194689756 4.775554656982421 11.260674133896826 21.71647185087204 7.3458423912525168 20.729853600263596 5.6088246256113079 14.634253919124605 145.21871365606785 7.7367473840713492 6.0210066735744467 9.4118499755859357 15.634431004524229 12.680923849344252 6.4096903353929511 157.9279797822237 13.755652591586111
leaf_count=402 32 57 20 56 312 89 20 25 27 49 34 92 84 35 20 47 95 31 88 24 63 605 32 25 39 65 53 28 673 58
internal_value=-0.000793775 0.0031388 0.000201627 0.00172391 -0.000459972 0.0111618 -0.00165476 0.0144351 -0.00745392 -0.000392316 0.0130965 -0.0179271 -0.00508634 0.00787838 0.0168468 0.0249687 0.0188046 0.00639573 -0.0167324 -0.0206738 -0.0113848 -0.00712658 -0.00505751 -0.00377447 -0.00445026 -0.0190407 -0.00261542 -0.0214633 -0.000199862 0.00607327
internal_weight=768.624 483.27 353.76 326.356 278.506 129.51 265.246 47.8493 285.354 39.0878 18.2182 27.4043 227.343 30.9119 24.427 19.6514 41.9144 20.198 58.0107 50.3848 29.6549 196.431 171.657 163.921 24.0461 20.4824 157.9 24.7735 244.764 86.8361
internal_count=3280 2078 1504 1392 1185 574 1128 207 1202 172 83 112 956 129 102 82 182 87 246 214 126 827 715 683 102 85 658 112 1043 370
is_linear=0
shrinkage=0.03


Tree=42
num_leaves=31
num_cat=0
split_feature=6 14 63 17 6 32 46 14 29 37 54 72 6 67 80 68 40 29 81 84 49 81 23 77 4 15 42 23 79 77
split_gain=21.7778 8.60337 7.7008 8.79988 10.096 10.0001 10.6411 9.44487 7.5812 8.64277 8.58218 13.8043 10.606 8.47666 8.07081 9.19932 9.24018 7.17369 7.62765 7.05738 6.49764 7.36054 7.21007 6.48964 6.3576 7.50937 9.86381 6.31204 10.4417 6.81741
threshold=5.6650000000000009 0.14500000000000005 60.550000000000004 1.5000000000000002 5.5850000000000009 6.3050000000000006 45.550000000000004 0.16500000000000004 45.95000000000001 72.800000000000026 36.350000000000001 42.550000000000004 6.5050000000000008 23.550000000000004 23.250000000000004 47.850000000000001 0.17500000000000002 46.050000000000004 52.750000000000007 2.5000000000000004 49.650000000000013 44.250000000000007 47.350000000000001 6.8050000000000006 6.7375000000000016 30.150000000000002 47.550000000000004 14.400000000000002 0.14500000000000005 6.9450000000000012
decision_type=2 2 2 2 2 2 2 2 2 2 2 2 2 2 2 2 2 2 2 2 2 2 2 2 2 2 2 2 2 2
left_child=2 23 3 5 7 6 27 17 9 20 11 14 19 -12 -10 16 -16 -5 -19 -13 21 22 -3 -2 25 -15 -27 -1 -29 -30
right_child=1 8 -4 4 -6 -7 -8 -9 10 -11 13 12 -14 24 15 -17 -18 18 -20 -21 -22 -23 -24 -25 -26 26 -28 28 29 -31
leaf_value=0.016511721898051855 0.0059998443465146311 0.0051851457746936447 -0.014020153315105414 0.0016837333041211963 -0.019954055051890067 -0.022046950250109394 -0.020448713700014654 -0.0042524719332391074 -0.021009185583775253 0.039902769681596659 0.020572757551316902 -0.054851491523464378 0.0038452673933944458 0.029370537574786262 0.038127739931081095 0.0043359649162339102 -0.0026656014306405567 0.04132517875171425 0.0057127950330205495 -0.014602810174154209 -0.018038749403462881 0.016703592615297618 -0.034870330308564547 0.020350774681792399 -0.025027401342420121 -0.047763161640004159 0.0014828079376324403 -0.022532041531001482 -0.0027081579988515415 0.016334454027494914
leaf_weight=16.574820667505264 89.608301877975464 15.566293731331827 80.902468025684357 12.804233208298681 11.786145865917204 31.970187559723854 30.020277842879295 24.116247221827507 7.5445048511028281 7.3072370141744605 6.4728625267744055 6.8378674536943498 14.18074695765972 4.8159377425909069 17.684683382511142 51.802571579813957 6.9658381044864646 16.199480518698696 8.1292311698198301 9.1910955160856229 9.093857601284979 39.969222441315651 5.4641258567571631 41.491193652153015 29.389868751168251 5.1670283973217037 12.555184721946715 21.182987108826637 112.71657778322697 19.908943265676498
leaf_count=69 397 67 341 53 49 136 128 100 32 32 28 29 62 21 77 223 30 68 34 38 38 173 23 186 125 22 54 89 473 83
internal_value=-0.000770946 0.00431716 -0.00579052 -0.0036105 0.00547284 -0.00646541 -0.0039797 0.0103657 0.00105313 0.00885449 -0.00244515 0.00233842 -0.0150532 -0.0117998 0.00859333 0.0115146 0.0266002 0.0198596 0.0294256 -0.0317727 0.00561772 0.00914443 -0.00522207 0.0105417 -0.015835 -0.00384814 -0.0128752 -0.00107798 -0.00297349 0.000150404
internal_weight=767.42 381.108 386.312 305.409 73.0353 232.374 200.404 61.2492 250.009 77.4007 172.608 114.207 30.2097 58.4009 83.9976 76.4531 24.6505 37.1329 24.3287 16.029 70.0935 60.9996 21.0304 131.099 51.928 22.5382 17.7222 170.383 153.809 132.626
internal_count=3280 1657 1623 1282 304 978 842 255 1074 333 741 491 129 250 362 330 107 155 102 67 301 263 90 583 222 97 76 714 645 556
is_linear=0
shrinkage=0.03


Tree=43
num_leaves=31
num_cat=0
split_feature=6 90 68 66 45 7 35 61 8 14 58 32 32 68 25 41 74 54 32 35 80 75 9 9 6 6 46 80 10 68
split_gain=20.5248 9.02098 9.37547 7.98511 7.9138 7.62311 7.38075 9.48012 8.66489 8.60523 7.63994 14.7815 13.0565 7.77302 7.60182 7.62588 7.44627 7.35372 7.23561 7.24628 7.2218 7.08011 6.95935 8.58973 6.85751 10.3605 8.12513 8.40775 7.27715 8.19719
threshold=5.6650000000000009 0.06000000000000006 44.45000000000001 0.23500000000000001 7.0650000000000004 18.950000000000003 6.4650000000000007 7.410000000000001 57.050000000000004 0.14500000000000005 4.4650000000000007 4.4650000000000007 5.0650000000000004 48.350000000000001 6.8050000000000006 30.050000000000004 6.6950000000000012 41.650000000000013 3.4850000000000008 5.2750000000000012 34.350000000000001 29.750000000000004 6.745000000000001 5.5750000000000011 5.535000000000001 5.3850000000000007 47.150000000000013 38.050000000000004 21.800000000000001 45.550000000000004
decision_type=2 2 2 2 2 2 2 2 2 2 2 2 2 2 2 2 2 2 2 2 2 2 2 2 2 2 2 2 2 2
left_child=3 4 -3 5 6 -1 8 16 -2 14 11 -11 -13 -14 15 21 -8 -4 -12 -20 -15 -10 23 -21 25 26 28 -28 -7 -30
right_child=1 2 17 -5 -6 24 7 -9 9 10 18 12 13 20 -16 -17 -18 -19 19 22 -22 -23 -24 -25 -26 -27 27 -29 29 -31
leaf_value=-0.015140788654798355 0.02520924496944572 0.014890663527585913 -0.0064365062299792169 0.032059366095135988 -0.012189214961200798 -0.013460926926918432 0.027590623951180896 -0.021844356662558417 -0.0396780653466864 0.012014355230512783 -0.03191215611831516 -0.057046743799989474 0.015339746204552357 -0.045943349933343355 0.027999684384642481 0.015126287616686723 0.0014464662337764105 -0.039791759486370565 0.013724967769619054 0.01290256520574554 -0.0017529097884416344 0.0031142275019036838 0.016014778301745611 -0.022412944239274125 -0.016674562434940941 0.012555655429441443 -0.030894239773187577 0.010482227661176048 -0.010236721193020803 0.0041936136381916346
leaf_weight=69.007208123803139 18.232604026794434 17.520289346575737 58.331840097904205 4.9953433573245993 18.847156032919884 46.36650076508522 39.931726142764091 5.0511440634727469 5.1875759214162818 16.002114057540894 4.7463386952877036 7.8181844204664257 6.5949236750602749 6.8534707725048047 20.119082525372505 27.940324872732162 12.995495706796644 6.6242310404777518 50.052399605512619 9.0426447391510028 6.4709834903478622 10.570114105939863 11.850240737199782 19.708079099655151 34.795880481600761 35.632586270570755 18.746684342622761 5.78352366387844 50.22187602519989 120.27766498923302
leaf_count=308 79 73 241 21 80 194 180 22 23 72 20 33 29 29 94 127 58 27 218 39 28 48 53 84 144 150 79 24 208 495
internal_value=-0.000748314 0.00419571 -0.004585 -0.00562396 0.0066258 -0.00611825 0.00789604 0.0174237 0.00539863 0.00361894 -0.000564607 -0.0109465 -0.0241929 -0.011298 0.0127403 0.00571463 0.0211713 -0.00983808 0.00419538 0.00608586 -0.0244824 -0.0109734 -0.00333154 -0.0113056 -0.00412155 -0.00254484 -0.00477383 -0.0211388 -0.00292275 -5.69461e-05
internal_weight=766.318 380.491 82.4764 385.827 298.015 380.832 279.167 57.9784 221.189 202.956 139.139 43.7397 27.7376 19.9194 63.8171 43.698 52.9272 64.9561 95.3997 90.6534 13.3245 15.7577 40.601 28.7507 311.825 277.029 241.396 24.5302 216.866 170.5
internal_count=3280 1657 341 1623 1316 1602 1236 260 976 897 605 191 119 86 292 198 238 268 414 394 57 71 176 123 1294 1150 1000 103 897 703
is_linear=0
shrinkage=0.03


Tree=44
num_leaves=31
num_cat=0
split_feature=6 14 90 21 15 46 22 72 75 11 74 29 41 68 12 41 68 36 77 86 49 29 38 62 19 77 58 46 41 24
split_gain=19.4813 10.9779 10.2053 7.51113 7.85713 7.45052 8.69968 8.50629 8.31179 7.25735 6.98029 9.39262 8.87602 8.38287 6.71808 7.32035 6.35782 6.22694 6.20862 7.4573 6.27139 9.76268 6.13271 5.78894 9.155 5.31018 5.09635 6.36394 6.95022 6.63856
threshold=4.8750000000000009 0.14500000000000005 0.14999999999999994 48.150000000000013 44.350000000000001 47.350000000000001 5.8850000000000007 46.750000000000007 14.950000000000001 34.850000000000001 4.4050000000000011 53.150000000000013 32.95000000000001 52.45000000000001 6.6450000000000005 32.45000000000001 50.350000000000001 7.8500000000000005 6.8050000000000006 3.5000000000000004 41.100000000000009 53.350000000000001 6.785000000000001 42.800000000000004 5.705000000000001 6.8250000000000011 6.7250000000000005 28.950000000000003 41.250000000000007 69.850000000000009
decision_type=2 2 2 2 2 2 2 2 2 2 2 2 2 2 2 2 2 2 2 2 2 2 2 2 2 2 2 2 2 2
left_child=3 9 14 4 5 6 7 8 -1 -2 12 -12 16 -14 15 -3 -10 -16 19 22 23 -22 -11 24 -21 -4 27 -5 29 -29
right_child=1 2 25 26 -6 -7 -8 -9 10 18 11 -13 13 -15 17 -17 -18 -19 -20 20 21 -23 -24 -25 -26 -27 -28 28 -30 -31
leaf_value=-0.034332763112926996 -0.011059870059847507 0.00046090348809046049 -0.044724699275470854 -0.023678001954274077 0.031451158877376137 -0.033048477881418431 0.036917456157622222 -0.034465127530632439 0.018399815753149008 0.019199608799224867 -0.019219063820938371 0.012664571175352924 0.007844518362103722 0.053312190774984149 0.027850503917340109 0.040769717789383556 -0.018897044953430555 -0.00088144205438958265 0.02043872079677149 0.017140607783099383 0.00055468848134706595 -0.044989453166005305 -0.011677055875576355 0.03191200471989733 -0.025254439085456905 -0.0043572795362214365 0.0099381284189297061 -0.019588501900582967 0.01462976232397897 0.0084933175330899353
leaf_weight=6.2698229104280463 14.530654072761534 8.6632096171379107 6.9181446582078916 47.779964655637741 5.762606516480445 7.6317566633224478 4.8483765572309485 7.6924587637186042 7.231873467564589 41.74026383459568 22.277045026421547 13.268462315201758 7.7902963757514936 6.8658882677555084 6.9158569723367682 7.6226488351821891 9.5394021123647672 369.24337643384933 44.539153665304184 10.780552431941038 12.125925451517107 6.5100393146276465 6.7217123359441748 6.5287195742130271 7.975922927260398 5.0911865234375 7.5001501888036719 35.512644693255424 9.503352075815199 9.6312328875064832
leaf_count=26 63 37 28 208 24 33 20 33 30 186 94 55 32 28 30 33 40 1566 200 48 52 28 29 30 35 21 32 156 41 42
internal_value=-0.000726458 0.00220969 -0.000370094 -0.00853222 -0.00254622 -0.00464345 -0.00211639 -0.00445469 -0.00130279 0.00909899 0.00178939 -0.00731751 0.0120896 0.0291445 0.000463529 0.0193276 -0.00281442 -0.000353192 0.0112383 0.00680267 -0.00215055 -0.0153551 0.014917 0.0075816 -0.00088728 -0.0276115 -0.0139329 -0.0156808 -0.00868858 -0.0135974
internal_weight=765.013 555.907 404.454 209.105 99.178 93.4154 85.7836 80.9352 73.2428 151.453 66.973 35.5455 31.4275 14.6562 392.445 16.2859 16.7713 376.159 136.922 92.3831 43.9212 18.636 48.462 25.2852 18.7565 12.0093 109.927 102.427 54.6472 45.1439
internal_count=3280 2386 1715 894 415 391 358 338 305 671 279 149 130 60 1666 70 70 1596 608 408 193 80 215 113 83 49 479 447 239 198
is_linear=0
shrinkage=0.03


Tree=45
num_leaves=31
num_cat=0
split_feature=0 7 9 90 36 34 34 80 71 29 14 80 9 41 60 20 46 46 74 19 59 68 49 46 48 72 37 48 7 72
split_gain=16.8414 13.3229 9.47894 9.01029 7.72774 11.1448 8.23155 6.99416 6.92322 8.2025 10.6006 10.077 11.0898 8.9387 8.56611 9.4911 8.39771 9.54069 8.48208 6.77351 7.49135 7.4479 6.72936 6.6918 6.83133 8.3497 9.97961 7.10141 7.05923 11.4166
threshold=5.5000000000000009 24.750000000000004 4.4650000000000007 0.074999999999999747 15.500000000000002 44.45000000000001 37.850000000000001 43.150000000000013 1.5550000000000004 45.250000000000007 0.14500000000000005 22.050000000000004 4.2150000000000007 21.150000000000002 22.800000000000001 32.45000000000001 34.650000000000013 21.950000000000003 5.0050000000000008 6.9650000000000007 53.150000000000013 59.750000000000007 53.95000000000001 48.650000000000013 5.745000000000001 27.850000000000005 42.650000000000013 5.4750000000000005 32.550000000000004 38.95000000000001
decision_type=2 2 2 2 2 2 2 2 2 2 2 2 2 2 2 2 2 2 2 2 2 2 2 2 2 2 2 2 2 2
left_child=1 7 -2 4 5 -3 -6 -1 -8 14 -11 -12 -13 -14 -10 16 17 -16 -18 20 21 -4 23 24 25 26 -15 28 -27 -30
right_child=2 3 19 -5 6 -7 8 -9 9 10 11 12 13 22 15 -17 18 -19 -20 -21 -22 -23 -24 -25 -26 27 -28 -29 29 -31
leaf_value=-0.0048046862809033612 -0.015843502328462256 0.0037531053379226374 -0.0050497808821243122 -0.0044318234065233771 0.020041475246893644 -0.035945004099813251 0.026773874148560396 -0.036668702118279675 -0.018679491088321582 0.013742998759861394 -0.029627945856320243 0.022769676912367632 -0.04026092158280032 -0.026583217535866538 -0.0069579826001467115 0.027628735256311435 0.010909168435339784 0.036544847823998444 -0.045784026153871928 -0.02948056927965249 0.023787518161344761 0.01614472594649128 0.020407208563073584 -0.02519951785706585 0.014929809444026589 -0.036917836471170237 0.020146200548740004 -0.048309128142354676 -0.026157172036522246 0.013034570734773368
leaf_weight=79.056830763816833 65.557529374957085 25.72957955300808 140.44332331418991 67.410006538033485 50.668568581342697 8.4565397500991804 14.926181644201277 6.7273637503385535 6.3904761970043173 54.591091498732567 10.848809659481047 17.365993738174438 5.51256239414215 5.4074189811944988 8.4640953540802055 37.195914328098297 4.5930710136890394 9.7795199900865537 4.91848523914814 7.9765696525573722 10.155823215842245 16.69605478644371 11.668558269739149 11.485871493816374 19.144874691963196 6.6728435009717932 17.184780165553093 4.7520252019166938 11.115476951003076 16.799889653921127
leaf_count=342 284 112 588 278 222 36 66 29 27 248 46 74 23 23 36 165 20 43 21 33 43 71 50 48 83 27 74 20 48 73
internal_value=0.000440605 0.00349361 -0.00611175 0.00564221 0.00750952 -0.00606692 0.00891816 -0.00730352 0.00689676 0.00577247 0.00255303 -0.0018749 0.000493816 -0.00303113 0.0144617 0.0177225 0.00444662 0.0163618 -0.0184072 -0.00247174 -0.00118397 -0.00279787 -0.00106214 -0.00376857 -0.000732541 -0.00557417 0.00896156 -0.0139217 -0.00919727 -0.00257099
internal_weight=757.696 516.867 240.829 431.083 363.673 34.1861 329.487 85.7842 278.818 263.892 192.55 137.959 127.11 109.744 71.3416 64.9511 27.7552 18.2436 9.51156 175.272 167.295 157.139 104.232 92.5632 81.0773 61.9324 22.5922 39.3402 34.5882 27.9154
internal_count=3253 2234 1019 1863 1585 148 1437 371 1215 1149 837 589 543 469 312 285 120 79 41 735 702 659 446 396 348 265 97 168 148 121
is_linear=0
shrinkage=0.03


Tree=46
num_leaves=31
num_cat=0
split_feature=6 0 20 51 21 21 85 24 68 76 21 7 37 37 24 42 9 84 37 37 34 33 37 38 35 6 37 24 77 77
split_gain=16.6186 7.79973 13.0898 7.53974 9.92015 10.3912 8.80003 7.40871 7.37818 7.47678 9.37204 6.45747 7.08572 6.50971 6.60048 6.31945 6.92145 10.506 6.03981 5.68606 7.77872 6.76789 5.44072 6.93469 8.58921 7.11485 7.05156 7.07867 8.21647 6.671
threshold=5.0150000000000006 3.5000000000000004 58.050000000000004 6.7250000000000005 46.550000000000004 43.850000000000001 2.5000000000000004 51.550000000000004 45.95000000000001 61.850000000000001 50.20000000000001 24.750000000000004 51.45000000000001 48.650000000000013 57.20000000000001 53.95000000000001 3.8550000000000004 4.5000000000000009 81.850000000000009 47.650000000000013 46.650000000000013 42.550000000000004 64.950000000000017 6.7550000000000008 6.4350000000000014 6.205000000000001 32.850000000000001 26.750000000000004 6.955000000000001 6.8450000000000006
decision_type=2 2 2 2 2 2 2 2 2 2 2 2 2 2 2 2 2 2 2 2 2 2 2 2 2 2 2 2 2 2
left_child=3 -2 18 8 5 7 -6 19 -1 15 -11 12 -8 14 -13 -10 -17 -18 22 20 -5 -21 23 -3 25 26 -25 -28 29 -29
right_child=1 2 -4 4 6 -7 11 -9 9 10 -12 13 -14 -15 -16 16 17 -19 -20 21 -22 -23 -24 24 -26 -27 27 28 -30 -31
leaf_value=-0.024796676415210408 0.0070406015801852007 0.0037189987231338131 -0.042997856890895546 0.0022332689388767021 -0.034879081199207851 0.037950558260178409 -0.0014821730421219249 0.03668135696543047 -0.01805562603927342 -0.012895418919745617 0.034367931135589794 0.019600919096723485 -0.026799554113941512 0.023688441640300203 -0.025269161229766381 -0.021493302946964211 -0.014444953192166063 0.042432960077634516 -0.02594129670916067 0.022976906685141952 -0.037165697340831361 -0.013032975691999734 0.010437676205106657 -0.03372041354382941 -0.046412131470396967 0.0066399210239176118 0.027650177126577292 -0.0086839810666724301 0.023380656321637834 -0.045735316194351672
leaf_weight=29.664741218090057 263.83091707527637 120.99050343036652 6.3036281764507285 11.138134434819223 9.7378803342580778 9.0485648214817029 25.137145176529884 5.0832280963659278 43.468999937176704 7.2511400431394559 7.8787343204021454 4.9088760167360324 16.466702327132225 11.99489566683769 7.3961193114519119 6.6895426511764553 5.3366166651248914 6.4617102146148682 7.3930416256189337 12.369437992572786 7.5788747817277899 7.5733495801687232 49.709614261984825 10.972710788249968 4.8858387768268576 27.247994631528854 4.8308987170457867 13.88533122837544 4.7773196101188651 6.3843433707952491
leaf_count=129 1160 515 26 46 41 37 111 21 186 31 33 20 74 49 31 30 22 27 31 51 32 32 211 45 20 118 20 58 20 26
internal_value=0.000428805 0.00341584 -0.000299754 -0.00619101 -0.00129386 0.00868635 -0.00825922 0.00263283 -0.0120828 -0.0071902 0.0117165 -0.0043259 -0.0115027 0.00796156 -0.00736898 -0.0118072 0.00288416 0.016706 0.000772237 -0.00184408 -0.0137201 0.00930202 0.00158269 -0.000686565 -0.00798992 -0.00523326 -0.0131529 -0.00559939 -0.0120123 -0.020354
internal_weight=756.397 521.212 257.381 235.185 128.433 52.7916 75.6416 43.743 106.751 77.0867 15.1299 65.9037 41.6038 24.2999 12.305 61.9569 18.4879 11.7983 251.078 38.6598 18.717 19.9428 243.685 193.975 72.9844 68.0986 40.8506 29.8779 25.047 20.2697
internal_count=3253 2250 1090 1003 545 219 326 182 458 329 64 285 185 100 51 265 79 49 1064 161 78 83 1033 822 307 287 169 124 104 84
is_linear=0
shrinkage=0.03


Tree=47
num_leaves=31
num_cat=0
split_feature=6 0 90 22 27 42 75 90 36 40 15 4 68 6 81 16 36 48 21 24 67 43 21 11 67 42 74 15 42 32
split_gain=15.67 7.38091 8.04329 6.95283 6.30993 6.45074 6.25023 7.19061 7.42521 9.65181 6.92166 12.3688 6.89981 6.11186 5.90754 6.8786 11.8122 8.84666 7.20787 7.1733 6.6413 6.15646 7.58099 7.59584 6.12774 5.89216 5.72045 5.60309 7.33949 13.4847
threshold=5.0150000000000006 5.5000000000000009 -0.020000000000000014 6.7350000000000012 0.20500000000000004 61.850000000000001 7.0000000000000009 -1.0000000180025095e-35 19.750000000000004 0.15500000000000003 37.250000000000007 6.7141666666666682 41.550000000000004 6.5750000000000011 68.950000000000003 51.550000000000004 15.500000000000002 7.1950000000000012 40.750000000000007 64.65000000000002 44.850000000000001 2.5000000000000004 46.050000000000004 68.65000000000002 35.250000000000007 50.650000000000013 5.5650000000000004 44.050000000000004 53.550000000000004 6.1950000000000012
decision_type=2 2 2 2 2 2 2 2 2 2 2 2 2 2 2 2 2 2 2 2 2 2 2 2 2 2 2 2 2 2
left_child=6 2 -2 27 5 14 -1 8 -8 -10 -9 -12 -13 26 15 16 18 20 -4 -19 -17 -18 -23 -24 -25 -6 -5 28 -3 -30
right_child=1 3 4 13 25 -7 7 10 9 -11 11 12 -14 -15 -16 17 21 19 -20 -21 -22 22 23 24 -26 -27 -28 -29 29 -31
leaf_value=0.02795381918277243 0.019343386675091927 0.0067625029481050425 0.01128141154785056 -0.028130040383664574 0.0027290234975770292 0.020327713942955617 -0.024690027570772315 -0.012569738942741738 -0.011846642706576014 0.024513907670267919 -0.045914459787636253 -0.022493368607204182 0.0088018876938806608 -0.044698295385870154 -0.02209498143452291 0.0035060635316167565 0.014851693572246229 -0.05106380446476718 -0.031452614975564272 -0.0025836176422304271 -0.02604039198082829 -0.0211065295155137 0.018903195410752475 0.0075157571656332628 -0.036890974181876014 -0.037825094124766367 0.015991952642931875 -0.024344056614530644 -0.018937242305736006 0.020634501411040274
leaf_weight=4.7744631022214881 34.555095866322517 81.194661408662796 5.4839228093624106 5.4973837882280367 6.8372968435287458 22.875283002853394 5.9759278893470755 138.79616944491863 10.009686559438707 19.122281670570374 4.839464619755744 7.4157479703426352 43.728325113654137 6.0504113584756842 7.7228731215000144 110.05407974123955 108.61490486562252 5.4170518070459348 10.084547385573385 5.5724999904632568 7.3009696453809729 10.222206979990004 21.646904274821281 6.5973968356847745 4.8546108603477478 6.102034717798233 5.0962709784507751 8.0167780071496946 30.366464719176292 10.406104728579519
leaf_count=20 160 343 24 23 29 99 25 599 42 79 22 32 184 25 33 479 476 23 43 24 31 44 94 30 21 25 21 33 126 44
internal_value=0.000416342 0.00331768 0.00555456 -0.00238699 0.00415063 0.00496503 -0.00601992 -0.00672551 0.00577177 0.0120205 -0.00897807 -7.34993e-05 0.00426416 -0.0206431 0.00380739 0.00448355 0.00848771 -0.000742345 -0.0163997 -0.0264808 0.0016679 0.0110379 0.0014758 0.00845009 -0.0113087 -0.0163958 -0.00690435 -4.93451e-05 0.00154752 -0.00883762
internal_weight=755.232 520.57 373.942 146.628 339.387 326.447 234.662 229.888 35.1079 29.132 194.78 55.9835 51.1441 16.6441 303.572 295.849 167.504 128.345 15.5685 10.9896 117.355 151.936 43.3211 33.0989 11.452 12.9393 10.5937 129.984 121.967 40.7726
internal_count=3253 2250 1635 615 1475 1421 1003 983 146 121 837 238 216 69 1322 1289 732 557 67 47 510 665 189 145 51 54 44 546 513 170
is_linear=0
shrinkage=0.03


Tree=48
num_leaves=31
num_cat=0
split_feature=6 20 53 55 59 49 6 63 42 82 0 20 74 20 77 11 62 59 90 42 58 69 32 59 12 37 48 9 27 20
split_gain=14.7723 7.15625 7.06389 7.11065 9.22765 6.80643 8.1027 8.29677 6.70047 6.69405 6.59824 6.80438 14.4859 7.69198 7.07521 10.3831 7.63945 7.16951 6.29457 6.78663 7.55062 6.08672 5.96735 5.4435 5.3891 8.69294 7.51081 5.23171 5.22468 5.17313
threshold=5.0150000000000006 55.850000000000001 0.13500000000000004 46.750000000000007 53.750000000000007 25.950000000000003 4.245000000000001 54.250000000000007 47.150000000000013 1.5000000000000002 6.5000000000000009 37.95000000000001 7.0450000000000008 46.350000000000001 6.7350000000000012 67.750000000000014 20.750000000000004 27.350000000000005 -0.015000000000000123 50.850000000000001 5.1250000000000009 1.5000000000000002 6.6850000000000014 40.050000000000004 6.6850000000000014 43.850000000000001 5.535000000000001 4.6050000000000013 0.17500000000000002 33.050000000000004
decision_type=2 2 2 2 2 2 2 2 2 2 2 2 2 2 2 2 2 2 2 2 2 2 2 2 2 2 2 2 2 2
left_child=2 10 -1 5 29 -4 28 8 27 -3 18 14 13 -13 16 17 -12 -16 19 -2 -21 -15 -11 -19 25 -20 -27 -8 -7 -5
right_child=1 9 3 4 -6 6 7 -9 -10 22 11 12 -14 21 15 -17 -18 23 24 20 -22 -23 -24 -25 -26 26 -28 -29 -30 -31
leaf_value=-0.027226235696215684 0.025927001694684034 -0.044498025546823236 -0.025648696882694052 0.0030130743364544486 0.035770941785594673 -0.030547651376506231 -0.02054961965937423 -0.016763931380267608 0.035184474370703246 0.010638615148057444 0.045539575947834227 -0.029012617080721319 0.034620253213435571 0.020326009666840721 -0.036533880596755115 0.019148178139282705 0.0066233803535952337 0.02277969859267601 -0.044215034571055592 0.02424419262678261 -0.013604038415429365 -0.020718769579424104 -0.030963879898853026 -0.021184373718488379 0.0051101642031141092 0.030260578377465645 -0.018266567601780782 0.021075534115639331 -0.0016591617681867817 -0.0086760242666244578
leaf_weight=13.1332631111145 26.568773597478867 5.0558548420667657 22.876107856631279 76.082844525575638 6.0041130185127249 14.499331325292589 5.5142903327941948 11.062762498855589 8.7928693890571576 8.7826560139656049 5.6152791529893902 23.696556687355042 5.2096426784992209 6.4704938530921918 10.196375593543058 9.558571442961691 23.705262884497643 4.6931070387363416 5.267533257603648 8.2881464958190936 11.093432292342184 6.5366212427616119 4.798344463109971 5.5112503319978714 337.00994323194027 4.9549157023429853 6.8236110508441925 5.3580695241689682 9.2156970053911191 61.714781925082207
leaf_count=58 124 21 98 320 25 67 23 47 36 37 24 98 22 27 42 41 101 20 22 38 49 27 20 23 1463 22 29 22 40 267
internal_value=0.000404791 0.00322346 -0.00585015 -0.00458053 -0.000635757 -0.0119172 -0.00614746 0.00401994 0.015712 -0.0150302 0.00390221 -0.00294144 -0.0121931 -0.0188376 0.00359983 -0.00665332 0.0140764 -0.0187424 0.00563351 0.0160798 0.002581 -0.000300715 -0.00406009 -0.000964767 0.00427776 -0.0121793 0.00214752 -3.60908e-05 -0.0193215 -0.00222207
internal_weight=754.091 519.836 234.254 221.121 143.802 77.3191 54.443 30.728 19.6652 18.6369 501.2 101.193 41.9133 36.7037 59.2798 29.9593 29.3205 20.4007 400.006 45.9504 19.3816 13.0071 13.581 10.2044 354.056 17.0461 11.7785 10.8724 23.715 137.798
internal_count=3253 2250 1003 945 612 333 235 128 81 78 2172 425 174 152 251 126 125 85 1747 211 87 54 57 43 1536 73 51 45 107 587
is_linear=0
shrinkage=0.03


Tree=49
num_leaves=31
num_cat=0
split_feature=0 90 14 90 29 72 9 55 80 16 45 77 6 80 14 55 6 16 75 63 54 74 59 6 15 29 11 50 15 19
split_gain=14.1941 11.9379 8.75279 8.92465 9.13595 12.2631 8.53046 7.36019 7.23781 8.27126 7.42922 7.26504 7.20618 8.68354 7.11325 6.9695 6.85715 6.77317 6.48997 6.40002 6.70827 7.12618 6.16188 6.66097 6.14972 8.18712 6.9823 6.13846 6.10814 6.02247
threshold=5.5000000000000009 0.074999999999999747 0.14500000000000005 -0.020000000000000014 45.250000000000007 2.6500000000000008 4.4650000000000007 25.950000000000003 36.150000000000013 60.45000000000001 3.5050000000000003 6.8350000000000009 6.2750000000000012 38.550000000000004 0.17500000000000002 46.850000000000001 5.7550000000000008 56.850000000000001 46.750000000000007 6.0500000000000016 22.750000000000004 4.495000000000001 50.850000000000001 6.8450000000000006 34.850000000000001 54.650000000000013 67.65000000000002 57.050000000000004 33.550000000000004 7.1250000000000009
decision_type=2 2 2 2 2 2 2 2 2 2 2 2 2 2 2 2 2 2 2 2 2 2 2 2 2 2 2 2 2 2
left_child=1 2 7 -4 16 17 18 -1 9 22 -10 14 13 -3 15 27 19 -6 -2 28 21 -21 23 -7 25 -9 -27 -12 -5 -8
right_child=6 12 3 4 5 8 29 24 10 -11 11 -13 -14 -15 -16 -17 -18 -19 -20 20 -22 -23 -24 -25 -26 26 -28 -29 -30 -31
leaf_value=-0.020965894230498598 -0.011518309137999616 -0.0075289811697794341 0.017160038103622374 0.0034306433297279599 0.026502682854904397 -0.0065929360305822188 -0.0010716853572404223 0.015794345186132781 -0.029400646444700931 -0.03695686484223927 -0.026132474171224235 -0.011422912530294135 0.0065601132364107098 -0.037833619821723737 -0.0054737875878830876 0.028755284528816108 0.019872295309414707 -0.013741010729923548 -0.041369645755278926 0.012347241862442512 0.016656022962194924 -0.037895859064414943 0.018763805725786242 -0.03831865825244242 0.024407153092895616 0.0062173866871789059 -0.038255044312971581 0.021628892626817171 -0.041508601824895935 -0.030045527439735473
leaf_weight=5.3006321787834159 57.517834633588791 49.289331704378128 35.684677124023438 5.766420364379881 18.928528025746349 103.35228914022446 168.07284820079803 36.182333365082741 5.6747646033763877 8.6492721587419492 4.6940219104289991 15.44431760907173 24.525172665715218 10.285659417510031 14.218727439641951 23.408833131194115 35.061936736106873 4.6981196254491797 7.3978319913148871 5.210363641381262 25.561749666929245 4.9585081487894058 8.0552017241716367 6.3202592581510535 38.587321743369102 7.8320458829402906 5.346121609210968 5.0032664984464645 5.1559994071722031 6.7145600020885459
leaf_count=24 251 208 159 24 82 444 707 166 24 37 20 66 103 44 61 101 157 20 33 22 107 21 35 28 178 35 25 21 22 28
internal_value=0.000393438 0.00320859 0.00523424 0.00297654 0.00129034 -0.00191074 -0.00563371 0.0133657 -0.00438607 -0.00864147 0.00347124 0.00644308 -0.00712667 -0.0127611 0.0122736 0.0198959 0.00984776 0.0185003 -0.0149202 0.00231385 0.00845728 -0.0121521 -0.00656118 -0.00842124 0.0154349 0.0084208 -0.0118242 -0.00149024 -0.0177832 -0.00218473
internal_weight=752.899 513.196 429.096 335.847 300.163 218.448 239.703 93.2485 194.821 126.377 68.4439 62.7692 84.1002 59.575 47.3248 33.1061 81.715 23.6266 64.9157 46.653 35.7306 10.1689 117.728 109.673 87.9478 49.3605 13.1782 9.69729 10.9224 174.787
internal_count=3253 2234 1879 1451 1292 939 1019 428 837 544 293 269 355 252 203 142 353 102 284 196 150 43 507 472 404 226 60 41 46 735
is_linear=0
shrinkage=0.03


Tree=50
num_leaves=31
num_cat=0
split_feature=9 58 49 6 58 28 48 68 58 84 4 61 76 49 71 29 59 23 23 89 77 28 85 11 85 48 28 10 33 34
split_gain=14.0661 11.7517 9.3503 10.975 10.8747 8.08962 8.08576 8.28342 8.62284 7.72248 9.87573 7.04725 6.83983 12.2982 12.112 9.73941 6.86871 10.9674 7.67288 8.26666 7.10497 8.21339 6.63087 7.91935 7.81572 6.20882 5.97968 7.54011 6.51491 7.70485
threshold=5.705000000000001 1.7900000000000003 37.850000000000001 6.4250000000000007 6.6650000000000009 45.050000000000004 5.9050000000000011 41.150000000000013 5.0250000000000012 3.5000000000000004 6.7575000000000012 7.9650000000000007 38.95000000000001 35.550000000000004 4.4050000000000011 54.45000000000001 33.750000000000007 24.800000000000004 16.500000000000004 2.5000000000000004 6.7950000000000008 34.250000000000007 2.5000000000000004 43.750000000000007 4.5000000000000009 6.0750000000000011 40.250000000000007 37.850000000000001 24.150000000000002 33.150000000000006
decision_type=2 2 2 2 2 2 2 2 2 2 2 2 2 2 2 2 2 2 2 2 2 2 2 2 2 2 2 2 2 2
left_child=2 -2 3 5 6 12 -4 -8 25 -10 -11 26 14 22 16 -16 18 -18 -1 20 21 -20 -14 -24 -25 -9 28 -28 29 -3
right_child=1 11 4 -5 -6 -7 7 8 9 10 -12 -13 13 -15 15 -17 17 -19 19 -21 -22 -23 23 24 -26 -27 27 -29 -30 -31
leaf_value=0.033604827371221113 -0.031709746220548944 0.0049976869464989004 -0.022237305975632095 0.020985380335934733 -0.039486657021791181 0.019111268518943784 -0.02257797477247054 0.019167493075340408 0.029664594950084881 -0.016427922318254583 0.023073046608549912 -0.02591412573791161 -0.027225994170251358 0.022209715004115612 0.025890697177993076 -0.0088326611273770294 -0.040583432638875663 -0.0042563297126583816 -0.021469361475594341 -0.024256684239559168 0.034616688977155079 0.018691046784437965 -0.014051874133074729 -0.0046456064953646035 0.026733488511244002 -0.014205181341189622 0.022419217515678939 -0.0092857672756716404 0.0053571871047817113 0.027646628579287642
leaf_weight=6.5027852505445471 7.8935798704624167 25.567043900489807 27.234596014022827 19.443621531128883 10.670121043920515 14.926252990961073 16.948514580726624 5.9137761741876593 13.026849478483198 13.066012129187586 10.099293425679205 6.3687174916267386 18.770807787775993 11.065893337130545 25.999531894922256 10.091808080673216 10.195109084248541 28.082617208361626 9.4365605562925392 10.440376654267309 6.4614366292953482 8.911271855235098 68.875199928879738 30.093060165643692 9.3676092028617841 33.097488760948181 8.1454513669013959 39.433293610811234 218.44319570064545 28.683812782168388
leaf_count=27 34 113 118 88 45 63 72 25 56 56 43 27 79 46 111 43 43 119 40 45 28 38 300 126 39 142 35 170 962 127
internal_value=-0.000126153 0.00446031 -0.00379049 -0.000781354 -0.0104693 -0.00235339 -0.00787593 -0.00363157 0.000638358 0.011185 0.00079317 0.00533439 -0.0036133 -0.00812376 0.00175369 0.0161814 -0.00475281 -0.0139319 0.00366239 -0.00186133 0.00756321 -0.00196404 -0.0107646 -0.00791241 0.00280351 -0.00914617 0.00595578 -0.00385789 0.00766804 0.0169728
internal_weight=753.256 334.535 418.721 288.664 130.057 269.22 119.387 92.1519 75.2034 36.1922 23.1653 326.642 254.294 138.173 116.121 36.0913 80.0302 38.2777 41.7524 35.2496 24.8093 18.3478 127.107 108.336 39.4607 39.0113 320.273 47.5787 272.694 54.2509
internal_count=3260 1468 1792 1235 557 1147 512 394 322 155 99 1434 1084 590 494 154 340 162 178 151 106 78 544 465 165 167 1407 205 1202 240
is_linear=0
shrinkage=0.03


Tree=51
num_leaves=31
num_cat=0
split_feature=14 75 90 63 0 8 45 63 90 73 45 32 67 36 80 54 21 37 10 75 74 15 84 76 67 68 60 72 36 81
split_gain=13.9109 10.2494 9.55389 8.40712 10.156 7.72489 7.72913 7.18157 8.69621 8.03898 8.1898 7.11571 8.15531 9.28304 7.11283 11.805 7.00893 7.55437 8.61544 7.37631 10.2274 9.69236 9.42615 10.6497 8.39894 8.76743 8.33498 7.8482 7.8335 7.14045
threshold=0.16500000000000004 63.350000000000001 -0.015000000000000123 7.2000000000000002 6.5000000000000009 61.750000000000007 5.6150000000000011 53.650000000000013 0.13000000000000037 1.5500000000000003 6.0050000000000008 4.535000000000001 29.950000000000003 29.900000000000002 38.150000000000013 35.550000000000004 69.950000000000017 70.850000000000009 28.500000000000004 26.750000000000004 4.6350000000000007 35.550000000000004 3.5000000000000004 56.250000000000007 28.450000000000003 43.350000000000001 53.750000000000007 31.450000000000003 14.850000000000003 49.900000000000006
decision_type=2 2 2 2 2 2 2 2 2 2 2 2 2 2 2 2 2 2 2 2 2 2 2 2 2 2 2 2 2 2
left_child=3 2 -2 4 11 7 -7 8 9 -4 -11 -1 -13 -14 -9 -16 19 18 -18 20 27 28 24 -24 25 -23 -22 -5 -21 -25
right_child=1 -3 5 16 -6 6 -8 14 -10 10 -12 12 13 -15 15 -17 17 -19 -20 21 26 22 23 29 -26 -27 -28 -29 -30 -31
leaf_value=0.015662017046496928 0.0099736438799170567 -0.046905857432661971 0.024896971602229302 -6.7350515861022263e-06 -0.034543776628295747 0.014580483815371695 -0.01058475511157396 -0.020040676748054105 -0.030251597097412045 -0.00015278801779848103 -0.018393241063717574 0.010651244239195076 -0.049964778851181224 -0.0078957722667885866 0.019776206142255916 -0.030562334972120957 0.021135349491010265 0.019003789195244047 -0.023412166823649508 -0.019915930180097435 -0.0011464974943513645 0.021273798786394335 0.02185344508012604 0.0087755714975850611 0.027403599166252231 -0.026727561960842368 -0.041237677240876409 0.034767776408351679 0.0060627496330919852 -0.033121991700685742
leaf_weight=15.412500247359274 37.727339521050453 5.1374874413013449 9.1114945262670499 42.728038921952248 9.9497813135385496 28.89384663105011 17.721100032329559 65.112847238779068 10.832383140921591 97.938112407922745 28.629621550440788 13.108583599328993 6.3279892802238491 18.585931330919266 11.394141390919687 6.6340613663196555 4.7659750431776073 7.345311924815177 21.685948118567467 11.178131699562071 9.2792301774024981 8.309443458914755 12.502202376723291 6.2897930294275275 55.302299007773399 5.8254192620515814 9.3899193704128248 6.7659674137830725 159.56914639472961 8.7590624839067441
leaf_count=68 163 22 39 185 42 126 76 281 47 417 124 57 27 81 49 28 20 32 92 48 41 38 52 27 248 25 40 30 699 36
internal_value=-0.000122277 -0.00487483 -0.00418713 0.00337983 -0.0067148 -0.00612093 0.00501369 -0.00838104 -0.00438466 -0.00231949 -0.00427878 -0.00153295 -0.00850297 -0.0185811 -0.0154235 0.00125251 0.00511056 -0.00791176 -0.0153858 0.00642083 -0.00238996 0.00866398 0.0162376 0.00138997 0.0221287 0.00149094 -0.0213109 0.00474704 0.00436203 -0.0156106
internal_weight=752.213 319.132 313.995 433.081 63.3848 276.268 46.6149 229.653 146.512 135.679 126.568 53.435 38.0225 24.9139 83.141 18.0282 369.696 33.7972 26.4519 335.899 68.1632 267.735 96.9882 27.5511 69.4372 14.1349 18.6691 49.494 170.747 15.0489
internal_count=3260 1372 1350 1888 275 1187 202 985 627 580 541 233 165 108 358 77 1613 144 112 1469 296 1173 426 115 311 63 81 215 747 63
is_linear=0
shrinkage=0.03


Tree=52
num_leaves=31
num_cat=0
split_feature=14 75 9 45 73 36 8 63 0 77 34 67 36 61 72 21 37 10 75 74 15 84 76 27 81 67 68 59 72 63
split_gain=13.1135 9.69479 9.04379 11.3373 9.20435 9.10117 8.40648 7.92265 9.56647 7.75869 7.73434 7.72424 9.60292 7.60992 6.6083 6.60465 7.1071 8.08828 6.96277 9.60854 9.21154 8.97941 10.1246 10.6088 8.41939 8.01563 8.25224 7.7619 7.46647 7.40642
threshold=0.16500000000000004 63.350000000000001 4.0750000000000011 5.6550000000000011 69.550000000000011 23.550000000000004 69.050000000000011 7.2000000000000002 6.5000000000000009 6.9750000000000005 40.250000000000007 29.950000000000003 29.900000000000002 3.2950000000000004 1.0000000180025095e-35 69.950000000000017 70.850000000000009 28.500000000000004 26.750000000000004 4.6350000000000007 35.550000000000004 3.5000000000000004 59.850000000000009 0.15500000000000003 49.900000000000006 28.450000000000003 43.350000000000001 25.100000000000005 31.450000000000003 55.500000000000007
decision_type=2 2 2 2 2 2 2 2 2 2 2 2 2 2 2 2 2 2 2 2 2 2 2 2 2 2 2 2 2 2
left_child=7 2 4 6 5 -2 -4 8 10 14 -1 -12 -13 -5 -7 18 17 -17 19 28 29 25 23 -23 -24 26 -22 -21 -9 -20
right_child=1 -3 3 13 -6 9 -8 15 -10 -11 11 12 -14 -15 -16 16 -18 -19 20 27 21 22 24 -25 -26 -27 -28 -29 -30 -31
leaf_value=0.017477735021343942 0.0032977017255897282 -0.045708031300973055 0.0017770878279337063 -0.028541404654538194 0.029159132960670391 0.0018529927573853293 0.028542534922227247 -6.5326408718408696e-06 -0.033540332835443484 0.010843178620689228 0.010442623210179993 -0.048382105405786843 -0.0069685133269747363 -0.0054243971037493148 -0.0280172416136121 0.020529607032094999 0.018504513278160637 -0.022647012317489862 -0.0012797670556552981 0.0071507059464244165 0.020775624991851482 -0.016339208040027847 0.0092773602245854944 0.037629111062024351 -0.039096199785756652 0.026803482097604071 -0.0257850993449187 -0.034078019382984368 0.034050930737726838 0.011320646514084194
leaf_weight=14.20518885552883 19.357300460338593 5.1143022924661627 140.5035343170166 16.363125205039978 4.5538564026355735 7.7412492781877509 11.419409364461897 42.728081315755844 9.9401659816503507 6.4683517962694159 13.093749493360518 6.8224370628595379 19.279061511158943 59.125202611088753 47.983716607093811 4.7594988048076656 7.3176172077655783 21.74514240026474 95.919919207692146 6.0981456190347698 8.2542768418788892 5.0463786274194744 5.8052782267332059 9.3557577878236753 7.3231137543916702 54.851158604025841 5.8567011207342139 12.603664919733999 6.7021239697933188 74.663794457912445
leaf_count=63 84 22 596 71 20 33 51 185 42 28 57 29 84 251 216 20 32 92 420 27 38 21 25 39 30 248 25 54 30 327
internal_value=-0.000118473 -0.00473638 -0.00406802 -0.000932756 -0.0123486 -0.0146664 0.00378893 0.00328463 -0.00651745 -0.0202576 -0.0014873 -0.00836064 -0.0177932 -0.0104353 -0.0238677 0.00496706 -0.00766782 -0.0148937 0.00624191 -0.00231855 0.00842571 0.0158335 0.00134929 0.0187191 -0.0177058 0.0216158 0.0014508 -0.0206345 0.00461124 0.00423538
internal_weight=751.001 318.63 313.516 227.411 86.1045 81.5506 151.923 432.371 63.3406 62.1933 53.4004 39.1952 26.1015 75.4883 55.725 369.031 33.8223 26.5046 335.208 68.132 267.076 96.4927 27.5305 14.4021 13.1284 68.9621 14.111 18.7018 49.4302 170.584
internal_count=3260 1372 1350 969 381 361 647 1888 275 277 233 170 113 322 249 1613 144 112 1469 296 1173 426 115 60 55 311 63 81 215 747
is_linear=0
shrinkage=0.03


Tree=53
num_leaves=31
num_cat=0
split_feature=14 53 21 37 8 61 59 81 15 15 10 29 54 80 67 81 73 63 22 22 54 33 48 45 35 24 63 34 67 11
split_gain=12.5377 8.53996 8.10828 8.46112 7.76876 9.12332 7.74978 7.4338 7.21466 10.4524 7.51239 6.33737 11.6389 7.74575 8.14875 7.1062 9.70086 6.99771 7.06107 12.1659 6.85427 7.42413 6.74078 6.28457 8.85671 10.8353 6.27905 8.68526 7.70821 10.8964
threshold=0.14500000000000005 0.12500000000000003 68.450000000000017 70.850000000000009 51.45000000000001 7.9650000000000007 36.650000000000013 52.45000000000001 33.850000000000001 32.95000000000001 28.500000000000004 44.650000000000013 29.950000000000003 38.250000000000007 43.750000000000007 55.550000000000004 28.650000000000002 59.750000000000007 5.6750000000000007 4.8550000000000013 27.150000000000002 22.450000000000003 6.0050000000000008 6.9150000000000009 4.8350000000000009 41.100000000000009 63.150000000000013 63.95000000000001 29.150000000000002 56.550000000000004
decision_type=2 2 2 2 2 2 2 2 2 2 2 2 2 2 2 2 2 2 2 2 2 2 2 2 2 2 2 2 2 2
left_child=2 6 7 -4 -3 11 -2 8 9 10 -1 12 20 14 26 -15 -17 18 19 -18 21 -6 -14 24 25 -9 -13 28 -28 -30
right_child=1 4 3 -5 5 -7 -8 23 -10 -11 -12 13 22 15 -16 16 17 -19 -20 -21 -22 -23 -24 -25 -26 -27 27 -29 29 -31
leaf_value=-0.019452100650476017 -0.052410354288997388 -0.0055009611695097244 -0.021551256144754481 0.018647875885470431 0.035274779683514154 -0.03854375079442672 -0.0039352334274205102 -0.047760123013331421 0.024778504299290818 -0.034922033625713556 0.016533963265630967 0.0011591010248290202 0.025989663248346562 0.025467957024725599 -0.02686876180647519 0.035068025945281897 -0.024747687254276885 0.017836017376098672 -0.03226060744620405 0.03642293088385707 -0.030071789740764927 -0.0033838953702330812 -0.0024336380687364541 -0.027464965245735717 0.015074390271803382 0.0064018149693729339 0.026742931166377111 -0.040575967733182124 -0.040020314779609635 0.0067880878591607781
leaf_weight=5.9793657809495917 5.7304541915655118 257.12997947633266 15.602957576513292 6.7513706833124152 5.3697994351387015 5.0412117540836325 6.1577212363481522 5.4164865761995307 39.126398652791977 4.705249458551406 41.163701489567757 134.45872090756893 34.50403019785881 17.170283257961273 12.414244815707205 6.6334688663482657 6.7510599941015297 8.7161761820316297 10.175996288657187 5.1648482978343964 6.7996180653572074 26.707734704017639 9.5983347445726377 6.3386649787425986 25.935142934322357 8.6060116142034513 5.460167244076735 8.060835272073744 8.0247382819652575 10.12092465162277
leaf_count=26 25 1104 66 30 24 21 27 23 179 21 186 582 153 75 53 29 28 37 43 23 29 115 41 27 119 39 24 34 33 44
internal_value=-0.00011481 -0.00213228 0.00734449 -0.00941046 -0.00161488 0.00149632 -0.0273017 0.010073 0.0150532 0.00771425 0.0119697 0.00213482 0.00925475 -0.00039919 -0.00342339 0.00948766 0.00215927 -0.0049265 -0.0139073 0.00176619 -0.00271199 0.00308759 0.0198037 0.000286573 0.00468893 -0.0145194 -0.00167136 -0.0136897 -0.00450863 -0.0139125
internal_weight=749.816 590.19 159.625 22.3543 578.302 321.172 11.8882 137.271 90.9747 51.8483 47.1431 316.131 82.9795 233.151 178.54 54.6118 37.4415 30.8081 22.0919 11.9159 38.8772 32.0775 44.1024 46.2963 39.9576 14.0225 166.125 31.6667 23.6058 18.1457
internal_count=3260 2544 716 96 2492 1388 52 620 412 233 212 1367 362 1005 770 235 160 131 94 51 168 139 194 208 181 62 717 135 101 77
is_linear=0
shrinkage=0.03


Tree=54
num_leaves=31
num_cat=0
split_feature=14 75 90 63 0 10 8 62 36 80 63 90 80 54 62 63 59 25 15 80 63 0 29 41 68 32 15 80 80 3
split_gain=11.8884 9.20868 8.82711 7.37383 8.94818 6.92103 6.79562 7.48214 7.41493 11.0367 6.78502 8.25685 6.62953 11.1311 6.60987 9.64982 8.83903 8.59805 7.83416 7.70166 8.9554 9.41918 8.05318 7.08263 7.01949 7.40527 8.47892 6.53467 9.40964 7.94895
threshold=0.16500000000000004 63.350000000000001 -0.015000000000000123 7.2000000000000002 6.5000000000000009 54.250000000000007 61.750000000000007 19.150000000000002 46.050000000000004 34.150000000000013 53.650000000000013 0.13000000000000037 38.150000000000013 35.550000000000004 29.750000000000004 62.95000000000001 45.150000000000013 6.6750000000000007 35.250000000000007 38.45000000000001 58.150000000000013 4.5000000000000009 47.95000000000001 31.150000000000002 44.650000000000013 5.6750000000000007 30.850000000000005 38.45000000000001 35.250000000000007 1.5000000000000002
decision_type=2 2 2 2 2 2 2 2 2 2 2 2 2 2 2 2 2 2 2 2 2 2 2 2 2 2 2 2 2 2
left_child=3 2 -2 4 5 -1 10 -8 -9 -10 11 -4 -12 -14 16 19 18 -17 -5 24 21 22 -21 -20 25 26 -16 28 -19 -30
right_child=1 -3 6 14 -6 -7 7 8 9 -11 12 -13 13 -15 15 17 -18 27 23 20 -22 -23 -24 -25 -26 -27 -28 -29 29 -31
leaf_value=0.0028567563615628511 0.0097682506954632608 -0.044583111509611632 -0.0019509045102932693 -0.0043012615696032255 -0.032498466458848352 -0.02854067755335046 -0.028520870744271207 0.016441619443512009 -0.046138994097156369 0.01631835362573367 -0.019189688918244414 -0.029300160958707064 0.019375094712919049 -0.029618648940478144 0.0091708966960684559 0.032815506910019276 -0.033896141402845907 -0.00072430285461910673 -0.0041893043483420597 -0.026278931253337679 0.032109181178624692 -0.032450139260897758 0.022265269412660545 0.020690264456243772 0.021130528059261241 0.018987221133477436 -0.038724691190753939 0.013510423070494021 -0.049309974289066701 -0.0035400503462802114
leaf_weight=45.949692159891129 37.61791718006134 5.0792097747325888 135.22878475487232 81.545196056365967 9.9158080667257291 7.3260827809572211 5.381943628191947 30.825191214680672 4.8053491413593274 5.4165090471506119 64.742707341909409 10.722728803753851 11.379366829991342 6.5907299220561972 7.4076046049594897 6.9454754739999762 6.8068651854991904 58.321903675794601 16.431311383843422 4.5592835247516694 5.9661317914724341 9.3197409659624082 9.451525539159773 27.588360324501991 80.160850092768669 13.725846767425535 6.0380310267210007 19.696171045303345 7.4430250078439695 6.3103074133396149
leaf_count=200 163 22 580 355 42 33 23 135 20 24 281 47 49 28 32 30 29 256 73 20 27 39 43 123 353 62 26 86 32 27
internal_value=-0.000110753 -0.00451277 -0.00386192 0.00313568 -0.00633111 -0.00146078 -0.00572579 0.00473827 0.00909909 -0.0130432 -0.00785046 -0.00396019 -0.0147151 0.0014061 0.00476253 0.00777904 -0.000600574 0.000632374 0.00120438 0.0129426 -0.000690577 -0.00907819 0.00646841 0.0114034 0.0166639 0.00348635 -0.0123376 -0.00180332 -0.00598814 -0.0283098
internal_weight=748.7 317.79 312.711 430.909 63.1916 53.2758 275.093 46.429 41.047 10.2219 228.664 145.952 82.7128 17.9701 367.718 235.346 132.372 98.7169 125.565 136.629 29.2967 23.3306 14.0108 44.0197 107.332 27.1715 13.4456 91.7714 72.0752 13.7533
internal_count=3260 1372 1350 1888 275 233 1187 202 179 44 985 627 358 77 1613 1033 580 431 551 602 129 102 63 196 473 120 58 401 315 59
is_linear=0
shrinkage=0.03


Tree=55
num_leaves=31
num_cat=0
split_feature=9 22 58 37 37 67 45 81 62 68 27 63 23 14 56 28 51 33 64 22 90 84 28 15 15 29 7 34 33 81
split_gain=11.7487 8.89555 7.73386 6.91569 7.63988 7.9725 6.53465 6.81774 10.3037 10.3147 8.92902 7.31874 7.283 7.46748 7.06007 10.6451 6.53392 6.47621 8.3793 6.52174 8.50926 8.34231 7.68897 6.74164 7.36279 6.68304 6.62083 6.42226 6.36347 6.27938
threshold=5.705000000000001 7.7550000000000008 1.7900000000000003 83.40000000000002 69.90000000000002 39.050000000000004 2.3750000000000004 41.750000000000007 51.250000000000007 44.350000000000001 0.15500000000000003 3.8000000000000003 26.750000000000004 0.15500000000000003 2.5000000000000004 32.45000000000001 7.0750000000000011 24.150000000000002 6.705000000000001 6.495000000000001 0.064999999999999961 1.5000000000000002 41.45000000000001 30.750000000000004 33.95000000000001 51.350000000000001 50.150000000000006 65.250000000000014 40.45000000000001 52.550000000000004
decision_type=2 2 2 2 2 2 2 2 2 2 2 2 2 2 2 2 2 2 2 2 2 2 2 2 2 2 2 2 2 2
left_child=1 6 -2 4 17 -6 -1 8 9 10 -8 -11 -12 -14 16 -16 -9 18 -4 20 21 22 23 -19 26 29 -25 -7 -13 -21
right_child=2 -3 3 -5 5 27 7 14 -10 11 12 28 13 -15 15 -17 -18 19 -20 25 -22 -23 -24 24 -26 -27 -28 -29 -30 -31
leaf_value=-0.023209257427840281 -0.02454167282750884 -0.037679217199053087 -0.02183168470406115 -0.024944313487720839 0.023116611823340131 -0.032493781625377201 -0.029973841488451392 -0.0029263269945882897 -0.027357273871118165 0.052272015503393589 0.03197601340706728 0.0061907859097190864 0.024810475293318705 -0.021791862257080966 -0.028524350613567992 -0.0026829877375094415 0.030959071564450533 0.036083793102345857 0.015136213969514747 -0.028500451561189882 -0.010249099910707949 0.0010043792365555786 -0.020407648508256472 0.017217416730308348 0.022992559874943967 0.0038786656700637917 -0.033573914939140893 0.016975018410396722 0.035069786791700724 0.0032438049626123456
leaf_weight=14.116702839732168 8.3949671834707242 6.8278834968805304 6.0955296456813803 6.9605224132537833 35.929993525147438 4.7419405579566938 8.5555476099252719 255.7717649936676 7.6662764549255362 5.2587009072303763 6.7719997167587307 24.602857559919357 4.6802487075328818 9.1339192241430265 25.134170189499855 33.428528234362602 5.2260704785585395 16.360052973031998 58.266426026821136 18.654171243309978 31.442763671278954 75.217372745275497 4.47825963795185 4.3162620514631289 17.794004663825035 20.322896391153336 4.9688262790441513 4.7059256881475449 9.5259331464767438 8.019200921058653
leaf_count=61 36 30 26 30 162 20 38 1098 33 22 29 105 20 39 109 144 22 78 260 80 131 327 20 20 86 89 23 21 41 35
internal_value=-0.000379188 -0.00371849 0.00388044 0.00463012 0.00529136 0.0166685 -0.00315276 -0.00243734 0.00562646 0.00931631 -0.00421482 0.0193276 0.00649055 -0.00600296 -0.00436006 -0.0137737 -0.00224783 0.00335003 0.0116351 0.000704638 0.00368003 0.00723687 0.0170202 0.0208787 0.0116925 -0.00908187 -0.00996308 -0.00785367 0.0142514 -0.0189567
internal_weight=743.37 416.701 326.669 318.274 311.314 45.3779 409.873 395.756 76.1955 68.5292 29.1417 39.3875 20.5862 13.8142 319.561 58.5627 260.998 265.936 64.362 201.574 154.578 123.135 47.9174 43.4391 27.0791 46.9963 9.28509 9.44787 34.1288 26.6734
internal_count=3235 1791 1444 1408 1378 203 1761 1700 327 294 126 168 88 59 1373 253 1120 1175 286 889 685 554 227 207 129 204 43 41 146 115
is_linear=0
shrinkage=0.03


Tree=56
num_leaves=31
num_cat=0
split_feature=6 66 7 45 77 9 36 22 24 23 41 0 79 41 53 42 6 59 20 56 0 60 48 20 59 7 46 9 68 54
split_gain=12.6803 7.9211 7.58417 6.99993 6.87776 8.92472 6.67696 5.90887 10.12 12.2203 9.60537 8.04983 7.388 6.75599 6.5297 5.97788 6.55791 5.85473 5.85374 5.89328 5.99757 7.90224 13.9312 10.8218 7.67015 7.39899 6.57371 6.11392 5.65991 6.45534
threshold=6.3750000000000009 0.23500000000000001 19.550000000000004 1.8350000000000002 6.8850000000000007 5.1750000000000007 11.250000000000002 6.495000000000001 54.850000000000001 42.850000000000001 34.350000000000001 3.5000000000000004 0.15500000000000003 31.350000000000005 0.13500000000000004 51.650000000000013 6.745000000000001 18.750000000000004 4.2500000000000009 2.5000000000000004 2.5000000000000004 44.850000000000001 1.6300000000000001 45.850000000000001 28.450000000000003 45.050000000000004 43.850000000000001 6.6450000000000005 41.550000000000004 35.45000000000001
decision_type=2 2 2 2 2 2 2 2 2 2 2 2 2 2 2 2 2 2 2 2 2 2 2 2 2 2 2 2 2 2
left_child=1 2 4 -4 5 17 -2 8 9 10 12 13 -8 -9 -10 16 -13 -1 -5 20 21 23 -23 25 -24 -20 27 -26 -21 -30
right_child=6 -3 3 18 -6 -7 7 11 14 -11 -12 15 -14 -15 -16 -17 -18 -19 19 28 -22 22 24 -25 26 -27 -28 -29 29 -31
leaf_value=-0.0043970779027943628 -0.020507614976391156 0.028602857139034807 -0.02869271844575487 -0.032447233153630496 0.0042339360258079311 0.01930429789174077 -0.0018517402772043076 -0.014252550399078322 -0.0072038364136343402 -0.041618526988866263 -0.0040136607906290107 0.00060895351101157731 0.025239043921087174 0.020673842709071917 0.026975401871395237 0.0044983959507943084 -0.041424903109099361 -0.028469295043233735 0.022010398273895598 -0.025151019659529462 -0.0020749266512810204 0.031334268485798684 -0.040265058199725826 -0.026421752304448782 -0.0088429706352409505 -0.018049936058450629 0.028519063728212189 0.022337700568962608 0.0034895051473744316 -0.01490244442985365
leaf_weight=12.425796523690222 7.9119863659143439 7.217689871788024 8.4968207031488401 5.3418370038270941 16.90261772274971 5.2369508594274512 12.916532188653944 6.9360755831003216 5.7766986936330786 4.7978804856538764 34.846390664577484 5.3013657927513149 30.343872770667076 17.715711981058121 38.943598315119743 9.8300892412662488 9.0311939567327482 33.904781371355057 47.117273852229118 14.431636452674864 247.4594596773386 10.804751470685003 5.2196312397718421 5.3283488452434531 51.796431005001068 4.5501156896352759 5.6281747221946707 6.3539531528949729 39.466670081019402 30.408927649259567
leaf_count=57 35 31 36 22 75 23 58 32 25 22 157 23 143 81 180 43 38 161 206 61 1044 48 22 22 220 20 24 29 168 129
internal_value=-0.000367784 -0.00262112 -0.00303022 -0.00170407 -0.0123736 -0.0178172 0.00645379 0.00766281 0.0110581 0.00485365 0.0077083 -0.00121426 0.0171504 0.0108469 0.0225603 -0.0135196 -0.0258773 -0.0220132 -0.00122018 -0.000864177 0.000711748 0.00575265 -0.000340854 0.0142845 -0.00530101 0.0184825 -0.00243956 -0.00543593 -0.00804698 -0.00451443
internal_weight=742.443 558.092 550.874 482.404 68.4701 51.5675 184.351 176.439 127.625 82.9047 78.1068 48.8144 43.2604 24.6518 44.7203 24.1626 14.3326 46.3306 473.907 468.565 384.258 136.799 79.8029 56.9957 68.9982 51.6674 63.7786 58.1504 84.3072 69.8756
internal_count=3235 2398 2367 2051 316 241 837 802 585 380 358 217 201 113 205 104 61 218 2015 1993 1635 591 343 248 295 226 273 249 358 297
is_linear=0
shrinkage=0.03


Tree=57
num_leaves=31
num_cat=0
split_feature=6 66 7 45 77 9 50 20 73 55 60 62 71 20 76 0 22 22 80 50 71 30 59 6 6 81 81 81 81 28
split_gain=11.9633 7.47239 7.188 6.73456 6.53607 8.4626 6.52528 8.0675 6.62162 7.35199 6.74669 8.10139 6.47234 6.12858 6.10667 6.3775 8.78591 9.98408 9.95463 6.37383 8.31561 6.72186 5.7698 6.09445 7.92423 8.3578 12.5191 11.4489 10.2542 8.65189
threshold=6.3750000000000009 0.23500000000000001 19.550000000000004 2.3750000000000004 6.8850000000000007 5.1750000000000007 4.1000000000000005 46.550000000000004 52.150000000000013 49.150000000000013 34.250000000000007 47.300000000000004 7.3650000000000011 4.2500000000000009 74.90000000000002 1.5000000000000002 6.495000000000001 5.7750000000000012 43.150000000000013 63.250000000000007 6.1550000000000011 2.5000000000000004 56.45000000000001 6.0550000000000006 5.9150000000000009 41.250000000000007 38.550000000000004 37.400000000000006 48.850000000000001 18.850000000000005
decision_type=2 2 2 2 2 2 2 2 2 2 2 2 2 2 2 2 2 2 2 2 2 2 2 2 2 2 2 2 2 2
left_child=1 2 4 -4 5 -1 7 8 10 -10 -5 -12 14 -8 15 -2 17 -17 19 21 -21 -18 23 24 25 26 27 -15 -27 -30
right_child=12 -3 3 6 -6 -7 13 -9 9 -11 11 -13 -14 22 -16 16 18 -19 -20 20 -22 -23 -24 -25 -26 28 -28 -29 29 -31
leaf_value=-0.021529160194393191 0.015687367351216102 0.027824964993327032 -0.02058786356807674 -0.0095390451755430223 0.0041025228750338743 0.018638525829219536 -0.034819302224205671 -0.027056387896508469 -0.024418103553861543 0.014148415586358749 0.040309505653219779 -0.0041011020869217776 -0.02164870715730835 0.0067529162798499014 0.025719848227552779 0.00069024671705553706 -0.06080700410263435 0.023200788098382108 0.029201377910342555 0.027788347659922497 -0.021439253120188378 -0.017127235191673053 -0.024715347082764964 -0.0091399903049402854 0.015286128632392738 -0.012411756344101615 0.032069906006064096 -0.042824718267400523 -0.031407781155406683 0.0022273806702843854
leaf_weight=45.958078801631927 42.529823273420334 7.1971978396177283 16.333630785346031 4.6588957011699703 16.920448675751686 5.2609213292598715 5.1261029541492453 4.9581215530633918 7.0685963034629848 12.002295300364493 16.450285866856579 4.7684146463870993 7.1764852106571189 31.774010315537453 15.008279815316198 62.464574113488197 4.8821905255317732 24.762630715966225 4.6590203344821921 4.8741500824689856 8.4289311021566373 9.0456833690404892 9.6669746786355955 72.403120487928391 29.583489939570427 76.674530059099197 15.933901131153105 4.8292938917875281 7.1867889612913123 162.73159770667553
leaf_count=218 201 31 70 20 75 23 21 21 30 51 72 20 31 134 69 283 21 113 21 22 36 40 41 314 129 326 67 20 30 685
internal_value=-0.000356786 -0.00254524 -0.00294245 -0.00165349 -0.012063 -0.0174034 -0.000989568 0.00926067 0.0132667 -0.000146205 0.0231515 0.0303292 0.00627989 -0.00221953 0.00741447 0.00571489 0.0021543 0.00708069 -0.0113206 -0.0182537 -0.00340263 -0.0324385 -0.00181273 -0.00126077 0.000474724 -0.0009901 0.00987401 0.000211841 -0.00330472 0.000804764
internal_weight=741.318 557.487 550.289 482.15 68.1394 51.219 465.816 49.9066 44.9485 19.0709 25.8776 21.2187 183.832 415.91 176.655 161.647 119.117 87.2272 31.89 27.231 13.3031 13.9279 410.784 401.117 328.714 299.13 52.5372 36.6033 246.593 169.918
internal_count=3235 2398 2367 2051 316 241 1981 214 193 81 112 92 837 1767 806 737 536 396 140 119 58 61 1746 1705 1391 1262 221 154 1041 715
is_linear=0
shrinkage=0.03


Tree=58
num_leaves=31
num_cat=0
split_feature=6 66 22 9 41 0 36 71 20 61 51 76 0 81 22 22 41 74 11 15 54 74 45 61 47 81 15 73 67 16
split_gain=11.2843 7.05045 6.62509 6.47956 9.87304 6.38635 6.22286 6.64099 5.84634 5.82984 6.1697 5.35173 7.46924 7.91738 9.08554 11.2937 7.22123 8.80697 9.73525 10.1829 7.95382 5.70529 5.31772 6.86969 6.58306 5.5883 5.39448 5.31243 5.27379 5.20493
threshold=6.3750000000000009 0.23500000000000001 7.7550000000000008 4.0100000000000007 30.250000000000004 1.0000000180025095e-35 11.250000000000002 7.3650000000000011 4.2500000000000009 7.785000000000001 7.0750000000000011 74.90000000000002 1.5000000000000002 62.550000000000004 6.495000000000001 5.7750000000000012 31.850000000000005 3.9550000000000005 58.550000000000004 34.050000000000004 27.750000000000004 1.1150000000000004 2.9150000000000005 4.8550000000000013 63.850000000000001 55.850000000000001 29.750000000000004 10.550000000000002 31.550000000000004 49.750000000000007
decision_type=2 2 2 2 2 2 2 2 2 2 2 2 2 2 2 2 2 2 2 2 2 2 2 2 2 2 2 2 2 2
left_child=1 2 3 4 -1 -6 -2 11 -5 10 -10 12 21 14 15 16 20 -18 -19 -20 -14 -8 -7 27 25 26 -25 -24 -28 -29
right_child=6 -3 -4 8 5 22 7 -9 9 -11 -12 -13 13 -15 -16 -17 17 18 19 -21 -22 -23 23 24 -26 -27 28 29 -30 -31
leaf_value=-0.022209431779844864 -0.019867488723804574 0.02707499039887433 -0.028562397305472022 -0.031240703957866055 0.024223391232642513 -0.036968776098796424 -0.0070948385151605514 -0.020927464624098627 -0.00049485008713842432 -0.030737597612957839 0.025469856810312039 0.026131167668887751 -0.019684299300208031 0.033834233840885797 -0.013473106911909576 0.023773495876160993 0.014539961657917492 -0.052935219993130701 -0.027236945451900547 0.019437385554521805 0.022294621389096523 0.023128333007660033 0.033783131342318529 -0.040646977787672553 -0.042591152606684245 0.022990970200619097 -0.027914624161670253 -0.013351412226275134 0.0066604873752119818 0.014125004717081011
leaf_weight=34.592236950993538 7.9401620626449576 7.1749991178512564 8.8779450058937055 5.5979266017675391 7.1084774434566489 4.5560902655124655 6.7648049443960181 7.2007210552692404 411.87638089060783 5.6187284886836997 8.4045104980468732 14.177438467741011 5.3662960380315807 7.013310730457305 28.801352128386497 23.231287851929665 9.3501145839691144 5.9799735993146923 10.541796177625658 7.000469744205474 16.714866474270821 33.256365746259689 5.427367269992831 4.963287487626082 5.5839965194463721 4.6820406168699256 6.0524799972772625 11.859814226627352 11.542039573192595 13.013415157794951
leaf_count=155 35 31 39 23 31 21 31 31 1758 24 36 66 24 32 126 107 43 25 46 33 78 160 23 23 26 21 27 53 50 57
internal_value=-0.000346167 -0.00247132 -0.00285693 -0.002435 -0.00895672 -0.00282692 0.00610943 0.00728539 -0.0007818 -0.000381455 2.43756e-05 0.00849321 0.00686965 0.00295527 0.000931043 0.00623718 -0.0011762 -0.0100892 -0.0198793 -0.00861095 0.0120927 0.0180197 -0.00566801 -0.00340884 -0.0129176 -0.00683466 -0.0130252 0.0068917 -0.00523328 0.00102396
internal_weight=740.271 556.932 549.757 540.879 109.381 74.789 183.339 175.399 431.498 425.9 420.281 168.198 154.021 113.999 106.986 78.1848 54.9535 32.8724 23.5222 17.5423 22.0812 40.0212 67.6805 63.1244 32.8238 27.2398 22.5578 30.3006 17.5945 24.8732
internal_count=3235 2398 2367 2328 487 332 837 802 1841 1818 1794 771 705 514 482 356 249 147 104 79 102 191 301 280 147 121 100 133 77 110
is_linear=0
shrinkage=0.03


Tree=59
num_leaves=31
num_cat=0
split_feature=84 14 75 75 36 33 81 38 81 38 75 58 0 79 62 19 63 25 32 4 0 80 74 15 20 55 60 4 50 61
split_gain=9.9485 7.06722 6.22737 9.04148 6.45343 6.16671 5.92596 5.85957 5.81146 6.2332 5.79001 8.80454 8.35696 6.18977 5.33537 7.12224 8.63119 4.84807 6.76055 7.82233 6.38474 9.41678 7.16456 7.90716 5.94099 5.34364 5.84841 5.46351 7.47153 7.03727
threshold=2.5000000000000004 0.16500000000000004 12.550000000000002 14.950000000000001 33.500000000000007 15.350000000000003 46.550000000000004 7.0750000000000011 41.250000000000007 6.6750000000000007 28.750000000000004 6.1950000000000012 5.5000000000000009 0.19500000000000003 48.45000000000001 5.1250000000000009 46.45000000000001 6.8650000000000011 4.1450000000000005 6.8758333333333344 6.5000000000000009 31.050000000000004 2.7050000000000005 35.650000000000013 8.5500000000000025 68.90000000000002 73.65000000000002 6.7258333333333349 79.050000000000011 1.0300000000000002
decision_type=2 2 2 2 2 2 2 2 2 2 2 2 2 2 2 2 2 2 2 2 2 2 2 2 2 2 2 2 2 2
left_child=2 5 4 -4 6 -2 -1 -3 14 -10 11 12 -11 -12 15 -7 -17 24 -19 -20 22 -22 -21 -24 -5 26 27 -26 29 -29
right_child=1 7 3 17 -6 8 -8 -9 9 10 13 -13 -14 -15 -16 16 -18 18 19 20 21 -23 23 -25 25 -27 -28 28 -30 -31
leaf_value=-0.021071650595947004 -0.022797630354470369 -0.0078522335503386602 -0.037417760480276743 -0.030726348122062534 0.041006614940256911 0.043240291331339942 0.020096155600311957 0.022387171412313469 0.027330991996703299 0.008424604680181743 -0.00042998355904220147 -0.04167682134726175 -0.030710979577834568 0.029695677317935397 -0.0076461528882913491 -0.0093825683157303195 0.035195887255559971 0.034966075042476993 0.031347343409102384 -0.01564518372848123 -0.048435933417835052 0.008009910192843521 0.0012088676708443061 0.034512201568688491 0.0075716699596613448 -0.022942363412298581 -0.029482151304105319 -0.029271531031858901 0.035094121317387865 -0.0011599088200625429
leaf_weight=4.5955753475427654 9.4538052380084974 217.16223137080669 5.0327371358871451 5.1517354547977439 7.7443442046642295 8.24181976914406 9.9829826653003675 5.9244981110095969 6.9256867766380301 15.295489996671682 104.84932930767536 7.4949206411838523 7.2329396605491629 6.51993504166603 8.0286833345890027 9.4980750679969805 6.642891749739646 8.7404061853885633 9.4972687810659391 8.9013916701078397 5.0837617516517621 5.5792470574378967 14.942243337631227 11.245091304183005 123.54279483854771 7.5667335838079444 4.9700894504785529 8.9078182429075223 4.6342540532350531 79.914495289325714
leaf_count=20 40 942 22 22 36 35 45 25 29 64 446 32 31 27 34 40 28 41 43 40 21 24 68 53 559 32 22 38 21 355
internal_value=-0.000335896 -0.00342692 0.0035822 0.00245814 0.0188753 0.000822003 0.00711889 -0.00704917 0.00205752 -0.000457262 -0.00181839 -0.0135107 -0.0041402 0.00133367 0.0135655 0.0205499 0.00896391 0.00313005 0.0104498 0.00657132 0.00142824 -0.0189016 0.00760621 0.0155096 0.00113427 0.00184935 0.00269448 0.00343144 -0.00204163 -0.00397917
internal_weight=739.303 413.27 326.033 303.71 22.3229 190.184 14.5786 223.087 180.73 148.318 141.393 30.0234 22.5284 111.369 32.4115 24.3828 16.141 298.677 63.9894 55.249 45.7517 10.663 35.0887 26.1873 234.688 229.536 221.969 216.999 93.4566 88.8223
internal_count=3235 1773 1462 1361 101 806 65 967 766 629 600 127 95 473 137 103 68 1339 290 249 206 45 161 121 1049 1027 995 973 414 393
is_linear=0
shrinkage=0.03


Tree=60
num_leaves=31
num_cat=0
split_feature=84 90 79 40 36 37 10 81 62 21 63 29 42 21 67 74 80 71 15 75 15 9 42 55 20 54 47 72 11 24
split_gain=14.9598 8.19116 10.4058 9.40163 7.09541 7.64194 8.07749 7.06546 6.92487 5.84232 7.86612 9.1975 5.81902 6.88876 6.68281 7.31354 5.86487 5.68821 8.99652 7.7793 7.34257 7.12553 6.91118 9.38067 9.10836 8.51663 7.90265 8.53391 5.62057 5.60876
threshold=3.5000000000000004 -1.0000000180025095e-35 0.17500000000000002 0.15500000000000003 67.800000000000026 69.90000000000002 29.850000000000005 66.15000000000002 36.20000000000001 68.450000000000017 57.45000000000001 51.95000000000001 38.550000000000004 61.150000000000013 29.350000000000005 5.745000000000001 46.850000000000001 5.285000000000001 35.45000000000001 34.250000000000007 32.750000000000007 3.7750000000000004 47.95000000000001 48.550000000000004 36.45000000000001 27.750000000000004 55.95000000000001 44.050000000000004 59.850000000000009 54.850000000000001
decision_type=2 2 2 2 2 2 2 2 2 2 2 2 2 2 2 2 2 2 2 2 2 2 2 2 2 2 2 2 2 2
left_child=4 2 3 8 5 7 -7 9 -2 12 11 -11 13 14 15 -1 17 21 19 20 -19 29 24 25 -21 -24 27 -25 -9 -14
right_child=1 -3 -4 -5 -6 6 -8 28 -10 10 -12 -13 16 -15 -16 -17 -18 18 -20 22 -22 -23 23 26 -26 -27 -28 -29 -30 -31
leaf_value=-0.033469683648049475 -0.036834596224777111 -0.0077626891609172055 0.033500034767117708 0.014358892961024071 -0.025541704214566651 -0.013205829566380903 0.019556868536307392 -0.035227858681217222 0.005288045430997328 -0.0053074361355354019 0.014347100937688515 -0.04634035027017365 -0.026871211217428484 0.020843715637749023 0.0022563443441377326 0.0061597674985531623 0.034693941904889024 0.030101215803200132 0.019693975219959168 0.029948489510581065 -0.0066413204486139516 0.0037502731695939566 -0.0011823486713394013 0.037134798370506726 -0.016764092398242031 -0.045877610409428046 -0.016984716601927592 -0.0095326411378362317 0.0024937395701799059 0.0068865818426008824
leaf_weight=14.914825782179834 8.4269416183233279 226.66561202704906 9.9818626493215543 15.502930253744124 7.5380909591913214 7.9869703054428092 44.546615824103355 7.896161273121832 6.0231539458036414 14.866080909967428 9.0167463272809965 7.3457340747117987 12.980933457612993 7.4739432334899893 19.110535815358162 5.829200565814971 6.1515841335058203 15.496419221162798 51.227888837456703 11.002472013235094 7.1551649272441855 162.59592825174332 6.6263942122459403 8.1811490058898944 5.7045942842960349 9.1148308217525464 10.750809788703917 6.198756903409957 6.4662850648164749 6.7240530103445044
leaf_count=64 36 987 42 66 32 34 205 33 26 64 39 31 55 33 83 26 27 71 230 49 31 717 29 37 25 38 47 27 29 29
internal_value=0.00012743 -0.00555546 0.00697248 -0.00186784 0.00333118 0.00379887 0.0145758 0.00242749 -0.0192768 0.0031726 -0.00928447 -0.0188776 0.0042319 -0.00558613 -0.0105425 -0.0223336 0.00568441 0.00511565 0.0098724 0.00360125 0.018495 0.00168552 -0.00225796 -0.00890308 0.0139986 -0.0270628 0.00247169 0.0170178 -0.0182448 -0.0153518
internal_weight=739.503 266.601 39.9349 29.953 472.902 465.364 52.5336 412.83 14.4501 398.468 31.2286 22.2118 367.239 47.3285 39.8546 20.744 319.911 313.759 131.458 80.2306 22.6516 182.301 57.579 40.8719 16.7071 15.7412 25.1307 14.3799 14.3624 19.705
internal_count=3242 1157 170 128 2085 2053 239 1814 62 1752 134 95 1618 206 173 90 1412 1385 584 354 102 801 252 178 74 67 111 64 62 84
is_linear=0
shrinkage=0.03


Tree=61
num_leaves=31
num_cat=0
split_feature=7 90 40 35 90 28 76 0 81 81 20 81 14 46 9 46 73 54 23 32 32 6 81 90 25 81 81 45 76 9
split_gain=13.5888 6.92367 8.79856 7.10587 6.13345 6.44393 6.02961 6.2831 5.92214 9.31249 11.305 8.2456 7.05918 6.54804 8.48398 6.61652 6.36302 7.69538 9.91448 6.55369 6.26209 6.19751 8.91908 5.99429 5.73818 5.57123 8.10497 6.11244 10.659 5.97212
threshold=26.150000000000002 -1.0000000180025095e-35 0.17500000000000002 4.6950000000000012 -0.020000000000000014 38.550000000000004 65.850000000000009 2.5000000000000004 56.550000000000004 57.550000000000004 39.350000000000001 58.150000000000013 0.16500000000000004 35.850000000000001 6.5750000000000011 37.350000000000001 5.6500000000000012 29.050000000000004 52.050000000000004 4.035000000000001 5.6550000000000011 5.6150000000000011 42.350000000000001 0.044999999999999936 6.9850000000000012 46.850000000000001 47.250000000000007 6.8750000000000009 44.900000000000006 5.3850000000000007
decision_type=2 2 2 2 2 2 2 2 2 2 2 2 2 2 2 2 2 2 2 2 2 2 2 2 2 2 2 2 2 2
left_child=1 2 3 -1 5 6 7 -2 12 10 20 -11 25 -14 15 -15 -13 -18 19 -19 -10 -17 -23 -24 -3 -6 -27 29 -29 -28
right_child=4 24 -4 -5 8 -7 -8 -9 9 11 -12 16 13 14 -16 21 17 18 -20 -21 -22 22 23 -25 -26 26 27 28 -30 -31
leaf_value=-0.033886337891778737 0.028832661509575693 -0.01187069663453969 0.035213891835580144 0.0091563559123374067 0.010651068039170781 -0.0076303496418290446 0.039145148793480813 0.0034281644924028941 0.012341594062024269 0.02671437374753623 -0.054840272985678236 0.023494668628187217 0.0023340492486503819 -0.03733495357792329 -0.038157118309804977 -0.012325008358566049 -0.025134438424968372 0.026107017269040134 0.034376912706058672 -0.010236887960763805 -0.032934530970458932 -0.023896919252773617 0.041316413991333761 0.0015861871972068732 0.013051537969506914 -0.033755635757592536 -0.0040371474058090596 -0.044929780562579152 0.0043350568662368933 0.0097674771931721797
leaf_weight=5.1357466131448772 12.711463138461111 126.70137192308903 7.1463451087474814 10.528513997793196 115.02398499846458 13.028477698564528 8.4593442380428296 28.199061870574951 6.6934482902288455 8.6252631992101652 6.9460346996784201 6.7549399733543387 92.837278127670288 5.2541288137435904 8.5751976221799833 22.058259651064873 16.118001461029053 5.0198762267827979 6.1452633887529364 40.430963754653931 4.6657404005527496 4.8350448161363628 7.598881393671034 6.2114320546388626 8.8985864967107755 5.5247882753610602 41.049438253045082 6.2240391075611141 10.830742806196211 90.137178629636765
leaf_count=22 63 571 30 45 510 58 39 124 29 38 29 30 395 22 37 92 69 22 28 174 20 20 33 26 39 24 176 26 47 404
internal_value=0.000124379 -0.00766282 0.00762899 -0.00495579 0.00225138 0.0111366 0.0160891 0.0113217 0.00118016 -0.00532103 -0.0246912 -0.00105388 0.0027642 -0.00251259 -0.0107635 -0.0056522 -0.0042701 -0.00703982 -0.00138728 -0.00622284 -0.00625539 -0.00156251 0.01117 0.023447 -0.0102352 0.00565732 0.00192178 0.00325144 -0.0136438 0.00544789
internal_weight=738.369 158.411 22.8106 15.6643 579.958 62.3983 49.3699 40.9105 517.56 101.4 18.3052 83.0943 416.16 147.37 54.5329 45.9577 74.469 67.7141 51.5961 45.4508 11.3592 40.7036 18.6454 13.8103 135.6 268.79 153.766 148.241 17.0548 131.187
internal_count=3242 707 97 67 2535 284 226 187 2251 439 78 361 1812 625 230 193 323 293 224 196 49 171 79 59 610 1187 677 653 73 580
is_linear=0
shrinkage=0.03


Tree=62
num_leaves=31
num_cat=0
split_feature=84 90 40 40 90 67 36 75 45 14 30 42 76 42 8 66 84 72 29 74 67 67 32 66 19 33 32 80 11 63
split_gain=13.5326 7.24601 8.01992 7.21061 6.67459 7.79614 6.64471 6.02971 14.5356 7.5293 9.00543 9.24369 7.8848 7.12729 7.22907 7.06271 7.51452 7.1003 6.82074 10.2188 10.5004 6.4469 7.20548 7.68387 6.31788 6.77933 6.18881 6.11969 6.07163 12.156
threshold=3.5000000000000004 -1.0000000180025095e-35 0.15500000000000003 0.14500000000000005 -0.05000000000000026 33.250000000000007 67.800000000000026 31.650000000000002 7.205000000000001 0.16500000000000004 2.5000000000000004 37.050000000000004 45.900000000000006 47.550000000000004 55.850000000000001 0.15500000000000003 2.5000000000000004 41.550000000000004 53.750000000000007 4.3650000000000011 35.550000000000004 28.950000000000003 6.1950000000000012 0.17500000000000002 3.7650000000000001 37.650000000000013 6.4650000000000007 37.350000000000001 60.100000000000009 39.150000000000013
decision_type=2 2 2 2 2 2 2 2 2 2 2 2 2 2 2 2 2 2 2 2 2 2 2 2 2 2 2 2 2 2
left_child=6 2 3 -2 -4 -6 7 8 15 12 11 -11 -9 -13 -15 -1 17 18 28 27 -21 22 23 -14 -18 -26 -24 -20 29 -17
right_child=1 -3 4 -5 5 -7 -8 9 -10 10 -12 13 21 14 -16 16 24 -19 19 20 -22 -23 26 -25 25 -27 -28 -29 -30 -31
leaf_value=-0.0063946912281823689 0.012796849920018359 -0.0073725676177031317 -0.012049057357291072 -0.025187991025019701 0.005107450318091452 0.046228773571601545 -0.024724575233440231 0.039011802600885298 -0.049809494174098863 -0.028779804163158947 -0.030204663200176618 0.026422669940101527 -0.019988950195312102 0.018331249352937042 -0.011626974222160602 0.018247292926497974 0.023641310834325212 0.034812631964907574 -0.0027375432700997133 -0.001767769977861159 -0.062149852819423222 0.013480641651460457 0.043547477673381095 0.016769689379947161 -0.019110717840420982 0.003385302715280336 -9.6914303807384998e-05 0.030409524532694784 0.020225576730588599 -0.012963215450710747
leaf_weight=71.573144063353539 8.1431463211774826 225.91553308069706 4.8790184110403088 10.04707396030426 7.5140245407819775 9.2667577862739545 7.560461461544036 8.6168982535600644 5.0483668446540824 6.9931811839342108 8.4428348988294584 13.574737101793287 18.847564548254017 12.019513145089151 18.265748858451843 24.645942240953445 6.3026018887758246 8.7192362695932371 18.895172104239467 5.7237521558999997 4.7371798455715179 98.055338457226753 5.0140873938798887 7.0259265303611746 25.076064512133598 23.220829904079437 7.0152292549610138 6.8229082822799674 38.537678316235542 20.634612396359444
leaf_count=314 35 987 21 43 32 39 32 40 21 29 36 59 83 50 79 109 26 41 84 25 20 444 24 32 104 99 32 31 181 90
internal_value=0.00012131 -0.00529209 0.00650243 -0.00818346 0.0188359 0.0278156 0.00317347 0.00362824 0.000598928 0.00749063 -0.00151169 0.00325202 0.0111828 0.00835928 0.000262745 0.00159732 0.00471769 0.00867363 0.00677432 -0.00411228 -0.0291115 0.00941907 -0.0010883 -0.0100072 -0.00460829 -0.00829478 0.018095 0.00605625 0.0114734 0.00402448
internal_weight=737.135 265.766 39.85 18.1902 21.6598 16.7808 471.369 463.809 259.937 203.871 59.296 50.8532 144.575 43.86 30.2853 254.889 183.316 128.716 119.997 36.179 10.4609 135.958 37.9028 25.8735 54.5995 48.2969 12.0293 25.7181 83.8182 45.2806
internal_count=3242 1157 170 78 92 71 2085 2053 1145 908 253 217 655 188 129 1124 810 581 540 160 45 615 171 115 229 203 56 115 380 199
is_linear=0
shrinkage=0.03


Tree=63
num_leaves=31
num_cat=0
split_feature=84 90 40 40 90 67 36 37 8 81 7 61 10 9 76 12 58 74 29 86 66 69 49 75 80 23 23 20 20 86
split_gain=12.7564 6.82712 7.56504 6.79933 6.30152 7.40801 6.24037 7.08753 8.80903 6.30528 5.52827 5.57394 7.62046 11.2904 8.4014 10.3117 8.6855 8.36821 7.34052 8.13681 6.97372 6.64952 6.16919 6.098 5.86164 5.73559 5.45068 8.24634 8.78909 11.2509
threshold=3.5000000000000004 -1.0000000180025095e-35 0.15500000000000003 0.14500000000000005 -0.05000000000000026 33.250000000000007 67.800000000000026 69.90000000000002 58.95000000000001 66.15000000000002 17.550000000000004 3.2050000000000005 41.250000000000007 5.6850000000000014 65.550000000000011 6.7250000000000005 5.7750000000000012 6.9500000000000011 49.45000000000001 3.5000000000000004 0.14500000000000005 2.5000000000000004 30.500000000000004 35.050000000000004 24.850000000000005 35.050000000000004 43.350000000000001 39.050000000000004 43.250000000000007 4.5000000000000009
decision_type=2 2 2 2 2 2 2 2 2 2 2 2 2 2 2 2 2 2 2 2 2 2 2 2 2 2 2 2 2 2
left_child=6 2 3 -2 -4 -6 7 9 -9 26 -3 18 13 14 15 24 -16 21 -12 -20 -15 -14 23 -17 -13 -24 -1 -28 29 -29
right_child=1 10 4 -5 5 -7 -8 8 -10 -11 11 12 17 20 16 22 -18 -19 19 -21 -22 -23 25 -25 -26 -27 27 28 -30 -31
leaf_value=0.0047973539005590395 0.012422425959742186 -0.017589038875089887 -0.011696465000365249 -0.024490083482761913 0.0049539144793837387 0.045085940361347103 -0.023907588913600866 -0.0051879053563323738 0.021917772694498218 -0.017305780153292559 -0.029081681210231389 0.017464397606523286 -0.011768179517729589 -0.005158051344946445 -0.03726066225043477 0.033423376298698793 -0.00014696963175625112 0.014937239727584891 -0.030299309492494351 0.014053050414556194 0.037141774360123975 -0.044949956719987548 0.014592457937233386 0.0012936064330409463 -0.014086037679564411 -0.017117391182491556 0.009464254609762638 -0.0064965131014489488 -0.002887071635795184 -0.056302519470211053
leaf_weight=308.16745620965958 8.1370240449905396 38.034174054861069 4.8753700107336071 10.023742690682411 7.5144913196563747 9.2173394411802274 7.5838894844055167 15.275723889470099 36.752573668956757 14.382970318198202 18.139913022518158 6.2430265843868247 13.834774926304821 5.1065260320901897 11.594501197338106 15.121581777930261 11.11574964225292 6.0303426980972281 5.7110361605882671 10.692971736192701 11.203926816582678 8.9528133869171143 10.8549811989069 8.1988877505063993 35.073612615466118 9.7402447462081891 28.964582592248917 9.180119529366495 42.79601289331913 7.350251004099845
leaf_count=1361 35 185 21 43 32 39 32 66 173 62 80 26 58 21 50 64 47 25 25 46 47 37 46 35 152 43 131 41 188 31
internal_value=0.000118612 -0.00514009 0.006321 -0.00795125 0.0183168 0.0270621 0.00308543 0.00352769 0.0139594 0.00220663 -0.00715997 -0.00504574 -0.00258928 0.000634332 -0.00288094 0.00143932 -0.019095 -0.0164884 -0.0159308 -0.00138817 0.0238984 -0.0248047 0.0115606 0.0221274 -0.0093187 -0.000404304 0.00291452 -0.00365726 -0.0100635 -0.0286428
internal_weight=735.871 265.417 39.768 18.1608 21.6072 16.7318 470.454 462.87 52.0283 410.841 225.649 187.615 153.071 124.253 107.943 85.2323 22.7103 28.8179 34.5439 16.404 16.3105 22.7876 43.9157 23.3205 41.3166 20.5952 396.458 88.291 59.3264 16.5304
internal_count=3242 1157 170 78 92 71 2085 2053 239 1814 987 802 651 531 463 366 97 120 151 71 68 95 188 99 178 89 1752 391 260 72
is_linear=0
shrinkage=0.03


Tree=64
num_leaves=31
num_cat=0
split_feature=84 61 67 86 36 37 8 81 50 54 68 42 16 29 86 16 37 67 6 45 71 67 60 42 34 54 51 50 49 89
split_gain=12.0318 6.31634 6.0856 6.28992 5.86077 6.71899 8.37434 5.92175 5.47469 5.73587 6.1964 6.1633 5.42497 5.65628 5.761 6.34608 5.35954 5.46333 8.90654 9.7267 7.23486 7.02151 6.98249 5.93294 9.45773 5.47384 5.35431 5.79411 11.7822 5.88767
threshold=3.5000000000000004 3.4050000000000007 37.95000000000001 3.5000000000000004 67.800000000000026 69.90000000000002 58.95000000000001 66.15000000000002 37.45000000000001 31.350000000000005 61.45000000000001 51.050000000000004 58.750000000000007 51.45000000000001 3.5000000000000004 49.900000000000006 68.850000000000009 26.750000000000004 5.6450000000000005 4.705000000000001 4.6450000000000005 27.450000000000003 53.95000000000001 52.150000000000013 58.350000000000001 31.350000000000005 6.6650000000000009 65.65000000000002 53.750000000000007 2.5000000000000004
decision_type=2 2 2 2 2 2 2 2 2 2 2 2 2 2 2 2 2 2 2 2 2 2 2 2 2 2 2 2 2 2
left_child=4 12 26 -4 5 7 -7 16 -5 -10 11 -11 13 -2 -15 -16 17 18 20 -20 -1 -19 -21 24 -24 -22 -3 -28 -29 -30
right_child=1 2 3 8 -6 6 -8 -9 9 10 -12 -13 -14 14 15 -17 -18 21 19 22 25 -23 23 -25 -26 -27 27 28 29 -31
leaf_value=-0.036885550738972733 -0.025730670637356626 -0.023843069447956063 -0.028284807550163747 -0.025018025463081708 -0.023126028288607908 -0.0050289356865583666 0.021422584813648941 -0.016741320460874135 0.028315684355680451 -0.017129908832973391 -0.031686681085649933 0.029306100079858635 0.011256407481444819 -0.027788753813558508 -0.011807263746161891 0.032086834677137029 -0.029259722176396673 0.03001459623021982 0.022237066664417736 0.0066289533951542469 0.015459178444630024 0.0041940519517929082 -0.049563206814019704 0.0074629461739061514 1.8499730054919025e-05 -0.026973638247655456 0.004087820631974136 -0.02893903803236747 0.021383682277292319 -0.019007864699892265
leaf_weight=11.201908349990847 29.598225995898247 8.0370296686887723 14.973928302526472 8.4620135724544543 7.6046595722436896 15.285692378878592 36.478251218795776 14.421278193593023 6.025054499506953 4.8206558972597104 5.5334262251853934 5.5158745050430298 6.6681203395128241 6.2824124991893795 6.6820741891860944 5.3281262665987015 4.6296291500329962 9.7860066443681699 16.112388238310814 21.543420061469078 6.3714902848005277 301.69714167714119 8.1404068768024462 5.8387609273195258 6.0252959281206122 4.7953440845012665 126.42690505087376 15.386029809713365 10.157794326543806 4.774563491344451
leaf_count=47 133 37 65 37 32 66 173 62 26 21 24 23 30 28 29 23 20 44 74 99 27 1334 34 26 27 20 549 66 45 21
internal_value=0.000115188 -0.00500073 -0.00263913 -0.0123734 0.00299654 0.00342623 0.0136116 0.00214206 -0.00452495 0.00339525 -0.00606583 0.0076497 -0.0140955 -0.0176254 -0.00451082 0.00766563 0.00282949 0.00320895 -0.00378256 0.00245097 -0.0198508 0.00500527 -0.00522213 -0.0179849 -0.0284739 -0.00276263 3.87356e-05 0.00126326 -0.0105151 0.00846864
internal_weight=734.604 264.672 210.113 45.331 469.932 462.327 51.7639 410.563 30.357 21.895 15.87 10.3365 54.559 47.8908 18.2926 12.0102 396.142 391.512 80.029 57.6603 22.3687 311.483 41.5479 20.0045 14.1657 11.1668 164.782 156.745 30.3184 14.9324
internal_count=3242 1157 914 196 2085 2053 239 1814 131 94 68 44 243 213 80 52 1752 1732 354 260 94 1378 186 87 61 47 718 681 132 66
is_linear=0
shrinkage=0.03


Tree=65
num_leaves=31
num_cat=0
split_feature=53 42 51 6 79 62 49 20 45 9 53 6 60 55 71 8 58 29 84 81 81 23 12 60 32 72 50 9 6 38
split_gain=7.09017 6.13509 8.05802 6.1269 10.8496 6.15482 6.2933 4.8615 4.69202 6.63452 7.76194 6.33337 6.02986 12.0237 8.56127 7.10737 6.77608 6.44096 6.6487 6.41095 6.37806 5.95924 9.08335 6.02905 5.92359 5.84562 5.72973 5.71413 5.65578 5.41726
threshold=0.12500000000000003 53.95000000000001 6.785000000000001 3.5350000000000006 0.17500000000000002 7.4500000000000011 38.050000000000004 27.250000000000004 7.0450000000000008 6.955000000000001 0.14500000000000005 6.4250000000000007 42.95000000000001 57.250000000000007 6.9350000000000014 63.850000000000001 2.0750000000000006 51.45000000000001 2.5000000000000004 54.95000000000001 1.0000000180025095e-35 23.900000000000002 6.7950000000000008 64.950000000000017 5.6650000000000009 52.750000000000007 65.050000000000011 5.4650000000000007 4.745000000000001 6.7150000000000007
decision_type=2 2 2 2 2 2 2 2 2 2 2 2 2 2 2 2 2 2 2 2 2 2 2 2 2 2 2 2 2 2
left_child=1 2 -1 4 -2 6 7 -5 11 10 -10 12 13 15 21 16 17 18 -7 -15 -18 22 23 26 -12 29 -14 -22 -24 -23
right_child=3 -3 -4 5 -6 8 -8 -9 9 -11 24 -13 14 19 -16 -17 20 -19 -20 -21 27 25 28 -25 -26 -27 -28 -29 -30 -31
leaf_value=-0.040721361959456588 -0.031599908180799829 0.010022943060151768 0.0076423598464182251 -0.0075913781998231799 0.012836417352195416 0.0041571514613070217 0.011537697072241972 -0.047898618187678224 -0.037074088138605625 0.012166344824565453 -0.022682910833948487 0.0080318180604161109 -0.0010129056700810125 0.029817377346761469 -0.023889036024592251 -0.022573963147657944 0.036740408654534908 0.0077945728691383685 -0.03856434869838854 -0.0037000797819714158 -0.00035120755298636007 -0.011848797091963011 0.0026458984295978823 -0.020058778125311788 0.020242527169132902 0.035042689033943301 0.029695089622458627 0.012916809235263785 -0.034765038661566404 0.0025862192747851767
leaf_weight=10.73298127949238 13.179219782352449 5.5975364148616782 4.3599917292594901 4.9030201286077482 7.9151047170162192 5.0161683708429363 4.7902336716651908 5.9748378694057465 10.474344059824949 9.0303206741809827 5.8438277542591077 142.74475210905075 29.347333297133446 23.55562993884087 14.792556971311567 10.036987259984015 5.8788999319076529 9.7303999066352826 9.4648334830999357 6.5680409371852866 75.879182562232018 26.280111983418465 4.8181564509868648 11.719232022762297 5.7305952608585358 4.6282766014337531 6.7209451347589484 47.501119583845139 14.835220098495482 213.39115431904793
leaf_count=46 65 25 20 21 37 22 21 26 44 40 25 670 127 103 63 44 26 43 41 28 324 114 21 50 25 20 29 208 63 923
internal_value=0.000516361 -0.0168018 -0.0267503 0.00100671 -0.0149263 0.00148031 -0.0171137 -0.0297308 0.00190011 -0.00949237 -0.0183629 0.00243422 0.000898112 0.00509261 -0.00158919 0.00188385 0.0034834 -0.0110819 -0.0237658 0.0225094 0.0062116 -0.000531029 -0.00842544 -0.0013648 -0.00143016 0.00164829 0.00470921 0.00475695 -0.0255935 0.00100341
internal_weight=751.441 20.6905 15.093 730.751 21.0943 709.656 15.6681 10.8779 693.988 31.0791 22.0488 662.909 520.164 193.631 326.533 163.508 153.471 24.2114 14.481 30.1237 129.259 311.74 67.4409 47.7875 11.5744 244.3 36.0683 123.38 19.6534 239.671
internal_count=3314 91 66 3223 102 3121 68 47 3053 134 94 2919 2249 839 1410 708 664 106 63 131 558 1347 290 206 50 1057 156 532 84 1037
is_linear=0
shrinkage=0.03


Tree=66
num_leaves=31
num_cat=0
split_feature=0 90 41 68 60 73 54 34 41 67 80 11 37 10 41 60 60 90 64 54 64 33 42 29 89 11 55 46 8 41
split_gain=11.5227 10.0417 9.42535 7.47409 6.79615 6.80472 10.5185 8.1068 6.66876 9.65879 6.16361 7.10973 6.64698 6.69723 6.30733 6.07053 6.95822 6.49552 7.94376 6.03806 7.86664 7.25572 8.11029 6.97166 10.2759 7.00787 6.96008 6.88459 7.166 6.17593
threshold=5.5000000000000009 -0.010000000000000229 38.550000000000004 41.250000000000007 1.6500000000000001 58.750000000000007 48.150000000000013 25.950000000000003 21.150000000000002 26.950000000000003 23.050000000000004 62.95000000000001 81.850000000000009 32.250000000000007 43.250000000000007 21.350000000000005 28.050000000000004 0.044999999999999936 6.6950000000000012 33.95000000000001 6.705000000000001 41.650000000000013 61.550000000000004 49.750000000000007 3.5000000000000004 74.750000000000014 48.850000000000001 38.850000000000001 46.350000000000001 37.150000000000013
decision_type=2 2 2 2 2 2 2 2 2 2 2 2 2 2 2 2 2 2 2 2 2 2 2 2 2 2 2 2 2 2
left_child=1 2 -1 -2 -3 6 19 -7 -9 -10 11 -5 13 -12 -15 -11 -17 -18 -19 21 -21 22 -6 24 -22 29 27 28 -23 -25
right_child=3 4 -4 10 5 7 -8 8 9 15 12 -13 -14 14 -16 16 17 18 -20 20 23 26 -24 25 -26 -27 -28 -29 -30 -31
leaf_value=0.020553316698008132 -0.01708929379165057 -0.022631901833117238 -0.0089980280156192246 0.027415218697284582 0.0014911960237419561 -0.031490683747338745 0.03739510794622633 -0.021274725319751844 0.018552871475436234 -0.036650723732183359 -0.0095113048646827993 -0.015519335619960765 -0.037129005876126671 0.004879798229652719 -0.021764372092461286 0.034484275766166098 0.0023446404538681326 0.021181862583964085 -0.019396784379900649 -0.027270912881877333 0.016982027824530198 -0.013211555130411562 0.033225913240108908 0.0039573214161493838 -0.017675467558641009 -0.040608263085672419 0.0360945738782621 -0.011179276253809954 0.028605555042813632 -0.0166035040738279
leaf_weight=47.771964937448502 38.583366960287094 10.278031095862387 12.19297172129154 11.795922353863718 107.47866816818714 8.4984411001205427 8.6264505684375745 13.732254192233084 22.616850301623344 4.6105121821165076 81.452614843845367 4.9186362177133551 5.3740122765302649 82.869828313589096 8.8501597046852094 4.6289251446723929 67.30425488948822 5.0720381289720526 30.158657923340797 9.6445456892251951 37.119333043694496 4.7166590988636079 7.7719628512859336 41.014504864811897 9.7146604657173139 4.7153280824422827 13.273409426212309 9.4744747877120954 16.914081409573555 19.351758375763893
leaf_count=225 168 46 55 50 472 37 38 60 101 21 359 21 23 356 37 20 301 22 130 42 170 21 34 179 42 21 60 42 76 85
internal_value=0.000501574 0.00300231 0.0145445 -0.00502381 0.00148687 0.00204214 0.00476491 -0.00299613 -0.00136128 0.0006735 -0.00263969 0.0147808 -0.0042705 -0.00325081 0.00230887 -0.00294428 -0.00149413 -0.00311837 -0.0135548 0.00376387 -0.00127382 0.00760014 0.00363124 0.000966529 0.00979311 -0.00538525 0.0179073 0.0101464 0.0194872 -0.00263391
internal_weight=750.525 516.681 59.9649 233.845 456.716 446.438 289.816 156.622 148.123 134.391 195.261 16.7146 178.547 173.173 91.72 111.774 107.164 102.535 35.2307 281.189 121.56 159.629 115.251 111.916 46.834 65.0816 44.3786 31.1052 21.6307 60.3663
internal_count=3314 2300 280 1014 2020 1974 1282 692 655 595 846 71 775 752 393 494 473 453 152 1244 539 705 506 497 212 285 199 139 97 264
is_linear=0
shrinkage=0.03


Tree=67
num_leaves=31
num_cat=0
split_feature=0 68 21 60 41 6 80 61 25 68 11 34 20 20 24 42 47 54 84 15 49 34 68 41 55 53 73 89 41 9
split_gain=10.8555 7.03611 6.93517 6.49057 5.90948 8.82945 8.25415 6.64857 7.27244 5.86516 5.65813 5.61194 7.0266 9.45058 8.47394 8.07692 7.0157 10.495 8.48393 7.26672 6.98133 6.74964 6.08732 6.06298 5.6066 5.19144 6.75444 6.08526 7.09555 9.65152
threshold=5.5000000000000009 41.250000000000007 38.250000000000007 1.6500000000000001 27.050000000000004 6.1050000000000013 23.050000000000004 7.2550000000000008 6.995000000000001 49.550000000000004 46.750000000000007 55.050000000000004 46.550000000000004 35.650000000000013 51.550000000000004 59.550000000000004 41.550000000000004 34.350000000000001 2.5000000000000004 32.050000000000004 31.300000000000001 61.250000000000007 51.95000000000001 35.95000000000001 25.950000000000003 0.12500000000000003 60.250000000000007 2.5000000000000004 38.050000000000004 5.9350000000000014
decision_type=2 2 2 2 2 2 2 2 2 2 2 2 2 2 2 2 2 2 2 2 2 2 2 2 2 2 2 2 2 2
left_child=3 2 10 -1 5 -3 9 8 11 -6 -2 12 13 14 15 16 19 18 -18 -8 -14 -13 23 -15 -4 26 -5 28 -27 -30
right_child=1 4 24 25 6 -7 7 -9 -10 -11 -12 21 20 22 -16 -17 17 -19 -20 -21 -22 -23 -24 -25 -26 27 -28 -29 29 -31
leaf_value=-0.018575142416134859 -0.016158448660103044 -0.024804631857795464 -0.0064488522900658712 0.002294107992799564 -0.0002336051033851342 0.011882182489291803 -0.0081859507855883556 0.024063398618723905 0.016938337916431765 0.041677629013931163 0.02920151941244619 -0.027493551865661301 -0.0046312237826154684 -0.025897669656689912 0.027994514926479804 -0.039467771616744189 0.030773487498747778 -0.034638875713528264 -0.015440320351143576 0.041304865681282672 0.043549737015024292 -0.0052027235404184576 -0.042104468575533467 0.018205663283065405 -0.034084285855328224 0.0086474649509242184 -0.041633964293938702 -0.00087603249469283672 -0.010122751861251623 0.012034062822228481
leaf_weight=12.343237683176993 5.3072020113468152 21.750705033540729 10.352060109376909 7.9322188198566419 5.3324273377656919 8.1039020121097547 4.4894121736288053 8.187378838658331 13.863293275237082 6.8854563981294632 4.6377439498901367 19.52604778110981 4.9909269958734495 6.96690481901169 9.5600385069847089 4.9178642928600302 7.1638637632131594 8.337039038538931 7.1368543952703476 6.589008167386055 5.9137050062417984 32.699204996228218 8.0102699995040876 4.6964417994022369 18.263588666915894 255.63206896185875 5.2256061583757401 159.23398476839066 47.213184222579002 28.299645781517029
leaf_count=55 23 94 45 36 23 36 20 36 59 29 20 84 22 31 42 21 32 36 31 28 25 143 34 20 80 1156 22 693 204 134
internal_value=0.000487613 -0.00487659 -0.0165866 0.00291747 -0.00256242 -0.0148462 -0.000343418 -0.00223772 -0.00372423 0.0233857 0.0049948 -0.00591092 -0.00085501 -0.00444655 0.00270605 -0.00355161 0.00168715 -0.00788611 0.00771022 0.0212492 0.0214979 -0.0135368 -0.0219681 -0.00813872 -0.0240868 0.00344432 -0.0151518 0.00394329 0.00626071 -0.00181913
internal_weight=749.561 233.681 38.5606 515.88 195.121 29.8546 165.266 153.048 144.861 12.2179 9.94495 130.998 78.7723 67.8677 48.1941 38.634 33.7162 22.6378 14.3007 11.0784 10.9046 52.2253 19.6736 11.6633 28.6156 503.537 13.1578 490.379 331.145 75.5128
internal_count=3314 1014 168 2300 846 130 716 664 628 52 43 569 342 295 210 168 147 99 63 48 47 227 85 51 125 2245 58 2187 1494 338
is_linear=0
shrinkage=0.03


Tree=68
num_leaves=31
num_cat=0
split_feature=0 68 21 42 58 33 14 36 58 58 22 50 59 23 50 27 21 23 49 49 22 17 28 79 11 6 55 54 47 89
split_gain=10.2311 6.63826 6.53807 5.96766 6.21958 6.35503 6.08262 6.67231 5.8017 8.13426 8.76209 12.2526 7.08381 5.88458 5.58472 7.48261 5.90373 5.77727 6.60329 5.53759 5.35802 5.60817 6.17934 5.35042 5.34397 5.32777 5.09833 11.126 5.01404 5.54749
threshold=5.5000000000000009 41.250000000000007 38.250000000000007 76.750000000000014 1.885 40.95000000000001 0.17500000000000002 23.550000000000004 6.6350000000000007 6.785000000000001 5.205000000000001 70.850000000000009 52.150000000000013 25.650000000000002 56.250000000000007 0.19500000000000003 72.250000000000014 52.650000000000013 35.550000000000004 38.95000000000001 6.8850000000000007 2.5000000000000004 32.050000000000004 0.17500000000000002 46.750000000000007 6.455000000000001 47.050000000000004 29.350000000000005 4.3500000000000005 2.5000000000000004
decision_type=2 2 2 2 2 2 2 2 2 2 2 2 2 2 2 2 2 2 2 2 2 2 2 2 2 2 2 2 2 2
left_child=3 2 24 4 5 6 7 -1 28 12 13 23 -10 -11 16 17 20 18 -16 -20 21 -3 -23 -12 -2 -4 27 -21 -6 -30
right_child=1 14 25 -5 8 -7 -8 -9 9 10 11 -13 -14 -15 15 -17 -18 -19 19 26 -22 22 -24 -25 -26 -27 -28 -29 29 -31
leaf_value=-0.0161421689746475 -0.015706649926710975 -0.0017390676473103672 -0.029880702366880403 0.034412474935719015 -0.020537771479945337 -0.041193739671056301 -0.030387235772755497 0.032350762936966482 -0.035280966843342212 0.002027956481297341 0.014574713516247834 -0.021634994290347941 0.0064737766555667689 -0.037631657940370759 -0.041758442380936706 0.024568953398159184 0.034378439279166444 0.014954952544473665 0.017583597881706561 -0.021294574938593928 -0.023253796599146608 0.030537839409112626 -0.000184190718396579 0.05153009211878419 0.028447001922977829 0.0025622497081150305 -0.021786096451760512 0.034117738413582573 0.0072033955586822103 -0.00017869225606575133
leaf_weight=4.7939665168523806 5.2962344586849195 89.969007298350334 22.863977223634723 5.3298595100641242 7.1243337094783774 5.5048957020044318 5.1044664978981009 5.4644621461629868 12.218983918428423 6.4675213694572431 17.755713209509857 7.8838079422712317 5.2185155153274527 7.0239732712507248 7.407131925225257 5.3724433332681647 4.6598309874534598 6.2898625135421744 5.3024915456771842 8.3749714195728284 8.3288839757442457 11.425344079732897 12.167187929153441 4.3996178209781638 4.6182276159524918 5.6891775131225577 30.092169165611267 5.3408038020133963 286.40056270360947 134.71147267520428
leaf_count=21 23 388 100 24 31 25 23 25 54 28 80 35 23 30 32 23 20 27 23 37 37 52 54 20 20 25 129 24 1295 586
internal_value=0.000473647 -0.00474033 -0.0161285 0.00283275 0.00250277 -0.0135368 -0.00362667 0.00968906 0.00318696 -0.00547156 0.00146387 0.010484 -0.022785 -0.0186197 -0.00249067 -0.0094123 0.00123841 -0.012319 -0.0153543 -0.0113719 -2.85184e-05 0.00167488 0.0146938 0.0219133 0.00486044 -0.0234165 -0.0148767 0.000282499 0.00441968 0.00484191
internal_weight=748.6 233.198 38.4676 515.402 510.072 20.8678 15.3629 10.2584 489.205 60.9681 43.5306 30.0391 17.4375 13.4915 194.73 68.1799 126.55 62.8074 56.5176 49.1104 121.89 113.562 23.5925 22.1553 9.91446 28.5532 43.8079 13.7158 428.236 421.112
internal_count=3314 1014 168 2300 2276 94 69 46 2182 270 193 135 77 58 846 295 551 272 245 213 531 494 106 100 43 125 190 61 1912 1881
is_linear=0
shrinkage=0.03


Tree=69
num_leaves=31
num_cat=0
split_feature=0 67 42 58 33 14 58 58 22 50 23 37 61 85 20 67 24 54 9 10 37 46 75 10 6 19 76 22 89 20
split_gain=9.64069 6.05313 5.66795 5.87516 6.01819 5.758 5.46273 7.62844 8.25948 11.5693 5.54387 5.20362 5.20214 5.33125 14.8883 5.37524 5.92716 7.37097 6.48478 8.18321 6.09403 5.68293 5.36098 5.13346 5.99306 7.67789 5.81312 5.42984 5.48842 7.77942
threshold=5.5000000000000009 28.750000000000004 76.750000000000014 1.885 40.95000000000001 0.17500000000000002 6.6350000000000007 6.785000000000001 5.205000000000001 70.850000000000009 25.650000000000002 53.350000000000001 7.3150000000000004 1.5000000000000002 40.550000000000004 37.95000000000001 69.65000000000002 36.350000000000001 5.2950000000000008 45.350000000000001 47.150000000000013 32.750000000000007 16.850000000000005 64.950000000000017 6.9250000000000007 7.2650000000000006 57.550000000000004 7.5650000000000004 2.5000000000000004 37.250000000000007
decision_type=2 2 2 2 2 2 2 2 2 2 2 2 2 2 2 2 2 2 2 2 2 2 2 2 2 2 2 2 2 2
left_child=2 -2 3 4 5 -1 23 11 10 -10 -9 -8 13 14 -3 16 17 18 20 -20 -15 -19 -17 24 25 27 -25 28 29 -5
right_child=1 12 -4 6 -6 -7 7 8 9 -11 -12 -13 -14 15 -16 22 -18 21 19 -21 -22 -23 -24 26 -26 -27 -28 -29 -30 -31
leaf_value=0.0094455052873595666 -0.012884681088275349 0.018092923822272074 0.033652216907805829 0.003448097911042012 -0.040197706261440133 -0.029655800803166727 -0.04229459988050225 0.001967276218359423 0.021365192820893095 -0.020961549240189614 -0.036536279147659542 -0.0088145720704844131 0.022748090490240191 -0.018688193892036326 -0.037254264354784905 -0.043587382803684363 0.020703375173548224 -0.0033445061582121657 0.030453656338434911 -0.010340243542982437 0.0065010851528018252 -0.031094405118671734 -0.010289239576590272 -0.031620323982624939 0.017902396188012263 -0.033455268638629715 0.011955054476328645 -0.018636173763090864 -0.00044001553724293718 0.014392181075003507
leaf_weight=10.209790125489237 59.249969124794006 25.149625465273861 5.2874072790145865 162.92525592446327 5.4725483357906333 5.0739182680845252 6.9082597345113781 6.4670077711343747 22.044537201523784 7.8928399085998526 7.0176071524620056 10.571933329105375 7.4486111104488364 16.30929496884346 5.2951285988092414 4.8809718936681739 9.8898292332887632 13.656819984316828 12.735240966081621 6.7826949656009665 18.39176718890667 12.930596157908438 40.120793327689171 7.3399991989135724 29.3938217908144 4.9021351188421241 4.4111763685941696 9.0457978993654233 118.65339535474777 91.165709108114243
leaf_count=46 259 112 24 730 25 23 30 28 100 35 30 47 33 73 22 21 43 58 55 29 79 57 173 33 145 21 21 40 513 409
internal_value=0.000460189 -0.00460523 0.00275133 0.00243065 -0.0132017 -0.00353543 0.00309454 -0.00531187 0.00142473 0.010206 -0.0180706 -0.022046 -0.0017793 -0.00287893 0.00846662 -0.00542438 -0.00121854 -0.00390154 0.00244333 0.0162773 -0.00533773 -0.0168405 -0.0139008 0.00429118 0.00484343 0.00385077 -0.0152629 0.00432978 0.00488712 0.00737474
internal_weight=747.624 232.841 514.783 509.496 20.7563 15.2837 488.739 60.9022 43.422 29.9374 13.4846 17.4802 173.591 166.143 30.4448 135.698 90.6962 80.8064 54.219 19.5179 34.7011 26.5874 45.0018 427.837 416.086 386.692 11.7512 381.79 372.744 254.091
internal_count=3314 1014 2300 2276 94 69 2182 270 193 135 58 77 755 722 134 588 394 351 236 84 152 115 194 1912 1858 1713 54 1692 1652 1139
is_linear=0
shrinkage=0.03


Tree=70
num_leaves=31
num_cat=0
split_feature=14 90 51 0 67 41 36 60 34 90 7 73 61 37 32 42 41 45 11 81 48 22 55 22 6 6 67 42 23 20
split_gain=10.2321 7.3363 8.09863 7.06543 8.61396 6.62632 6.40301 10.3679 7.99606 7.22557 8.10155 7.98985 9.09139 8.56262 6.69697 5.97365 6.14618 11.0273 8.53049 7.21078 8.39098 6.62315 6.53608 6.25985 8.25557 6.36848 5.81366 5.35005 5.4472 6.42704
threshold=0.14500000000000005 0.039999999999999598 7.0850000000000009 5.5000000000000009 23.350000000000005 36.350000000000001 15.500000000000002 33.500000000000007 35.050000000000004 -0.010000000000000229 18.250000000000004 57.050000000000004 4.3250000000000011 39.850000000000009 5.0650000000000004 50.45000000000001 41.45000000000001 6.0850000000000009 55.550000000000004 58.550000000000004 3.3400000000000003 5.3350000000000009 52.250000000000007 5.995000000000001 5.6450000000000005 6.1550000000000011 22.950000000000003 50.250000000000007 42.350000000000001 32.650000000000013
decision_type=2 2 2 2 2 2 2 2 2 2 2 2 2 2 2 2 2 2 2 2 2 2 2 2 2 2 2 2 2 2
left_child=-1 2 3 5 -5 6 7 -2 -9 14 -11 -12 -13 -14 -8 -7 17 18 21 20 -18 22 -17 24 -20 -26 -3 28 29 -15
right_child=1 26 -4 4 -6 15 9 8 -10 10 11 12 13 27 -16 16 19 -19 23 -21 -22 -23 -24 -25 25 -27 -28 -29 -30 -31
leaf_value=0.006734240533118406 0.021060660844806279 0.0066711624059870387 0.035827458911934298 -0.028171890833355927 -0.0032145660137600407 0.019214295578663856 0.040899622506674567 0.0013886606662756593 -0.047459233620374186 -0.019388019900516067 0.013951302219383722 -0.022292683423998066 0.037480459968950261 -0.018192931649596372 0.0092436307063696113 0.0033434223323239851 -0.020654355562635136 -0.040999997505653099 -0.040404738484044807 -0.023829037670626378 0.020753497683106487 -0.012897766521228125 0.047254955682725037 -0.048691478186574502 0.031490221680065718 -0.017591023656815186 -0.0086037174152457045 0.025246429602628122 -0.033912483581347547 0.026879008456512758
leaf_weight=151.30949050188065 6.2485225796699551 25.706744790077209 5.7277144342660895 14.162396311759947 102.73305161297321 9.1360202580690366 10.766498401761057 5.3022724092006666 6.9944694191217422 10.867142528295515 70.296484336256981 14.026912942528723 6.4929247349500683 6.3201579749584251 13.627592042088507 7.5504442900419253 5.6954037994146409 10.018352821469305 5.2387118190526989 6.6186198443174353 19.431071504950523 8.709746450185774 5.1190502196550369 5.1071765422821036 4.6702845543622953 4.8502779901027679 175.67447228729725 5.1147415786981574 5.6247197687625876 5.181885302066803
leaf_count=697 28 113 25 63 444 41 50 23 30 53 311 61 28 27 63 33 25 43 22 29 87 38 22 22 22 23 766 23 24 24
internal_value=-0.000217078 -0.00202115 0.000423443 -0.000116013 -0.00623826 0.00264706 0.00621284 -0.0104065 -0.0263963 0.00829086 0.00535306 0.00773118 -0.00249424 0.0071705 0.0232152 -0.00381015 -0.00634423 -0.012768 -0.00591066 0.00402936 0.0113676 0.00724107 0.0210857 -0.0200639 -0.0101578 0.00648564 -0.00665385 -0.00167783 -0.0097185 0.00211282
internal_weight=734.323 583.014 381.633 375.905 116.895 259.009 166.864 18.5453 12.2967 148.319 123.925 113.058 42.7613 28.7344 24.3941 92.1452 83.0091 51.264 41.2457 31.7451 25.1265 21.3792 12.6695 19.8665 14.7593 9.52056 201.381 22.2415 17.1268 11.502
internal_count=3260 2563 1684 1659 507 1152 745 81 53 664 551 498 187 126 113 407 366 225 182 141 112 93 55 89 67 45 879 98 75 51
is_linear=0
shrinkage=0.03


Tree=71
num_leaves=31
num_cat=0
split_feature=14 90 51 0 68 49 9 67 10 62 60 7 46 24 49 67 64 9 61 25 24 61 80 55 49 34 16 10 69 54
split_gain=9.64219 6.90584 7.67886 6.65657 11.0134 5.95296 8.30101 5.62617 7.28038 5.3643 8.2985 6.40981 6.73598 7.24369 6.69216 6.97055 7.55154 5.90055 5.25775 5.63994 6.25685 6.27946 5.53286 8.71898 7.46334 6.8022 6.29619 7.3669 6.2278 6.2089
threshold=0.14500000000000005 0.039999999999999598 7.0850000000000009 5.5000000000000009 41.550000000000004 16.200000000000006 5.6150000000000011 22.950000000000003 55.45000000000001 57.800000000000004 70.550000000000011 16.050000000000004 24.350000000000005 67.450000000000017 24.050000000000004 30.150000000000002 6.8050000000000006 6.6750000000000007 7.285000000000001 6.9150000000000009 12.650000000000002 4.2550000000000008 36.45000000000001 47.750000000000007 23.000000000000004 44.95000000000001 50.550000000000004 19.650000000000002 1.0000000180025095e-35 37.150000000000013
decision_type=2 2 2 2 2 2 2 2 2 2 2 2 2 2 2 2 2 2 2 2 2 2 2 2 2 2 2 2 2 2
left_child=-1 2 3 18 -5 6 -3 -7 9 10 11 -9 14 17 -13 -16 -17 -14 19 22 -21 -22 26 -24 25 -25 27 -2 -28 -26
right_child=1 5 -4 4 -6 7 -8 8 -10 -11 -12 12 13 -15 15 16 -18 -19 -20 20 21 -23 23 24 29 -27 28 -29 -30 -31
leaf_value=0.0065438833247718712 -0.020918576284360831 -0.0033198360336797266 0.035016924484573983 -0.02691416723068734 -0.0019874621730888243 0.0055826202974215413 0.036480139473341056 -0.030967340323019159 -0.032882274937750873 -0.037289568188270464 0.022583653588397229 -0.04357512822540565 -0.008969793204254008 0.016656768026643645 -0.038268773636095543 0.020611061060224183 -0.020056710711420286 0.02482933303549497 -0.016294195585853075 0.04894834646461952 -0.0092344377516758152 0.024907152356459655 -0.0047280816456798476 -0.031410964307738889 0.036515892008105573 0.018101910794126517 -0.0320917368844175 0.0082393397217826458 -0.0041733913374470272 0.0087752794065566082
leaf_weight=151.04375045001507 8.7778712809085828 16.994586378335956 5.6851312071084967 19.063320130109787 97.762878984212875 22.793088242411613 6.5280458629131308 11.079007491469381 11.943700119853018 5.5975585281848899 7.8690186589956275 7.6448380351066616 68.898964449763298 14.271588414907454 6.1892707198858288 7.7568688392639187 8.7391730993986112 4.9849588274955741 12.641991734504698 4.559085518121722 8.6296011656522769 11.065120816230772 24.424818575382233 4.5747420042753202 18.167890682816509 5.4988970905542374 8.0123081207275373 69.901015013456345 70.165197864174843 12.096156403422354
leaf_count=697 40 75 25 84 423 100 29 57 50 24 34 32 295 63 27 33 38 22 56 21 39 53 108 20 81 25 35 311 309 54
internal_value=-0.000210389 -0.00196234 0.000412226 -0.000111917 -0.00605492 -0.00645719 0.00772553 -0.00833388 -0.0103807 -0.00850169 -0.00732918 -0.00914592 -0.0071055 -0.00290983 -0.0193003 -0.0111199 -0.000933665 -0.00668936 0.00257381 0.00354394 0.0172786 0.00994739 0.00204083 0.00941787 0.0179834 -0.00438337 -0.00100498 0.00498631 -0.00703471 0.0254283
internal_weight=733.36 582.317 381.026 375.341 116.826 201.291 23.5226 177.768 154.975 143.031 137.434 129.565 118.486 88.1555 30.3302 22.6853 16.496 73.8839 258.515 245.873 24.2538 19.6947 221.619 64.7625 40.3377 10.0736 156.856 78.6789 78.1775 30.264
internal_count=3260 2563 1684 1659 507 879 104 775 675 625 601 567 510 380 130 98 71 317 1152 1096 113 92 983 288 180 45 695 351 344 135
is_linear=0
shrinkage=0.03


Tree=72
num_leaves=31
num_cat=0
split_feature=14 90 51 0 68 41 66 67 49 49 6 42 73 72 72 73 24 35 47 6 72 64 42 66 55 67 55 68 67 10
split_gain=9.08739 6.51136 7.28372 6.26987 10.4127 6.2082 6.4796 5.85827 10.5321 5.61207 7.50327 5.44276 5.79757 7.86617 6.66549 6.78715 5.76916 6.8481 6.85093 6.4375 5.35726 7.4949 7.55885 6.59094 5.34186 5.76146 5.32496 5.31031 5.30576 6.82538
threshold=0.14500000000000005 0.039999999999999598 7.0850000000000009 5.5000000000000009 41.550000000000004 36.350000000000001 0.12500000000000003 30.350000000000005 46.150000000000013 16.200000000000006 4.4150000000000009 49.45000000000001 57.050000000000004 39.850000000000001 16.800000000000001 17.650000000000002 39.350000000000001 5.205000000000001 53.250000000000007 5.9050000000000011 27.850000000000005 6.8450000000000006 47.050000000000004 0.18500000000000003 52.650000000000013 24.050000000000004 43.750000000000007 47.350000000000001 22.950000000000003 55.45000000000001
decision_type=2 2 2 2 2 2 2 2 2 2 2 2 2 2 2 2 2 2 2 2 2 2 2 2 2 2 2 2 2 2
left_child=-1 2 3 5 -5 6 -2 8 24 10 -3 12 14 -14 15 -8 -15 18 -18 -19 23 22 27 -16 25 -7 -13 -22 -11 -30
right_child=1 9 -4 4 -6 7 11 -9 -10 28 -12 26 13 16 20 -17 17 19 -20 -21 21 -23 -24 -25 -26 -27 -28 -29 29 -31
leaf_value=0.0063586952494193516 -0.030046333884996231 -0.023001759379576429 0.034237060628107538 -0.026201822278670392 -0.0019279199411882638 -0.021741656944221591 0.0065415551223717465 -0.0092962365885370189 -0.030975201312438243 0.0054146605036489125 0.016949388283915755 -0.0031582635508970829 -0.032522115984496308 0.017951045806572589 0.034074079890914863 -0.028820186955325473 0.036972578931130082 -0.050374838937660114 -0.015310964440698542 -0.0033706636460879656 -0.018910610421873357 0.040554220796580727 -0.033131396899856107 -0.0028075691160405918 0.029739549041706389 0.01683252228681693 0.019729827147758224 0.020387134927634738 -0.0082647894929049111 -0.03186166594509033
leaf_weight=150.78342109918594 4.3789724707603446 5.5387329161167171 5.6408628076314917 18.995180532336235 97.758805498480797 5.5205365568399456 14.349619269371034 59.874871715903282 5.5561409145593634 22.795082584023476 17.918332308530807 11.695940807461737 8.1011291593313199 11.134113147854807 17.430183857679371 7.4062535762786856 4.3824753314256686 4.9650695323944074 4.6477115154266357 5.5576142072677612 4.4736877679824891 4.3149535506963721 5.4610672742128363 5.815898820757865 11.58548519015312 9.4503403007984144 41.998425111174583 10.040384158492087 142.73125028610229 11.956288695335386
leaf_count=697 19 27 25 84 423 25 65 263 24 100 77 52 35 49 79 32 20 21 21 25 20 21 23 26 52 43 192 45 625 50
internal_value=-0.00020423 -0.00190607 0.000400815 -0.000108303 -0.00587714 0.00250087 0.00596254 -0.00375181 0.00658597 -0.00627481 0.00751604 0.00693724 0.00305871 -0.00622804 0.00825722 -0.00549648 0.000713398 -0.00910234 0.010063 -0.0255493 0.0145519 0.0046995 -0.0030457 0.0248467 0.0144445 0.00260823 0.0147442 0.00827435 -0.00809749 -0.0100887
internal_weight=732.259 581.475 380.536 374.895 116.754 258.141 166.153 91.9874 32.1125 200.94 23.4571 161.775 108.08 38.7881 69.292 21.7559 30.687 19.5529 9.03019 10.5227 47.5362 24.2901 19.9751 23.2461 26.5564 14.9709 53.6944 14.5141 177.483 154.688
internal_count=3260 2563 1684 1659 507 1152 745 407 144 879 104 726 482 171 311 97 136 87 41 46 214 109 88 105 120 68 244 65 775 675
is_linear=0
shrinkage=0.03


Tree=73
num_leaves=31
num_cat=0
split_feature=14 90 51 0 67 21 41 66 25 67 50 15 82 29 21 37 37 32 60 49 53 49 9 81 25 15 74 79 9 38
split_gain=8.56342 6.13172 6.91114 5.90671 7.45629 7.50116 5.85554 6.10451 5.82903 5.51062 10.1321 5.43953 5.41964 6.21174 5.56476 5.54732 5.95156 7.14247 5.8599 5.5056 5.45598 5.2838 7.79387 5.26975 7.86652 6.58708 7.47362 6.31049 6.14252 7.74778
threshold=0.14500000000000005 0.039999999999999598 7.0850000000000009 5.5000000000000009 26.050000000000004 40.95000000000001 36.350000000000001 0.12500000000000003 6.7150000000000007 30.350000000000005 66.15000000000002 38.750000000000007 1.5000000000000002 43.650000000000013 61.45000000000001 43.000000000000007 49.150000000000013 6.3550000000000013 50.20000000000001 44.350000000000001 0.15500000000000003 16.200000000000006 5.6150000000000011 46.050000000000004 6.7950000000000008 35.850000000000001 6.535000000000001 0.12500000000000003 6.0050000000000008 6.785000000000001
decision_type=2 2 2 2 2 2 2 2 2 2 2 2 2 2 2 2 2 2 2 2 2 2 2 2 2 2 2 2 2 2
left_child=23 2 3 6 5 -5 7 -2 -6 10 11 -8 15 -14 -15 19 -17 18 -18 20 -10 22 -3 28 27 26 -26 -25 29 -1
right_child=1 21 -4 4 8 -7 9 -9 12 -11 -12 -13 13 14 -16 16 17 -19 -20 -21 -22 -23 -24 24 25 -27 -28 -29 -30 -31
leaf_value=0.017113640941462831 -0.029158064172471174 -0.0033628072002348801 0.033485544270770634 0.0092588928999320207 0.018654894083801114 -0.03417083936802226 0.0068593549271039897 0.0067481108166225672 0.048081537740231328 -0.0090073398801610721 -0.030130612577037547 0.039465762260840358 0.013287226489163024 -0.028793195099522328 0.00010451902316855236 -0.031692371011070253 -0.007261981390910487 -0.032723198499798281 0.024594301282070789 -0.015529909543623429 0.0099449824425775785 -0.0078584150769216432 0.035411074328948459 0.03229931762308761 0.013514455568944985 0.032793672968055944 -0.028778733386571817 -0.0055648119954148862 0.025032808407705352 -0.020287870398200496
leaf_weight=13.127785012125971 4.3770281523466101 16.945793583989147 5.5951321125030509 4.8145518302917507 10.571658030152319 13.950578376650808 20.447074294090275 161.3484769910574 4.9066289365291622 59.940389975905418 5.6294440329074851 5.9430338144302359 6.1055797040462485 19.850368663668636 8.5938417315483075 6.7314318865537635 11.123164862394338 4.8705862611532202 9.7541381120681745 4.5815377831459037 10.824592500925062 177.39665868878365 6.4383932799100867 4.2142385691404334 18.738520532846454 11.442679330706595 4.7044676542282096 66.030559092760086 24.234138399362564 8.0361012071371061
leaf_count=60 19 75 25 21 46 63 92 726 21 263 25 27 26 85 37 29 48 22 42 20 47 775 29 20 87 56 21 300 118 35
internal_value=-0.000198041 -0.00185086 0.000389999 -0.000104636 -0.00570474 -0.0230281 0.00243106 0.00579978 -0.00238472 -0.00363987 0.00640801 0.0142023 -0.00493131 -0.0141689 -0.0200623 0.00111421 -0.00657638 -1.01432e-05 0.00762167 0.0134112 0.0218399 -0.00609148 0.00731285 0.00617854 0.00248995 0.0141347 0.00502719 -0.00329321 0.0147204 0.00291198
internal_weight=731.269 580.74 379.959 374.364 116.679 18.7651 257.685 165.726 97.9135 91.9599 32.0196 26.3901 87.3419 34.5498 28.4442 52.7921 32.4793 25.7479 20.8773 20.3128 15.7312 200.781 23.3842 150.528 105.13 34.8857 23.443 70.2448 45.398 21.1639
internal_count=3260 2563 1684 1659 507 84 1152 745 423 407 144 119 377 148 122 229 141 112 90 88 68 879 104 697 484 164 108 320 213 95
is_linear=0
shrinkage=0.03


Tree=74
num_leaves=31
num_cat=0
split_feature=14 63 15 53 63 47 47 46 42 74 32 16 63 37 35 81 25 15 74 79 60 46 9 76 33 29 42 49 85 64
split_gain=8.07851 5.28846 7.94861 6.06529 5.01076 8.56754 7.78774 9.62691 10.7221 11.8761 6.67831 6.19549 6.08932 6.09545 10.1351 5.00324 7.44025 6.31429 7.02512 5.9857 5.88081 7.23553 5.8698 9.73796 6.75081 5.68614 8.58081 6.85017 5.82983 5.66063
threshold=0.14500000000000005 74.850000000000009 41.850000000000001 0.12500000000000003 23.300000000000004 55.750000000000007 48.45000000000001 22.650000000000002 56.150000000000013 4.6650000000000009 4.5750000000000011 59.850000000000001 28.750000000000004 60.550000000000004 3.8150000000000004 46.050000000000004 6.7950000000000008 35.850000000000001 6.535000000000001 0.12500000000000003 72.350000000000009 52.150000000000013 6.0050000000000008 63.70000000000001 41.650000000000013 47.050000000000004 49.550000000000004 29.900000000000002 1.5000000000000002 6.7350000000000012
decision_type=2 2 2 2 2 2 2 2 2 2 2 2 2 2 2 2 2 2 2 2 2 2 2 2 2 2 2 2 2 2
left_child=15 3 -3 -2 5 6 7 8 9 -5 -9 -7 13 14 -6 22 19 18 -18 -17 21 25 23 24 -1 27 29 -21 -28 -27
right_child=1 2 -4 4 12 11 -8 10 -10 -11 -12 -13 -14 -15 -16 16 17 -19 -20 20 -22 -23 -24 -25 -26 26 28 -29 -30 -31
leaf_value=0.0025059949117038453 -0.024018216393020583 -0.018214287848826716 0.023456113552811502 0.033531572356797663 0.037268558585662671 -0.019705899487072045 0.01602780863443341 0.0040612153747760097 -0.019452755602042987 -0.0045905770909503863 -0.028828603437761603 0.011669505244762287 0.00015167501355517821 0.043262182064299021 -0.0088353298534883367 0.03166829090459327 0.013159132575115005 0.032189356782092463 -0.027786142265835607 0.0055399007037306228 -0.037997676095149237 0.031759648532181488 0.024511141065119486 -0.032447911584032048 0.046320700707983761 0.030580557372300449 -0.031009419552249635 -0.035704424267574919 -0.00058857756184792199 -0.0099174723369927654
leaf_weight=11.476828381419184 10.157449901103972 31.893048286437988 4.7309431433677664 14.296557471156122 6.6416678428649965 42.817017152905464 20.940750807523727 7.9200665652751949 12.277046844363211 15.146628290414808 18.617100104689598 6.5277644246816626 370.46352829039097 5.5518865436315528 12.127019494771956 4.1699402630329123 18.668243184685711 11.309799909591673 4.7260088771581641 5.5901442915201178 4.6295007169246665 4.9721948057413092 24.010824546217918 5.2816303223371497 4.3699667751789084 10.229639559984205 8.3746244460344332 10.305590018630026 17.553277045488358 4.4608168154954901
leaf_count=52 46 140 21 64 29 188 93 35 55 69 82 29 1634 25 53 20 87 56 21 26 20 22 118 23 20 50 39 45 77 21
internal_value=-0.000192026 -0.00179724 -0.0128315 -0.00105367 -0.000616301 -0.00552497 2.38384e-05 -0.00488603 0.0040995 0.0139202 -0.0190126 -0.0155553 0.00110632 0.0156479 0.00747943 0.00601062 0.0024196 0.013785 0.00488754 -0.00319214 -0.0053908 -0.00293572 0.014363 0.00283045 0.0145885 -0.00598828 -3.5345e-05 -0.0211998 -0.0104144 0.0182832
internal_weight=730.238 580.108 36.624 543.484 533.327 138.543 89.1982 68.2574 41.7202 29.4432 26.5372 49.3448 394.784 24.3206 18.7687 150.129 104.99 34.7041 23.3943 70.2857 66.1158 61.4863 45.1393 21.1284 15.8468 56.5141 40.6184 15.8957 25.9279 14.6905
internal_count=3260 2563 161 2402 2356 615 398 305 188 133 117 217 1741 107 82 697 484 164 108 320 300 280 213 95 72 258 187 71 116 71
is_linear=0
shrinkage=0.03


Tree=75
num_leaves=31
num_cat=0
split_feature=75 8 20 0 20 55 45 50 48 20 6 7 42 46 75 48 22 49 9 23 76 75 25 23 60 75 90 42 16 36
split_gain=9.6049 7.8278 7.34185 6.80335 10.5588 8.32931 7.4892 8.02664 7.50053 6.16889 5.883 7.17686 7.09865 6.64948 5.62157 5.49198 7.22582 5.30276 5.20379 9.21533 5.18512 4.97605 5.90568 6.3484 7.22916 6.29093 5.74556 5.17926 4.84196 4.8137
threshold=11.850000000000003 36.850000000000001 29.650000000000002 3.5000000000000004 58.050000000000004 68.100000000000009 6.8750000000000009 72.600000000000009 6.9150000000000009 4.2500000000000009 6.4450000000000012 47.750000000000007 45.750000000000007 25.550000000000004 14.450000000000001 5.1050000000000013 5.2150000000000007 49.250000000000007 4.7250000000000005 41.95000000000001 37.550000000000004 67.000000000000014 6.9150000000000009 18.250000000000004 41.250000000000007 16.050000000000004 0.055000000000000167 55.250000000000007 49.150000000000013 35.550000000000004
decision_type=2 2 2 2 2 2 2 2 2 2 2 2 2 2 2 2 2 2 2 2 2 2 2 2 2 2 2 2 2 2
left_child=-1 2 29 5 6 9 7 8 10 -3 14 -12 -13 -14 -5 -15 -17 21 -4 -20 -9 22 25 -24 -25 -11 27 -26 -18 -2
right_child=1 3 18 4 -6 -7 -8 20 -10 17 11 12 13 15 -16 16 28 -19 19 -21 -22 -23 23 24 26 -27 -28 -29 -30 -31
leaf_value=0.015537110623499937 0.0087963701068414432 -0.033514426623870809 -0.023671238959205899 -0.030661390260978933 -0.041517864973239713 -0.024870109876408673 -0.01737421843909559 0.041300786090888157 -0.036255225134869645 -0.029949945824332455 0.029055757676767741 0.024249045661399536 0.017443947396429318 -0.031945375762558327 -0.0029112610286037809 -0.026498704620739635 0.036828882443563561 0.014498867602755839 -0.022804898437250278 0.028672055872247793 0.0081118047037064579 -0.02731355170071309 -0.011996974153441262 0.040486434345753088 0.030166716783545679 0.0024142806050785142 -0.013956130681124959 -0.0066973677798886381 -0.0058691388340792938 -0.012424699481345938
leaf_weight=32.637202605605125 23.129801779985428 3.8353822827339163 34.223651364445686 6.7987787872552863 6.2656036019325247 9.1069847345352155 26.708793371915817 5.6373636126518276 5.7077139467000952 5.5658830106258383 10.881178647279738 9.8442874699830991 8.9737596362829191 8.6739837676286715 195.30878879129887 6.6109748333692577 4.5231584608554822 42.90979690849781 7.4891089648008329 5.3771019876003265 17.04956291615963 4.7630515694618216 6.9382852017879477 10.266593292355536 11.848429471254354 187.45132221281528 6.392842784523963 4.8276636451482764 5.069019690155983 16.470913276076317
leaf_count=146 103 16 173 29 27 39 115 24 24 24 51 47 43 38 837 29 22 195 35 24 75 21 31 49 56 845 28 23 23 75
internal_value=-0.000370207 -0.00111331 -0.00955029 8.18755e-05 -0.00295884 0.00337241 -0.00218397 -0.000760807 -0.002241 0.00427552 -0.00148465 0.00725533 0.00182648 -0.00469429 -0.00384476 -0.0126801 -0.00236683 0.00479138 -0.0175565 -0.00129143 0.0163588 0.00304159 0.00366134 0.0141108 0.0195447 0.00148102 0.0102248 0.0194947 0.014265 -2.99957e-05
internal_weight=731.287 698.65 86.6906 611.959 318.053 293.906 311.787 285.079 262.392 284.799 256.684 54.5764 43.6952 33.8509 202.108 24.8771 16.2032 280.964 47.0899 12.8662 22.6869 238.054 233.291 40.2738 33.3355 193.017 23.0689 16.6761 9.59218 39.6007
internal_count=3267 3121 410 2711 1384 1327 1357 1242 1143 1288 1119 253 202 155 866 112 74 1272 232 59 99 1077 1056 187 156 869 107 79 45 178
is_linear=0
shrinkage=0.03


Tree=76
num_leaves=31
num_cat=0
split_feature=75 11 68 61 45 45 35 81 58 86 27 45 84 75 63 85 49 49 41 0 55 54 90 40 7 41 11 27 80 80
split_gain=9.05145 8.38539 7.10807 7.70433 8.55887 8.44141 6.26385 6.24592 6.23121 6.84091 6.30208 6.15886 6.06141 11.1395 5.92519 9.4527 7.7184 7.91971 6.87683 6.7557 6.90118 9.19813 6.90151 6.70503 7.73264 6.61095 6.22227 6.11746 6.19471 6.14484
threshold=11.850000000000003 60.95000000000001 56.150000000000013 6.0750000000000011 4.0550000000000006 5.7150000000000007 7.4350000000000014 51.350000000000001 1.7900000000000003 5.5000000000000009 0.18500000000000003 5.2150000000000007 1.5000000000000002 39.650000000000013 64.550000000000011 3.5000000000000004 38.050000000000004 51.45000000000001 30.850000000000005 4.5000000000000009 63.650000000000013 35.550000000000004 -0.069999999999999826 0.16500000000000004 34.550000000000004 24.850000000000005 36.45000000000001 0.16500000000000004 36.95000000000001 30.850000000000005
decision_type=2 2 2 2 2 2 2 2 2 2 2 2 2 2 2 2 2 2 2 2 2 2 2 2 2 2 2 2 2 2
left_child=-1 14 6 4 -4 11 8 -8 -3 10 -10 -6 -11 -14 19 -16 18 -18 25 -2 21 22 -21 -20 -25 -17 -24 -23 29 -29
right_child=1 2 3 -5 5 -7 7 -9 9 12 -12 -13 13 -15 15 16 17 -19 23 20 -22 27 26 24 -26 -27 -28 28 -30 -31
leaf_value=0.015094988379372972 0.0016893915758993002 -0.026003787232390652 -0.051348142461054118 0.011363652381719118 -0.0074330451331337897 -0.022140391287867177 -0.040743534568465224 0.0073323507316955796 0.01313454945783916 0.014097739611110846 -0.0044774161705345428 0.032479300198389016 -0.038484407257072722 0.0156151508093444 -0.025463703216435762 -0.00058719344008259218 -0.032759576710214046 0.0029924989679261963 0.0094393621766210578 -0.037436348152022639 0.020965765507283629 -0.028786325434756524 -0.012090198820125181 -0.046848498284959531 0.0052224318022632537 0.041429064031658872 0.0044475809983165245 -0.016565521381009595 -0.032271799730621137 0.016855946843828244
leaf_weight=32.586112961173058 211.25109793245792 4.8803482353687277 4.75962871313095 15.568511515855787 8.5599562972784025 17.66781921684742 4.9835583567619306 4.7504891455173492 130.31096664071083 7.9394184499979046 21.270408272743225 5.8627974838018408 9.2443380802869779 5.4420288056135169 26.523866072297096 6.3755348175764066 13.137957990169527 9.6886355727910978 12.479123488068582 4.8599615842103949 7.8337842673063269 25.107066988945007 29.940844163298607 5.6552699208259565 4.6997953951358795 7.1501098424196243 64.769542679190636 9.7446856349706703 7.0840942710638037 10.064917504787443
leaf_count=146 935 21 21 70 38 79 22 22 606 39 95 27 39 24 115 28 58 43 57 21 34 113 137 27 20 32 279 43 32 44
internal_value=-0.000359356 -0.00108125 0.00344261 -0.00633099 -0.0138066 -0.00823854 0.00615586 -0.0172811 0.00742975 0.00836638 0.0106632 0.00879118 -0.00702106 -0.0184378 -0.00347261 -0.0105812 -0.00391177 -0.0175848 0.00467211 -0.00182882 -0.00649133 -0.00791042 -0.00256966 -0.00536921 -0.0232154 0.021624 -0.000780516 -0.0181368 -0.0081948 0.00041535
internal_weight=730.193 697.607 241.24 52.4187 36.8502 32.0906 188.822 9.73405 179.088 174.207 151.581 14.4228 22.6258 14.6864 456.366 85.7103 59.1864 22.8266 36.3598 370.656 159.405 151.571 99.5703 22.8342 10.3551 13.5256 94.7104 52.0008 26.8937 19.8096
internal_count=3267 3121 1103 235 165 144 868 44 824 803 701 65 102 63 2018 380 265 101 164 1638 703 669 437 104 47 60 416 232 119 87
is_linear=0
shrinkage=0.03


Tree=77
num_leaves=31
num_cat=0
split_feature=75 8 20 0 20 55 45 61 79 28 20 59 48 62 75 62 71 72 90 62 59 68 61 20 37 28 22 64 7 90
split_gain=8.53022 7.26233 6.98302 6.22149 9.89655 7.7975 6.99555 6.46856 5.92851 7.04047 5.74678 5.68577 5.02989 6.93479 5.40708 5.23734 5.23205 6.54486 5.59256 6.16881 6.90739 12.2946 5.93393 6.86787 6.68382 5.84314 5.49838 5.96027 5.9536 5.14447
threshold=11.850000000000003 36.850000000000001 29.650000000000002 3.5000000000000004 58.050000000000004 68.100000000000009 6.8750000000000009 2.6950000000000007 0.14500000000000005 35.550000000000004 4.2500000000000009 20.550000000000004 6.5950000000000006 51.750000000000007 16.050000000000004 35.650000000000013 5.6250000000000009 37.45000000000001 0.1000000000000001 56.050000000000004 36.45000000000001 52.95000000000001 5.3850000000000007 43.650000000000013 54.350000000000001 35.45000000000001 2.8950000000000005 6.955000000000001 39.250000000000007 0.024999999999999915
decision_type=2 2 2 2 2 2 2 2 2 2 2 2 2 2 2 2 2 2 2 2 2 2 2 2 2 2 2 2 2 2
left_child=-1 2 -2 5 6 10 7 8 -5 -10 -3 -11 14 15 -12 -14 26 -18 19 20 22 -22 23 -19 -24 -25 -16 28 -28 -30
right_child=1 3 -4 4 -6 -7 -8 -9 9 11 12 -13 13 -15 16 -17 17 18 -20 -21 21 -23 24 25 -26 -27 27 -29 29 -31
leaf_value=0.014666045080000077 7.076828566887172e-05 -0.032318039753595929 -0.017070844150907996 -0.037275912348309216 -0.040289229683386121 -0.02404374876589245 -0.016745161156441372 0.0012865657266795481 -0.01587782285863229 0.027094590533840328 -0.022664179657778061 -0.012775047656505953 0.010279969866113257 -0.011758811259229946 0.022148405379766891 0.033668564931434497 -0.027080762581290888 0.0096057569556625092 -0.025167136336471416 -0.02745718642267685 0.030995809041074223 -0.013829852559895233 0.004592069824599994 0.0056209730854892394 -0.044382551681665404 -0.041685476379108251 0.010040763940374751 0.025730222636139655 0.0020253713495966622 -0.019037445364241092
leaf_weight=32.533797070384026 39.527194023132324 3.8412213474512091 46.609525591135025 6.6336643099784842 6.2167781591415396 9.1268450468778592 26.696170940995216 239.10565736889839 25.337491378188133 7.986241012811659 7.2212354838848105 5.3931165486574173 21.880647867918015 7.7665552943944922 20.157554492354393 14.214619874954222 8.1774748563766462 36.051123604178429 6.8705104291439048 5.6222994029521933 18.528717771172527 7.8357019275426856 4.6569074839353544 4.4856588095426542 5.4350327700376511 4.9353820234537125 48.139162853360176 11.231204748153685 31.450644269585609 15.619468078017233
leaf_count=146 178 16 232 28 27 39 115 1046 110 35 32 23 98 35 93 66 36 165 29 24 89 35 21 20 24 21 208 54 154 68
internal_value=-0.000348914 -0.00105001 -0.00920475 0.000100335 -0.00281051 0.00325061 -0.00206169 -0.00068365 -0.0110714 -0.00658157 0.00412739 0.0110234 0.00462687 0.0139573 0.00289583 0.0194906 0.00370114 -0.00133381 0.000896037 0.00294133 0.00502741 0.0176733 -0.000972884 0.00364571 -0.0217833 -0.0191614 0.00778162 0.00506085 0.00262263 -0.00496399
internal_weight=729.288 696.754 86.1367 610.617 317.369 293.248 311.152 284.456 45.3505 38.7168 284.121 13.3794 280.28 43.8618 236.418 36.0953 229.197 102.599 94.4213 87.5508 81.9285 26.3644 55.5641 45.4722 10.0919 9.42104 126.598 106.44 95.2093 47.0701
internal_count=3267 3121 410 2711 1384 1327 1357 1242 196 168 1288 58 1272 199 1073 164 1041 464 428 399 375 124 251 206 45 41 577 484 430 222
is_linear=0
shrinkage=0.03


Tree=78
num_leaves=31
num_cat=0
split_feature=75 11 68 47 19 21 35 0 21 81 81 47 60 6 19 9 64 35 27 80 60 22 81 85 76 29 29 67 74 28
split_gain=8.03905 7.81514 6.593 7.56829 6.46265 8.298 6.86874 6.65349 6.97641 7.61939 7.18287 6.69384 7.03697 6.6721 6.7195 6.10008 5.92988 5.84677 5.85287 5.9446 6.19577 5.74803 5.73802 5.6102 7.8363 6.64817 6.56661 7.74202 6.40024 7.14385
threshold=11.850000000000003 60.95000000000001 56.150000000000013 31.950000000000003 6.3450000000000006 64.65000000000002 7.5050000000000008 4.5000000000000009 65.15000000000002 67.500000000000014 63.70000000000001 25.150000000000002 69.750000000000014 4.2950000000000008 4.995000000000001 5.5050000000000008 6.7150000000000007 7.4350000000000014 0.18500000000000003 30.650000000000002 40.350000000000001 3.7150000000000003 51.350000000000001 2.5000000000000004 56.750000000000007 47.45000000000001 44.350000000000001 39.650000000000013 1.4550000000000003 35.050000000000004
decision_type=2 2 2 2 2 2 2 2 2 2 2 2 2 2 2 2 2 2 2 2 2 2 2 2 2 2 2 2 2 2
left_child=-1 4 17 -4 7 -6 -7 8 9 10 11 15 13 14 -13 21 -15 18 -3 -20 -21 -2 -19 25 -25 -18 -26 -28 -27 -30
right_child=1 2 3 -5 5 6 -8 -9 -10 -11 -12 12 -14 16 -16 -17 23 22 19 20 -22 -23 -24 24 26 28 27 -29 29 -31
leaf_value=0.014249785675393676 -0.0022866499596304996 0.0093911181370624885 -0.040536283579509204 -0.0022860306945107051 -0.03206666022973053 -0.0093905561526971305 0.029719505450333843 -0.0062700765042403139 0.039323015590628695 -0.029116818562385099 0.034502381934637311 0.00041715461652102627 -0.023810380989044075 -0.019698617387179457 -0.028955976673777407 -0.014632517888383661 -0.017697234940575655 -0.039052640960993638 0.010904206301934585 0.0081390733412204496 -0.03332741808791783 0.036011467633458083 0.007030641064661689 0.016468071274846143 0.022984943108937835 0.038326484499765535 -0.0010816569909004828 -0.042532131224025632 0.020028701666455671 -0.018220312344987506
leaf_weight=32.48045426607132 4.9638796746730867 153.66586068272591 5.164628028869628 47.231559827923775 14.182132408022879 55.727957263588905 4.3575188815593711 165.76017056405544 4.3521487712860099 7.3219983726739875 5.9521544128656378 15.904514357447626 11.271824106574057 9.2841844558715803 12.53275480866432 4.4108069688081732 17.962998256087303 5.0052032917737943 10.408974409103395 4.9733663052320471 9.3207031786441785 12.184560120105742 4.7295678108930588 53.943127796053886 7.2844324558973303 4.6042276620864895 20.41743786633015 5.0606088638305655 7.8628602474927929 9.9637475013732892
leaf_count=146 23 714 23 212 64 244 20 734 20 31 26 70 51 39 62 20 80 22 47 22 41 54 22 236 32 22 91 21 35 43
internal_value=-0.000338542 -0.00101953 0.00335508 -0.00605631 -0.00333027 -0.0114261 -0.00655422 -0.00175233 0.00172625 0.000950493 0.00203177 0.00105394 -0.000877824 0.000690495 -0.012528 0.0168323 0.00344669 0.00597662 0.00721224 -0.00634152 -0.0188999 0.0249255 -0.0166634 0.00513737 0.00943939 -0.00409694 -0.00213326 -0.00931481 0.0067944 -0.00134965
internal_weight=728.286 695.806 240.5 52.3962 455.306 74.2676 60.0855 381.038 215.278 210.926 203.604 197.652 176.093 164.821 28.4373 21.5592 136.384 188.104 178.369 24.703 14.2941 17.1484 9.73477 127.099 86.7056 40.3938 32.7625 25.478 22.4308 17.8266
internal_count=3267 3121 1103 235 2018 328 264 1690 956 936 905 879 782 731 132 97 599 868 824 110 63 77 44 560 380 180 144 112 100 78
is_linear=0
shrinkage=0.03


Tree=79
num_leaves=31
num_cat=0
split_feature=75 11 61 63 6 35 68 81 6 60 75 47 37 49 76 10 19 21 35 63 61 51 68 76 86 76 76 45 36 53
split_gain=7.57643 7.36337 6.51148 7.95082 8.53771 8.90051 7.82264 7.65697 6.31848 7.49603 11.3229 7.88206 7.22855 9.01945 7.69632 6.2022 6.08888 7.83578 6.49657 6.71815 6.62049 5.87446 8.33943 5.77556 5.46825 6.91183 8.61719 5.31005 5.23073 5.26701
threshold=11.850000000000003 60.95000000000001 7.9650000000000007 59.550000000000004 5.6450000000000005 7.0050000000000008 56.150000000000013 51.550000000000004 7.0850000000000009 43.850000000000001 19.850000000000005 41.550000000000004 65.450000000000017 40.150000000000006 53.150000000000013 46.20000000000001 6.3450000000000006 64.65000000000002 7.5050000000000008 68.050000000000011 5.6750000000000007 6.8150000000000004 46.550000000000004 64.350000000000009 5.5000000000000009 62.95000000000001 71.500000000000014 4.0550000000000006 6.3500000000000005 0.12500000000000003
decision_type=2 2 2 2 2 2 2 2 2 2 2 2 2 2 2 2 2 2 2 2 2 2 2 2 2 2 2 2 2 2
left_child=-1 16 3 6 -5 -6 8 -7 9 10 -3 -11 13 21 -14 -15 28 -18 19 20 -19 22 -13 -22 25 -12 -27 -8 -2 -30
right_child=1 2 -4 4 5 7 27 -9 -10 11 24 12 14 15 -16 -17 17 18 -20 -21 23 -23 -24 -25 -26 26 -28 -29 29 -31
leaf_value=0.013845744886113813 0.026294147013303661 -0.034027853218136138 -0.031735772203183639 -0.014004091243872653 0.021088949946919736 -0.029703637912073727 -0.042589513255749049 0.020416301139739326 0.023292216692742191 0.013764587826467795 0.026439509242732171 -0.043922346066752049 0.032519699315528797 -0.021538704424206891 -0.014137130375380783 0.016613037598110149 -0.031182398263674842 -0.012780364981360037 0.029067812753734445 -0.032773048680266259 0.022473982260366725 -0.05548517058489992 0.0026932007371998638 -0.016826324893804003 -0.014019612400413472 -0.02574232453083411 0.027847457899061807 -0.0078122006113247877 -0.027892791691833632 -0.001652133687095096
leaf_weight=32.426267594099045 5.9131406992673865 4.7204837650060645 4.6917884051799765 9.8285128772258741 53.579908609390259 6.425041198730467 4.5347173810005179 4.787452220916748 13.259900018572806 14.713447570800779 28.464196503162384 6.8873036652803439 6.0688789486885053 7.126945659518241 6.6891310960054398 8.302391588687895 14.147300541400908 30.422896400094032 4.3220971375703803 9.0466416925191862 11.471907019615175 6.3079329282045355 6.9286531358957291 4.7626578807830802 5.2200622558593741 6.0049780458211881 4.9074146449565887 30.717387318611145 7.0156246572732917 367.64196814596653
leaf_count=146 26 20 20 42 252 28 20 23 67 70 133 30 29 30 30 39 64 134 20 40 50 27 32 20 23 27 23 138 32 1632
internal_value=-0.000328555 -0.000989963 0.00325938 0.00395666 0.0120502 0.0160025 0.000202004 -0.00830369 0.00370691 0.00139523 0.0101556 -0.00545981 -0.0113147 -0.0182661 0.00805713 -0.00100959 -0.00323419 -0.0110974 -0.00636366 -0.0091128 -0.0045252 -0.031497 -0.0205448 0.0109446 0.0148323 0.0186572 -0.00164245 -0.0122858 -0.00170165 -0.0021435
internal_weight=727.337 694.911 240.167 235.475 74.6209 64.7924 160.854 11.2125 125.602 112.342 49.3171 63.0247 48.3112 35.5532 12.758 15.4293 454.744 74.1735 60.0262 55.7041 46.6575 20.1239 13.816 16.2346 44.5967 39.3766 10.9124 35.2521 380.571 374.658
internal_count=3267 3121 1103 1083 345 303 738 51 580 513 226 287 217 158 59 69 2018 328 264 244 204 89 62 70 206 183 50 158 1690 1664
is_linear=0
shrinkage=0.03


Tree=80
num_leaves=31
num_cat=0
split_feature=14 60 22 51 22 16 89 7 63 19 19 77 15 85 81 80 46 8 72 68 0 90 21 46 21 63 64 20 32 76
split_gain=6.79749 7.01442 6.63326 6.32125 7.75207 6.78582 6.29571 6.09799 6.08004 5.98737 9.19153 5.48006 6.46281 5.31626 6.13797 5.65565 5.31427 5.28586 5.17753 5.29294 5.14112 7.77312 6.53302 7.90159 6.59092 6.12029 7.09957 6.91817 6.13033 5.96094
threshold=0.14500000000000005 36.850000000000001 4.0850000000000009 6.7750000000000012 4.4850000000000012 49.250000000000007 2.5000000000000004 14.400000000000002 74.050000000000011 6.6050000000000013 5.7350000000000012 6.7350000000000012 33.400000000000006 5.5000000000000009 46.050000000000004 30.350000000000005 15.950000000000001 73.750000000000014 27.650000000000002 50.650000000000013 5.5000000000000009 -0.010000000000000229 34.550000000000004 49.150000000000013 61.850000000000001 6.0500000000000016 6.6450000000000005 8.5500000000000025 7.1850000000000014 63.050000000000004
decision_type=2 2 2 2 2 2 2 2 2 2 2 2 2 2 2 2 2 2 2 2 2 2 2 2 2 2 2 2 2 2
left_child=1 3 6 4 -1 -6 18 16 20 10 11 -10 -13 14 -4 -16 -2 -17 -3 -20 21 -9 -22 24 -24 29 -27 -28 -29 -23
right_child=7 2 13 -5 5 -7 -8 8 9 -11 -12 12 -14 -15 15 17 -18 -19 19 -21 22 25 23 -25 -26 26 27 28 -30 -31
leaf_value=0.035392517255169925 0.013023699827075682 0.02181387623184728 0.021236146533900817 0.035593345135299471 -0.034033185458057426 0.014565254663810055 -0.033104565540981026 0.014780373726966747 -0.035080206227816213 -0.037537388931975439 0.019247784959466632 -0.02704322732288925 0.019159197815938982 -0.015485884169418216 -0.020919386444644354 0.010130673403814253 -0.022440117524114074 -0.01664051833880181 0.0097406054396236164 -0.033020766171946991 0.0086635643729359672 -0.013405796879348317 -0.0090373818169859066 -0.029401562836259262 0.0067697481804512094 -0.028023929406375173 -0.029709147424056906 0.0046370595618745146 -0.022596368273494576 0.013207001211611162
leaf_weight=5.5225745886564281 4.645837455987933 5.836599260568625 23.627491369843483 11.90938091278076 4.9434747248887998 5.4219295531511307 8.1612615585327131 37.403189435601234 9.1397145688533836 7.1556730568408957 8.5219762325286847 5.3663376718759519 5.5354793667793274 9.4947082400321943 7.6069862246513358 50.258009701967239 20.959692001342773 7.64786373078823 4.8070746660232526 5.687454029917717 27.853224366903305 44.698720753192902 91.224180713295937 13.13294832408428 32.091609388589859 6.8015531152486792 5.6761194169521323 239.07966716587543 7.6780281215906134 9.1204941570758802
leaf_count=26 23 28 114 59 22 25 35 177 40 31 38 23 25 41 34 236 109 37 24 26 120 197 395 59 140 30 24 1054 33 40
internal_value=-0.000209653 0.00545781 0.00238481 0.0190695 0.00668351 -0.00861234 -0.0115888 -0.00169444 -0.00102875 -0.0129977 -0.00685006 -0.0179473 -0.0035836 0.00585464 0.0081277 0.00340009 -0.0160056 0.00659489 -0.000836526 -0.0134337 -0.000198226 0.0018546 -0.00457692 -0.00727969 -0.00492375 0.000310248 0.0022215 0.00303643 0.00378967 -0.00889585
internal_weight=727.009 150.925 123.127 27.7974 15.888 10.3654 24.4924 576.084 550.479 35.7192 28.5635 20.0415 10.9018 98.6351 89.1404 65.5129 25.6055 57.9059 16.3311 10.4945 514.76 350.458 164.302 136.449 123.316 313.055 259.235 252.434 246.758 53.8192
internal_count=3265 707 575 132 73 47 113 2558 2426 157 126 88 48 462 421 307 132 273 78 50 2269 1555 714 594 535 1378 1141 1111 1087 237
is_linear=0
shrinkage=0.03


Tree=81
num_leaves=31
num_cat=0
split_feature=14 60 62 0 58 90 58 34 41 63 85 29 50 15 51 20 71 21 3 23 82 29 59 29 80 16 58 45 29 35
split_gain=6.4154 6.67915 6.49019 6.13953 7.28232 6.54557 6.26623 6.58902 6.29747 8.78095 7.44338 8.17933 6.65789 6.21523 6.06875 6.51773 5.89178 5.82216 5.81873 5.48233 6.36889 6.73674 6.21463 5.51474 6.10877 5.84127 5.57207 5.34745 5.79964 5.90254
threshold=0.14500000000000005 36.850000000000001 57.800000000000004 5.5000000000000009 1.885 -0.010000000000000229 6.7550000000000008 50.550000000000004 32.45000000000001 52.45000000000001 1.5000000000000002 51.150000000000013 48.20000000000001 45.650000000000013 6.7750000000000012 38.550000000000004 1.8250000000000004 31.350000000000005 5.5000000000000009 40.800000000000004 2.5000000000000004 57.050000000000004 30.150000000000002 48.45000000000001 32.350000000000001 51.250000000000007 5.6450000000000005 6.4050000000000011 46.550000000000004 2.5300000000000007
decision_type=2 2 2 2 2 2 2 2 2 2 2 2 2 2 2 2 2 2 2 2 2 2 2 2 2 2 2 2 2 2
left_child=1 14 3 4 -2 -6 7 8 10 27 -5 -12 -11 -7 15 -1 -3 -18 19 20 21 23 -23 26 -25 -26 -9 28 -10 -30
right_child=2 16 -4 6 5 13 -8 18 9 12 11 -13 -14 -15 -16 -17 17 -19 -20 -21 -22 22 -24 24 25 -27 -28 -29 29 -31
leaf_value=0.021142858633471411 -0.017258092089509954 0.03285888348101576 -0.016302751124005914 0.024758247644252638 0.013799106313716343 -0.00024598392399869203 0.015434219518161211 -0.021326396625947739 0.043918443084721072 -0.033508561347571728 -0.028608459793014514 0.0023124755379928586 0.0078076769108434358 0.018543686475029991 0.034981040370319828 -0.018856335353148717 -0.022763789712567168 0.0027904515657043659 -0.036585911234146021 -0.023659480478391198 -0.029372539586571371 0.0026634535385656609 -0.044854127914910551 0.044429034920796591 0.026129060085384275 -0.016526443072945284 0.012023813631372142 -0.015399580467741755 0.041870615178422568 0.0033153509587587168
leaf_weight=10.028076112270357 18.245918333530426 5.4338313788175574 25.962614580988884 4.7139100581407538 38.833712369203568 299.47412361204624 11.920030549168585 9.9002877026796359 6.8510825932025972 7.223119914531706 18.373873680830005 13.252820685505865 6.8289128839969635 16.728931978344917 11.756628856062887 5.7793706357479087 8.6630214154720289 108.81165735423565 8.5107271224260312 20.288310423493385 8.3662849962711316 4.6500466763973218 5.3010641634464264 5.2788702547550228 5.9698136448860151 5.5994284898042679 8.2794483453035337 4.4604359418153754 4.6163641065359142 15.821747466921805
leaf_count=47 83 27 115 21 184 1324 51 43 29 33 83 58 30 75 59 26 39 509 37 92 36 20 24 22 26 25 38 20 20 69
internal_value=-0.000203402 0.00531182 -0.00164556 -0.000953024 0.0012257 0.00217561 -0.00556851 -0.00709239 -0.0010843 0.00631475 -0.0104097 -0.0156514 -0.01343 0.000748096 0.0186585 0.00651873 0.00231864 0.000905986 -0.0131003 -0.0103858 -0.00533756 -0.000866944 -0.0226497 0.00532134 0.0176864 0.00548411 -0.00613798 0.0150536 0.0200311 0.0120238
internal_weight=725.924 150.473 575.452 549.489 373.283 355.037 176.207 164.287 82.1423 45.8017 36.3406 31.6267 14.052 316.203 27.5641 15.8074 122.909 117.475 82.1443 73.6336 53.3452 44.979 9.95111 35.0278 16.8481 11.5692 18.1797 31.7496 27.2892 20.4381
internal_count=3265 707 2558 2443 1666 1583 777 726 363 201 162 141 63 1399 132 73 575 548 363 326 234 198 44 154 73 51 81 138 118 89
is_linear=0
shrinkage=0.03


Tree=82
num_leaves=31
num_cat=0
split_feature=7 74 14 46 19 29 62 51 47 55 4 12 45 0 8 8 58 35 76 81 47 71 23 51 61 47 33 0 59 8
split_gain=6.21578 6.72104 6.75911 6.02506 5.88597 5.74802 5.898 5.88882 8.14657 6.00594 5.89114 6.97747 5.49718 5.17987 7.32693 8.58763 8.32965 7.91642 5.8568 9.74753 5.56567 7.85583 5.63633 9.27709 6.195 9.32294 7.65594 6.19207 5.70646 5.6792
threshold=14.400000000000002 1.3400000000000003 0.15500000000000003 53.650000000000013 7.2650000000000006 73.850000000000009 7.4500000000000011 6.6750000000000007 51.650000000000013 40.95000000000001 6.9508333333333336 6.9150000000000009 3.6450000000000005 2.5000000000000004 64.750000000000014 74.700000000000003 4.3650000000000011 4.1750000000000007 75.550000000000011 53.850000000000001 59.250000000000007 6.2350000000000012 39.850000000000009 6.8450000000000006 4.4650000000000007 35.95000000000001 35.650000000000013 4.5000000000000009 34.350000000000001 68.050000000000011
decision_type=2 2 2 2 2 2 2 2 2 2 2 2 2 2 2 2 2 2 2 2 2 2 2 2 2 2 2 2 2 2
left_child=12 3 13 -2 5 6 -4 8 -8 10 11 -9 -1 14 16 -16 -3 -18 20 -20 22 -22 24 29 -15 -26 28 -28 -27 -24
right_child=1 2 4 -5 -6 -7 7 9 -10 -11 -12 -13 -14 18 15 -17 17 -19 19 -21 21 -23 23 -25 25 26 27 -29 -30 -31
leaf_value=0.017071808922683143 0.0084008730930060851 0.023716144167823527 -0.028421655720801124 -0.024339770324767574 -0.033656804633361181 -0.036596021251541822 0.0036524005075298047 -0.011290337682272835 -0.036249541723013493 0.00080448640033682324 -0.041228490890851836 0.025459736410007178 -0.020210800556546671 -0.015124604651839157 0.028412863994550109 -0.014174679103022638 0.021367888102113854 -0.01189231508297138 0.034348972404085271 -0.015485753788287291 0.014872677794039064 -0.008287444437601767 -0.016279462221955549 0.019640601747021175 0.034896388559450091 0.0077095742668006773 -0.0082158514487171413 0.033320074727444762 -0.028760714694832993 -0.048782207742026525
leaf_weight=4.2227158546447781 111.47826337814331 12.228604406118391 7.8327782899141303 5.2990493327379218 5.7928599864244452 4.5639513283967963 8.3140484094619769 40.719615206122398 10.322368666529654 254.58599837124348 5.0503727197647086 5.2490711212158194 22.657140225172043 18.801274716854095 24.418767452239994 5.1622666269540778 8.2058588117361051 29.937772288918495 10.261430501937864 5.3867880403995505 32.242994576692581 22.295815274119377 20.636228725314144 5.2643023431301108 7.9152153432369223 6.1203431934118333 5.6942266970872861 7.4648656249046326 10.46108692884445 6.3200285136699668
leaf_count=21 504 58 34 23 26 20 37 178 47 1120 22 23 118 84 128 26 39 133 47 24 143 98 91 24 36 27 27 34 45 28
internal_value=-0.000197532 0.000347605 -0.000971872 0.00691519 -0.00367354 -0.00315759 -0.00269802 -0.0020766 -0.0184486 -0.00107821 -0.0104729 -0.00709392 -0.0143539 0.00290193 0.00912985 0.0209808 0.0021704 -0.00473703 -0.000232447 0.0171937 -0.00213648 0.00540467 -0.00677447 -0.0167861 -0.00106073 0.00596128 -0.00173958 0.0153466 -0.0152992 -0.0238999
internal_weight=724.906 698.026 581.249 116.777 342.431 336.638 332.074 324.241 18.6364 305.605 51.0191 45.9687 26.8799 238.818 79.9533 29.581 50.3722 38.1436 158.865 15.6482 143.216 54.5388 88.6776 32.2206 56.457 37.6557 29.7405 13.1591 16.5814 26.9563
internal_count=3265 3126 2599 527 1507 1481 1461 1427 84 1343 223 201 139 1092 384 154 230 172 708 71 637 241 396 143 253 169 133 61 72 119
is_linear=0
shrinkage=0.03


Tree=83
num_leaves=31
num_cat=0
split_feature=7 74 90 34 9 81 29 9 25 45 29 67 20 16 36 67 36 63 0 37 29 72 71 10 61 49 72 34 58 73
split_gain=5.88843 6.32976 5.78304 6.78987 7.16302 6.91985 6.1216 5.90805 5.68763 5.21278 4.66551 4.95018 5.55685 4.78639 4.76148 5.37668 5.87844 6.04877 4.6553 4.53131 4.16815 4.13961 6.44399 5.75242 5.93906 6.33279 4.03242 9.49272 6.50196 6.08068
threshold=14.400000000000002 1.3400000000000003 -0.010000000000000229 67.950000000000017 6.2250000000000005 47.650000000000013 51.95000000000001 7.0650000000000004 6.6150000000000011 3.6450000000000005 44.350000000000001 32.350000000000001 26.850000000000005 51.850000000000001 13.850000000000003 42.95000000000001 19.450000000000003 67.950000000000017 3.5000000000000004 54.95000000000001 46.050000000000004 45.050000000000004 2.1250000000000004 24.900000000000002 5.5950000000000006 42.45000000000001 43.650000000000013 63.550000000000004 7.4150000000000009 65.550000000000011
decision_type=2 2 2 2 2 2 2 2 2 2 2 2 2 2 2 2 2 2 2 2 2 2 2 2 2 2 2 2 2 2
left_child=9 10 3 4 5 6 19 -6 -4 -1 11 12 -2 -13 -12 16 -16 20 -19 -3 -18 22 -22 -24 25 -25 28 29 -10 -28
right_child=1 2 8 -5 7 -7 -8 -9 26 -11 14 13 -14 -15 15 -17 17 18 -20 -21 21 -23 23 24 -26 -27 27 -29 -30 -31
leaf_value=0.016462646436954338 -0.036070695613247182 -0.010312852796851225 -0.02336043766749385 -0.022142065268148811 0.033993244992748826 0.013309935921410358 -0.029588076493104774 -0.00028768680457151298 0.00049608223714063461 -0.019779462344923712 -0.010728175654887295 0.028728167751783443 0.00011614955427852639 -0.0087233509094779404 0.047280789373391807 -0.012585438709424553 0.044401083278817574 0.011235999605382933 -0.032070252745376532 0.027198025641807511 0.02278120391174563 0.040256456069708402 -0.028254698056640635 0.028446730430806252 -0.019727496414721761 -0.012866893608898693 -0.021255526384507516 0.0060179366531346243 -0.035108433697090401 -0.0054351730215570337
leaf_weight=4.2472169101238277 6.6095982193946865 7.8624996691942233 11.076395094394682 6.6489748358726493 15.298091411590578 26.146446362137794 8.4321510195732099 6.4248487502336493 355.04155768454075 22.459717735648155 8.9022979736328107 6.2341602891683561 9.046399459242819 6.0534056276082993 4.6994175910949698 7.0635147839784613 4.3301780670881262 4.4683424681425077 4.4677717536687851 4.5905846655368805 23.285017222166061 4.8602782636880866 4.8818111717700985 11.75698202848435 5.3324768841266623 4.6639330983161917 34.823931217193604 40.802565932273865 4.676925152540206 58.761448502540588
leaf_count=21 29 35 50 30 80 118 36 32 1580 118 39 28 42 27 21 31 20 21 20 21 108 22 22 53 23 21 153 184 21 259
internal_value=-0.000191441 0.000338085 -0.000943191 0.00680668 0.00960619 0.00302533 -0.00985007 0.0238542 -0.00209994 -0.0140159 0.0067149 -0.00397487 -0.0151611 0.0102779 0.0100821 0.0124034 0.0148297 0.0125886 -0.0104157 0.00351479 0.0160663 0.0138265 0.0112533 0.00117539 0.00777998 0.0167127 -0.00162334 -0.00605733 3.31656e-05 -0.0113221
internal_weight=723.949 697.242 580.586 75.4036 68.7546 47.0317 20.8852 21.7229 505.183 26.7069 116.656 27.9436 15.656 12.2876 88.712 79.8097 72.7462 68.0468 8.93611 12.4531 59.1107 54.7805 49.9202 26.6352 21.7534 16.4209 494.106 134.388 359.718 93.5854
internal_count=3265 3126 2599 352 322 210 92 112 2247 139 527 126 71 55 401 362 331 310 41 56 269 249 227 119 97 74 2197 596 1601 412
is_linear=0
shrinkage=0.03


Tree=84
num_leaves=31
num_cat=0
split_feature=0 90 66 42 86 25 25 20 19 6 68 59 22 24 62 20 32 80 55 59 15 40 19 77 12 61 11 33 76 19
split_gain=5.81611 8.34782 9.68724 8.9916 7.87052 7.14372 8.35263 7.66517 6.47668 11.5216 9.01373 8.99675 6.77793 7.62259 6.66549 6.22531 6.21092 5.65939 5.65859 7.69443 7.87769 6.27904 5.59125 7.3052 5.54544 6.08007 5.32292 5.39374 5.3217 7.18308
threshold=5.5000000000000009 0.1000000000000001 0.13500000000000004 59.250000000000007 3.5000000000000004 6.9050000000000011 6.9450000000000012 53.800000000000004 5.7150000000000007 4.2750000000000012 54.250000000000007 47.650000000000013 5.6550000000000011 58.750000000000007 57.800000000000004 8.5500000000000025 4.4650000000000007 41.250000000000007 48.750000000000007 4.5500000000000007 43.45000000000001 0.16500000000000004 4.8850000000000007 6.7750000000000012 6.7950000000000008 4.4350000000000014 14.400000000000002 25.450000000000003 53.800000000000004 4.9750000000000005
decision_type=2 2 2 2 2 2 2 2 2 2 2 2 2 2 2 2 2 2 2 2 2 2 2 2 2 2 2 2 2 2
left_child=1 5 -3 4 -4 7 -7 8 11 -10 14 12 15 -14 24 -1 -8 -12 21 -20 28 -17 23 -13 -11 -26 27 -2 -21 -30
right_child=26 2 3 -5 -6 6 16 -9 9 10 17 22 13 -15 -16 18 -18 -19 19 20 -22 -23 -24 -25 25 -27 -28 -29 29 -31
leaf_value=-0.022869325699422693 -0.00043348818648074653 0.030982497431435638 -0.0087236671952066764 0.022850560279314706 -0.037982648855484753 0.026115665742873502 0.02453678121787926 -0.017639373583321905 -0.027319442627866643 0.021525527597439646 -0.0058951778836282111 -0.021513535556631502 -0.039064298179172993 -0.0037084420831142925 -0.014909428460821786 -0.011335049451300799 -0.0039392906300960324 0.025749704070401669 -0.019473013159686591 0.014242195417814983 0.041508316841641205 0.0062267606677957202 -0.032814666860791729 0.023546691232473289 -0.027571424685573099 0.017757482019840613 -0.0025968143756112442 -0.029513139611547511 -0.011405028167039231 0.020162070038280203
leaf_weight=7.6854090690612784 9.7182721197605151 4.4337313026189795 19.290472969412804 4.739679053425788 14.488948822021483 24.119794622063637 9.2578067779540998 18.240011498332024 7.9570169150829306 64.292786255478859 35.796232730150223 8.6178750097751635 6.9694106578826895 25.821018204092979 5.9120993465185157 33.174697443842888 26.992237642407417 5.9287623018026343 7.7934566736221305 59.627459779381752 7.2867017537355414 40.928718075156212 11.634045064449309 5.1870796829462043 4.6542524099349958 6.2253503650426865 202.54474684596062 14.025193050503729 20.238184362649921 9.5484875142574293
leaf_count=33 44 19 86 21 63 114 45 79 41 299 158 38 31 119 26 148 129 27 36 271 34 185 52 24 20 28 893 67 90 45
internal_value=-0.000185519 0.00163021 -0.0110107 -0.0158443 -0.0212737 0.00282646 0.0124355 0.00135233 0.0022754 0.00766458 0.00993124 -0.000606764 0.00135419 -0.0112231 0.0157615 0.00356811 0.00333314 -0.00139871 0.00470577 0.00920263 0.0115137 -0.00163533 -0.017494 -0.00458259 0.0181737 -0.00163405 -0.00417216 -0.0176108 0.00906933 -0.0012858
internal_weight=723.13 496.842 42.9528 38.5191 33.7794 453.889 60.3698 393.519 375.279 130.767 122.809 244.513 219.074 32.7904 81.0845 186.283 36.25 41.725 178.598 104.494 96.7008 74.1034 25.439 13.805 75.1724 10.8796 226.288 23.7435 89.4141 29.7867
internal_count=3265 2261 189 170 149 2072 288 1784 1705 599 558 1106 992 150 373 842 174 185 809 476 440 333 114 62 347 48 1004 111 406 135
is_linear=0
shrinkage=0.03


Tree=85
num_leaves=31
num_cat=0
split_feature=58 50 40 8 76 58 16 0 62 71 12 36 42 84 4 33 8 35 23 59 59 61 28 64 59 3 50 75 15 55
split_gain=6.2728 13.3046 5.56316 5.29606 6.70908 5.31664 5.55121 5.18061 5.97599 5.00923 4.39672 4.33061 6.26511 10.3556 5.2835 5.25765 5.28984 4.94622 5.29376 4.45104 4.58344 6.48928 5.1318 4.42052 4.80213 4.30062 5.63182 4.26832 3.89832 4.39206
threshold=6.955000000000001 57.95000000000001 0.14500000000000005 30.950000000000003 59.850000000000009 6.8450000000000006 50.95000000000001 2.5000000000000004 21.450000000000003 1.0750000000000004 6.7350000000000012 15.500000000000002 54.45000000000001 2.5000000000000004 6.9275000000000002 22.150000000000002 42.95000000000001 7.3850000000000007 22.750000000000004 53.150000000000013 49.800000000000004 6.6550000000000011 34.550000000000004 6.8050000000000006 30.650000000000002 1.0000000180025095e-35 52.45000000000001 28.500000000000004 34.750000000000007 49.900000000000006
decision_type=2 2 2 2 2 2 2 2 2 2 2 2 2 2 2 2 2 2 2 2 2 2 2 2 2 2 2 2 2 2
left_child=3 27 -3 4 7 9 -7 -1 -9 -5 -6 12 14 -14 15 16 -11 19 -19 20 -13 22 -22 24 -17 -20 -27 -2 29 -18
right_child=1 2 -4 5 10 6 -8 8 -10 11 -12 17 13 -15 -16 23 28 18 25 -21 21 -23 -24 -25 -26 26 -28 -29 -30 -31
leaf_value=0.0015937256991577717 0.0029517032672616078 0.010241321132237911 -0.022524040976697888 0.025972730082887228 0.030085428539606749 -0.0026682346917615537 -0.045755769291710886 0.0026916198528209863 -0.035582861295021431 -0.03614318466976079 -0.01244181128798183 0.0014023996902651733 0.037556527800299673 -0.012322308104257555 0.012823426696799095 -0.0038208874632028075 -0.032453449788527135 -0.038052366937227494 -0.022196652586689177 0.022879708750493184 0.016837264060533139 -0.03443082506042245 -0.022790868444400463 -0.054239510463486032 -0.039471027055277094 0.024754024354874525 -0.012505538556821471 0.033090930180074515 0.019673171710493143 0.0080982782939124035
leaf_weight=7.9965068846941021 5.5313853323459652 8.4517350941896456 10.405684456229208 6.6252643764019004 4.8627682626247388 6.3234143555164319 4.6848164349794388 4.7617437094450024 16.034089595079422 4.4151064902544048 3.977639839053154 515.37133432924747 6.4473089128732672 8.9415065944194776 5.89444975554943 7.2203510254621524 4.5206268429756147 5.4948060065507915 8.5802462697029132 8.3877599090337736 7.1466123312711733 7.8787368834018698 4.9978518337011337 4.7398266643285742 6.4279894232749939 6.7256619781255704 7.9865409284830093 17.960595563054085 6.1473545581102362 5.1333059519529343
leaf_count=38 25 39 48 30 24 28 20 23 86 20 21 2308 30 38 27 31 20 24 38 38 32 36 22 20 28 31 36 82 28 23
internal_value=-0.000276988 0.010929 -0.00783888 -0.000967045 -0.011909 -0.000333633 -0.0210052 -0.0189279 -0.0268189 2.24355e-05 0.0109508 -0.000249405 -0.00792523 0.00857496 -0.0136314 -0.0176707 -0.0071119 0.000553447 -0.0115653 0.001195 0.000855274 -0.013227 0.000528967 -0.0292793 -0.0206111 -0.00531681 0.00452762 0.0259944 0.000999853 -0.0108908
internal_weight=730.073 42.3494 18.8574 687.724 37.6327 650.091 11.0082 28.7923 20.7958 639.083 8.84041 632.457 59.8878 15.3888 44.499 38.6046 20.2164 572.57 28.7873 543.782 535.395 20.0232 12.1445 18.3882 13.6483 23.2924 14.7122 23.492 15.8013 9.65393
internal_count=3294 194 87 3100 192 2908 48 147 109 2860 45 2830 265 68 197 170 91 2565 129 2436 2398 90 54 79 59 105 67 107 71 43
is_linear=0
shrinkage=0.03


Tree=86
num_leaves=31
num_cat=0
split_feature=54 59 59 49 14 85 38 4 49 76 38 67 3 61 4 9 48 90 9 67 85 54 4 67 84 80 28 49 77 47
split_gain=5.38671 7.39803 10.5882 8.25443 6.87299 6.31145 6.12403 7.07934 5.35234 9.80723 6.79715 6.69316 6.19939 5.49133 5.32493 5.25264 6.32452 5.59315 4.92379 11.5724 8.61892 7.81892 6.88975 5.86744 5.97736 8.62359 6.41447 6.13039 5.82683 6.07511
threshold=34.250000000000007 53.150000000000013 49.800000000000004 42.850000000000001 0.16500000000000004 3.5000000000000004 6.995000000000001 6.9125000000000023 18.700000000000006 10.800000000000002 6.8950000000000005 38.550000000000004 3.5000000000000004 4.8550000000000013 6.885833333333335 6.705000000000001 6.4150000000000009 0.029999999999999808 5.2550000000000008 33.150000000000013 2.5000000000000004 32.750000000000007 6.9808333333333339 45.750000000000007 3.5000000000000004 25.450000000000003 39.350000000000001 23.550000000000004 6.6850000000000014 62.850000000000001
decision_type=2 2 2 2 2 2 2 2 2 2 2 2 2 2 2 2 2 2 2 2 2 2 2 2 2 2 2 2 2 2
left_child=18 2 4 -3 6 -4 7 14 9 -6 -10 12 -12 -14 15 16 -2 -18 19 20 -1 23 -22 24 27 -26 -27 -21 -20 -30
right_child=1 3 5 -5 8 -7 -8 -9 10 -11 11 -13 13 -15 -16 -17 17 -19 28 21 22 -23 -24 -25 25 26 -28 -29 29 -31
leaf_value=-0.03797081565978417 0.00073184400185333817 0.030414860753232863 -0.043598667961816176 -0.011385865127308825 0.043598608226671796 -0.0057613481405818668 0.027451150712430303 -0.023277778100170361 -0.01455528573000358 -0.0062709685622286092 0.031064318898516893 -0.021247257110901373 0.018749994386038134 -0.02805610377758121 0.031213515709687913 0.011491669509720482 -0.030821990806899555 0.0050406167606811998 0.023217020657159193 0.004576916879734343 -0.0042865243828288666 -0.013600736688568716 -0.043464835405357408 -0.012285793940603413 0.03605541792445846 -0.0075155818038379653 0.02948870003913617 0.035125538916779241 0.00065542309403753853 0.011957870045493887
leaf_weight=8.6937918215990049 84.612958684563637 11.746053352952005 9.5077377706766146 6.6637551486492148 4.8372464478015926 6.8091055154800406 7.6421696841716757 10.972244039177893 86.047198042273521 13.327495843172072 8.7624924778938347 7.1677863597869864 4.5687206834554654 4.4561856985092163 5.311303347349166 30.573226854205132 11.85993365943432 5.8418421149253836 14.567899733781813 9.1429391056299227 72.798030138015747 15.341391071677206 4.2770965695381156 9.2810457050800306 6.8045832067728034 25.191441625356678 5.0633872747421256 16.731213614344597 162.73789447546005 58.074681863188744
leaf_count=37 378 53 42 29 22 31 35 51 385 60 39 32 21 20 26 149 51 25 65 39 327 68 20 41 30 115 22 74 741 266
internal_value=-0.00026894 -0.0031793 -0.00430373 0.0152844 -0.00296262 -0.027809 0.00125832 -8.35574e-05 -0.00808701 0.00700923 -0.0105574 0.0032276 0.0130902 -0.00436123 0.00175793 0.000580644 -0.00267974 -0.0189868 0.00201479 -0.00182246 -0.0096546 0.00584982 -0.00646063 0.00998192 0.0132658 0.00554047 -0.00132262 0.0243308 0.0048404 0.00362802
internal_weight=729.413 320.707 302.298 18.4098 285.981 16.3168 156.814 149.172 129.167 18.1647 111.002 24.9552 17.7874 9.02491 138.199 132.888 102.315 17.7018 408.705 173.325 85.7689 87.556 77.0751 72.2146 62.9336 37.0594 30.2548 25.8742 235.38 220.813
internal_count=3294 1449 1367 82 1294 73 715 680 579 82 497 112 80 41 629 603 454 76 1845 773 384 389 347 321 280 167 137 113 1072 1007
is_linear=0
shrinkage=0.03


Tree=87
num_leaves=31
num_cat=0
split_feature=58 50 60 81 59 24 67 22 22 16 54 23 24 28 12 59 53 15 67 73 29 75 12 9 16 67 61 59 8 61
split_gain=5.75191 12.3772 6.57083 5.46691 5.46631 4.95587 7.58477 6.34275 6.97521 5.41161 4.83745 6.69799 10.0575 9.01721 8.53169 8.94324 9.86601 5.99644 7.08309 5.9269 6.5651 5.55729 6.22351 6.76061 5.32592 5.55927 5.16287 6.09617 5.81857 6.38859
threshold=6.955000000000001 57.95000000000001 68.15000000000002 47.550000000000004 52.350000000000001 69.850000000000009 27.850000000000005 4.995000000000001 2.8250000000000006 50.45000000000001 32.45000000000001 23.450000000000003 42.150000000000013 22.750000000000004 6.785000000000001 37.850000000000001 0.14500000000000005 41.650000000000013 39.050000000000004 21.850000000000005 43.45000000000001 42.750000000000007 6.7950000000000008 5.0950000000000006 47.350000000000001 33.050000000000004 3.5450000000000004 49.800000000000004 30.950000000000003 3.6550000000000007
decision_type=2 2 2 2 2 2 2 2 2 2 2 2 2 2 2 2 2 2 2 2 2 2 2 2 2 2 2 2 2 2
left_child=2 -2 4 -3 10 6 -4 8 -8 -9 11 14 13 -13 15 16 -1 26 21 -18 -21 22 23 -19 -15 -26 -12 28 -28 -30
right_child=1 3 5 -5 -6 -7 7 9 -10 -11 17 12 -14 24 -16 -17 19 18 -20 20 -22 -23 -24 -25 25 -27 27 -29 29 -31
leaf_value=-0.021940672238336525 0.025075326323592217 0.017580945322053388 -0.033781639935487558 -0.018000216619813967 0.027138546490658635 -0.036262506411455821 0.0099487322356878027 0.031337150696628117 -0.032315367845117224 -0.0049317734275427074 -0.011251154167665939 -0.011216215680931164 0.0012729229893159372 0.003826646635394922 -0.020523927737772271 -0.02155969421530746 -0.0091330042718569416 -0.027949536234481584 -0.015356736794446359 0.052650102543640866 0.014920005198191736 0.037702368358955039 0.02970095423952732 0.012966842649096951 0.012674595524896038 0.037166399112071799 -0.020704535319247923 -0.035016131830001358 0.034532554210743124 -0.00094811752680878795
leaf_weight=7.3073148727416983 23.363796159625053 5.4870479702949551 8.024711996316908 13.322318181395529 6.537197768688201 6.5310834646224967 5.9639215916395214 7.3011577576398832 8.5568729788064939 7.511987641453743 72.566763162612915 9.1338097155094129 166.70387056469917 11.623397722840307 23.283732727169991 11.27781595289707 6.0444754511117962 6.0513671189546647 8.8807719200849515 5.5426384359598186 16.525861799716949 7.4042664170265189 7.7325999587774268 9.0995094329118711 13.97476017475128 20.690203562378883 13.189616516232489 4.9509010910987845 4.669213891029357 209.34901778399944
leaf_count=32 107 26 36 61 30 29 26 34 37 35 330 41 753 51 104 49 27 27 39 25 74 35 36 42 65 94 67 22 21 939
internal_value=-0.000260919 0.0104929 -0.000921616 -0.00762052 -0.000154493 -0.0121522 -0.0079372 -0.000867084 -0.0149568 0.0129446 -0.000435026 0.00240381 0.00495366 0.0160249 -0.00568955 0.00170689 0.00911497 -0.00284637 0.0082031 0.0171872 0.0243961 0.0151112 0.00780146 -0.00337545 0.0214003 0.0272928 -0.00426664 -0.00208346 -0.00136585 -0.000174039
internal_weight=728.602 42.1732 686.429 18.8094 642.539 43.8897 37.3587 29.3339 14.5208 14.8131 636.002 292.108 222.126 55.4222 69.9818 46.6981 35.4203 343.894 39.1685 28.113 22.0685 30.2877 22.8835 15.1509 46.2884 34.665 304.726 232.159 227.208 214.018
internal_count=3294 194 3100 87 2903 197 168 132 63 69 2873 1315 1004 251 311 207 158 1558 179 126 99 140 105 69 210 159 1379 1049 1027 960
is_linear=0
shrinkage=0.03


Tree=88
num_leaves=31
num_cat=0
split_feature=58 50 60 59 40 7 24 6 75 8 73 19 86 21 35 56 47 47 47 19 62 75 11 23 10 40 28 34 24 42
split_gain=5.42419 11.7092 6.19338 5.16175 4.99156 4.83416 7.0634 5.86731 4.75215 4.46458 6.32293 6.95115 5.31248 5.87815 5.11407 4.59552 9.02141 7.03828 6.89169 6.5746 6.61364 6.43808 6.81552 6.61889 5.62053 7.31061 7.56731 5.61957 4.99244 10.4411
threshold=6.955000000000001 56.95000000000001 68.15000000000002 52.350000000000001 0.14500000000000005 42.150000000000013 25.250000000000004 6.7750000000000012 28.500000000000004 33.500000000000007 64.850000000000009 5.2150000000000007 4.5000000000000009 35.45000000000001 7.3850000000000007 2.5000000000000004 63.650000000000013 61.250000000000007 65.750000000000014 7.2650000000000006 7.4500000000000011 29.750000000000004 43.750000000000007 28.950000000000003 55.050000000000004 0.18500000000000003 29.450000000000003 47.650000000000013 43.70000000000001 51.050000000000004
decision_type=2 2 2 2 2 2 2 2 2 2 2 2 2 2 2 2 2 2 2 2 2 2 2 2 2 2 2 2 2 2
left_child=2 8 3 9 -3 6 -4 -7 -2 10 11 12 13 -1 15 17 -17 19 27 20 -11 23 -23 -20 -22 26 -26 -18 -24 -30
right_child=1 4 5 -5 -6 7 -8 -9 -10 14 -12 -13 -14 -15 -16 16 18 -19 21 -21 24 22 28 -25 25 -27 -28 -29 29 -31
leaf_value=-0.015109557701538198 0.00044706240708577597 0.010645576837196991 0.0086342288826303116 0.026419851981188763 -0.01970233910451584 0.012976880632093214 -0.029682054793533065 -0.020416323222975114 0.032952010342216703 -0.024839780064898929 0.016728513970191896 -0.026720113237147038 -0.028314439681632258 0.020329835666730963 -0.012826691913388715 -0.015329144446424667 -0.0048453245870082344 0.012697719354900345 0.012183246389489168 -0.035105984288655939 0.0030221147191929068 -0.020422917820570222 0.026383742875309996 -0.028321947219601688 0.0076708225422744379 0.021492478122600044 -0.027776597901252278 0.036688184612901888 -0.013706153748278653 0.027639753528454349
leaf_weight=7.150049075484282 5.3233826756477383 8.6151165366172808 5.6440827548503902 6.5139315426349631 11.243926554918287 11.546996697783472 18.597993895411491 8.0277168899774534 16.894986554980278 8.4905826896429044 7.2888487428426734 19.416275858879089 5.3910562098026267 10.251609981060026 25.514588117599487 42.908506035804749 4.5412789583206168 51.754698291420937 5.0092927217483547 4.5049801915884009 348.0923994332552 8.2220434546470624 11.246003508567808 13.194364830851553 7.7908406406641069 5.3756418973207465 17.812792539596558 8.2730643898248655 14.428055450320246 8.8803253918886167
leaf_count=33 24 40 24 30 52 53 84 36 78 37 35 107 27 46 115 190 20 233 22 20 1554 37 51 57 38 27 81 38 64 41
internal_value=-0.000252996 0.0102023 -0.000894418 -0.000149685 -0.00653701 -0.011807 -0.0207612 -0.000717889 0.025164 -0.000422009 -0.00907391 -0.0135296 -0.00229307 0.00576838 0.000308744 0.000906657 -0.00439065 0.00229958 0.00196965 0.00092698 0.00134582 -0.00223303 0.00412588 -0.0171757 0.00193234 -0.0103127 -0.0169904 0.0219691 0.00996714 0.00204634
internal_weight=727.945 42.0774 685.868 642.051 19.859 43.8168 24.2421 19.5747 22.2184 635.537 49.4978 42.209 22.7927 17.4017 586.039 560.525 116.703 443.822 73.7944 392.067 387.562 60.9801 42.7764 18.2037 379.072 30.9793 25.6036 12.8143 34.5544 23.3084
internal_count=3294 194 3100 2903 92 197 108 89 102 2873 248 213 106 79 2625 2510 520 1990 330 1757 1737 272 193 79 1700 146 119 58 156 105
is_linear=0
shrinkage=0.03


Tree=89
num_leaves=31
num_cat=0
split_feature=54 23 12 59 60 53 28 24 11 27 22 74 47 41 64 45 73 72 22 81 45 72 82 16 74 60 59 33 41 35
split_gain=4.82037 7.92797 8.3474 9.33525 6.60344 6.53376 6.95625 6.39727 6.18583 10.1792 8.84501 6.14754 6.00982 5.97068 5.96322 5.81802 6.35479 7.68205 7.6375 5.80721 5.48168 5.34172 9.68901 6.99195 6.52939 5.57651 9.30131 5.48273 5.28977 5.08243
threshold=34.250000000000007 24.150000000000002 6.785000000000001 37.850000000000001 73.850000000000009 0.14500000000000005 30.150000000000002 42.150000000000013 45.400000000000006 0.15500000000000003 4.8250000000000011 5.785000000000001 57.350000000000001 33.95000000000001 6.955000000000001 6.745000000000001 67.850000000000009 30.650000000000002 4.1950000000000012 51.350000000000001 5.2150000000000007 17.350000000000005 1.0000000180025095e-35 56.850000000000001 1.2650000000000003 68.15000000000002 53.150000000000013 40.550000000000004 39.95000000000001 4.1750000000000007
decision_type=2 2 2 2 2 2 2 2 2 2 2 2 2 2 2 2 2 2 2 2 2 2 2 2 2 2 2 2 2 2
left_child=1 2 3 5 21 -1 -7 15 9 28 -10 13 -5 -8 29 16 17 -3 19 -19 -6 22 23 24 -2 -23 27 -27 -9 -11
right_child=4 7 -4 12 20 6 11 8 10 14 -12 -13 -14 -15 -16 -17 -18 18 -20 -21 -22 25 -24 -25 -26 26 -28 -29 -30 -31
leaf_value=-0.013849364704912917 0.013328624580102174 0.021465019120222143 -0.018503823216783406 -0.02686943963745916 0.043659388115237487 0.03473490717726542 0.011476239080121454 -0.024846704521178885 -0.022802865898102501 -0.0083291621641252353 0.0069245542331435733 0.028940649396438738 0.0072696111517982845 -0.024771071653823865 -0.030972273036139381 -0.015440855000658404 0.044942736699681241 -0.020725751719969945 0.026156623522423122 0.012926579665429327 -0.0024002045217841506 -0.00029162433250035715 -0.025429489809642207 -0.027408254351436189 -0.016499987490664975 -0.050665694637586266 0.0088877080067065531 -0.01266236196623232 0.011113420212418363 0.013594710591703576
leaf_weight=9.3108419775962812 22.029874250292782 33.477131053805351 30.784248292446136 14.364821255207064 4.9149934053421003 10.563680946826933 9.2685434818267876 24.18761041760445 9.5740359425544721 14.023772135376928 152.35027465224266 7.0392668396234503 6.8558201044797888 7.320012852549552 4.1772184520959845 6.3657809197902671 5.6750986725091925 13.553648531436925 7.4684856384992591 6.9979002624750128 4.4139168411493301 222.87172529101372 26.337742611765862 7.7605976313352576 9.4325433522462827 6.7212037593126315 8.317174941301344 6.9490582793951035 4.3425862193107596 29.609834775328636
leaf_count=41 102 151 138 63 22 48 42 112 42 62 696 32 30 32 20 29 25 62 34 32 20 1012 119 36 40 30 37 31 21 133
internal_value=-0.000245611 0.00191869 -0.00564374 0.000472909 -0.0030026 0.00843043 0.0144975 0.00423511 0.00184783 -0.00519208 0.00516687 0.00544969 -0.01584 -0.00451857 0.00327024 0.01197 0.0145676 0.0117646 0.000174865 -0.00926697 0.0218666 -0.00374998 -0.0113554 -0.00190483 0.0043859 -0.00171364 -0.0161276 -0.0313473 -0.0193732 0.00654841
internal_weight=727.059 407.311 95.5072 64.723 319.749 43.5023 34.1915 311.803 238.265 76.341 161.924 23.6278 21.2206 16.5886 47.8108 73.538 67.1723 61.4972 28.02 20.5515 9.32891 310.42 65.5608 39.223 31.4624 244.859 21.9874 13.6703 28.5302 43.6336
internal_count=3294 1845 426 288 1449 195 154 1419 1086 348 738 106 93 74 215 333 304 279 128 94 42 1407 297 178 142 1110 98 61 133 195
is_linear=0
shrinkage=0.03


Tree=90
num_leaves=31
num_cat=0
split_feature=53 47 19 47 63 64 62 64 76 28 24 54 8 9 6 58 46 41 55 68 54 30 81 3 51 74 4 51 73 28
split_gain=5.21555 5.07421 4.47494 6.76758 6.37862 8.77969 5.85224 7.22918 6.91306 5.62233 4.61264 6.14807 6.3051 6.31996 6.03608 6.71465 6.4582 6.64077 7.07427 12.13 6.38493 6.32337 6.28113 6.10804 9.53342 5.63507 5.60477 5.59513 5.46807 5.20628
threshold=0.12500000000000003 60.550000000000004 6.7950000000000008 31.450000000000003 67.750000000000014 6.745000000000001 30.100000000000005 6.8050000000000006 45.45000000000001 33.550000000000004 67.200000000000003 28.250000000000004 63.95000000000001 4.5850000000000009 6.4050000000000011 6.785000000000001 14.350000000000003 35.45000000000001 50.45000000000001 49.45000000000001 24.350000000000005 2.5000000000000004 50.250000000000007 1.5000000000000002 6.7750000000000012 5.1350000000000007 6.9125000000000023 6.7550000000000008 30.700000000000006 29.850000000000005
decision_type=2 2 2 2 2 2 2 2 2 2 2 2 2 2 2 2 2 2 2 2 2 2 2 2 2 2 2 2 2 2
left_child=1 -1 10 -4 6 -6 8 -8 9 -5 14 12 13 -12 -2 16 -16 20 19 -19 29 23 -20 -22 -25 -21 27 28 -13 -18
right_child=2 -3 3 4 5 -7 7 -9 -10 -11 11 26 -14 -15 15 -17 17 18 22 25 21 -23 -24 24 -26 -27 -28 -29 -30 -31
leaf_value=-0.034117301359385878 -0.00098279329207076496 -0.0029745387621902819 -0.04150498387881961 0.027753517859289915 0.0042909213114676846 -0.04194409882630136 0.00070365504711592398 0.037216270372039312 -0.029160302831276536 -0.017792635836752283 -0.022323811142866027 -0.011100973145171011 -0.028525270749974126 0.024924693959838637 0.035756536572448538 0.028716387233931672 0.0049071824532783762 0.03473112449917154 -0.0021885177159409372 -0.040009132326859112 0.031023747327076821 -0.012336554436341587 -0.038580636522991402 -0.024789788628095402 0.023551650081879441 0.0045824385546116573 0.03495362463890022 -0.0042261445005282788 0.021630398589984327 -0.032499593852943189
leaf_weight=7.5927104055881527 458.60073299705982 12.396236941218374 4.7254527956247321 5.3722190260887164 6.7669595777988425 8.1462255418300611 15.477040573954584 7.1278945654630652 9.1416563093662244 4.4678712785243988 4.0467825233936328 5.4819609820842734 7.3411024808883658 6.8789145946502686 5.5500163435935965 11.356766656041144 9.5253599137067777 7.3993802517652538 8.0002028197050112 4.6649473309516889 19.465033993124962 6.5463489592075339 9.1505715847015363 5.7756583392620078 10.078362181782721 5.6272941678762436 8.8071651458740217 18.410438001155853 28.34442438185215 5.1640795022249213
leaf_count=34 2043 57 21 24 31 35 70 32 42 20 20 25 33 31 29 56 46 38 38 21 102 31 41 26 53 27 41 83 133 23
internal_value=0.000308156 -0.014804 0.000735154 -0.00701648 -0.00413198 -0.0209646 0.0019043 0.012217 -0.0103768 0.00707339 0.00146958 0.00824593 -0.00702322 0.00742426 0.000521556 0.00689155 0.0043349 0.00242685 -0.0078757 0.00543393 0.00877406 0.014745 -0.0216051 0.0197645 0.00594075 -0.0156286 0.0128151 0.0090825 0.0163259 -0.00824319
internal_weight=727.43 19.9889 707.441 61.2253 56.4999 14.9132 41.5867 22.6049 18.9817 9.84009 646.216 79.3108 18.2668 10.9257 566.905 108.304 96.9473 91.3972 34.8424 17.6916 56.5548 41.8654 17.1508 35.3191 15.854 10.2922 61.044 52.2368 33.8264 14.6894
internal_count=3306 91 3215 275 254 66 188 102 86 44 2940 366 84 51 2574 531 475 446 165 86 281 212 79 181 79 48 282 241 158 69
is_linear=0
shrinkage=0.03


Tree=91
num_leaves=31
num_cat=0
split_feature=90 20 19 33 32 14 28 28 41 15 28 14 36 53 51 54 34 33 35 46 51 73 12 19 46 50 37 42 55 36
split_gain=5.00583 7.01861 8.70997 8.02777 7.49314 6.98185 6.86184 6.86308 6.42834 6.34605 6.19367 5.49294 5.06988 5.00624 7.23558 5.11869 6.20331 6.00863 8.81123 7.237 7.85712 6.1241 5.39433 5.09483 9.14455 5.76384 9.23597 5.33224 4.78525 4.70972
threshold=0.06000000000000006 29.250000000000004 4.3850000000000007 23.050000000000004 4.1450000000000005 0.19500000000000003 27.650000000000002 31.950000000000003 31.850000000000005 42.95000000000001 43.850000000000001 0.21500000000000002 41.95000000000001 0.12500000000000003 6.785000000000001 24.750000000000004 68.850000000000009 23.250000000000004 4.495000000000001 17.750000000000004 6.7750000000000012 52.850000000000001 7.0150000000000006 6.785000000000001 22.450000000000003 2.8000000000000003 69.550000000000011 44.050000000000004 37.550000000000004 33.20000000000001
decision_type=2 2 2 2 2 2 2 2 2 2 2 2 2 2 2 2 2 2 2 2 2 2 2 2 2 2 2 2 2 2
left_child=11 2 3 -2 -3 9 -4 -8 -5 10 -6 13 -10 14 -1 16 17 -15 -19 -20 21 -21 23 25 -25 26 27 -17 -27 -22
right_child=1 4 6 8 5 -7 7 -9 12 -11 -12 -13 -14 15 -16 22 -18 18 19 20 29 -23 -24 24 -26 28 -28 -29 -30 -31
leaf_value=-0.026832498858044306 0.018685209207872488 -0.030697127082635771 0.044261195837006093 -0.034596281753797149 -0.013514972187146155 0.025233587081495871 -0.023473845378618668 0.017007355231449185 0.008036843645103646 0.016720780661822716 0.018946717933968477 -0.022808141750348069 -0.027179468552306695 0.0070855575646945196 0.018112870693964677 -0.0022841230702586998 0.021970774598175667 -0.034979395394031103 0.019642238095414287 -0.0084373357704973524 0.026896204755396693 -0.041841798892100344 0.030229114144519755 -0.038424331831893789 -0.00046107023041462239 0.030147747400913982 -0.016118110857914238 0.024434938456443213 0.0025953349836274849 -0.0071988897278139445
leaf_weight=11.698811486363413 8.5770879834890348 12.708825275301932 6.0557491779327419 9.4090858995914477 69.659670203924179 5.9799590557813636 4.812098994851115 17.392728239297867 11.159457042813303 8.2126680314540845 5.7246335446834555 8.1440626382827741 5.4888108223676673 20.630166471004486 4.4497859925031653 8.329537630081175 7.4027094393968573 11.728635013103483 8.2318393588066083 10.401406988501551 5.3251385986804989 9.4062738567590696 6.8310510516166678 6.781705677509307 36.154478624463081 5.7677797079086295 7.8390701413154593 34.835170239210129 345.9815569370985 11.565861627459524
leaf_count=52 38 58 26 42 313 29 22 76 48 36 25 41 23 94 21 38 34 52 37 47 26 40 32 30 162 27 36 162 1586 53
internal_value=0.000299914 -0.00429083 0.00359535 -0.00648923 -0.00914 -0.00608156 0.0159544 0.00823451 -0.0147757 -0.00832163 -0.0110499 0.0016504 -0.00357371 0.00201036 -0.0144477 0.00250509 -0.00426392 -0.00677666 -0.011824 -0.00577957 -0.0114819 -0.0243005 0.00377196 0.00336645 -0.00645731 0.00441373 0.0138386 0.0192789 0.00304712 0.0035501
internal_weight=726.686 165.181 62.895 34.6344 102.286 89.5769 28.2606 22.2048 26.0574 83.597 75.3843 561.505 16.6483 553.361 16.1486 537.212 84.692 77.2893 56.6592 44.9305 36.6987 19.8077 452.52 445.689 42.9362 402.753 51.0038 43.1647 351.749 16.891
internal_count=3306 736 275 151 461 403 124 98 113 374 338 2570 71 2529 73 2456 383 349 255 203 166 87 2073 2041 192 1849 236 200 1613 79
is_linear=0
shrinkage=0.03


Tree=92
num_leaves=31
num_cat=0
split_feature=0 68 20 80 64 20 41 89 49 20 27 81 6 67 68 8 75 48 22 54 58 51 67 41 54 29 62 15 63 3
split_gain=6.14344 6.61327 6.22658 6.07963 5.53233 5.27659 5.61123 5.34922 7.06 6.75025 6.75251 9.05966 7.41358 6.51133 9.99609 6.97959 7.37837 7.33748 6.92147 6.40894 5.91229 5.84389 8.34907 5.54917 7.93344 7.71207 6.76015 6.24493 7.09935 7.03156
threshold=5.5000000000000009 42.95000000000001 4.2500000000000009 22.550000000000004 7.0450000000000008 57.050000000000004 52.650000000000013 2.5000000000000004 25.150000000000002 34.050000000000004 0.17500000000000002 45.550000000000004 5.9850000000000012 27.850000000000005 45.550000000000004 66.050000000000011 38.850000000000001 3.6850000000000005 6.6750000000000007 25.250000000000004 1.3200000000000003 6.8350000000000009 33.050000000000004 38.050000000000004 28.350000000000005 37.750000000000007 9.2500000000000018 35.050000000000004 62.45000000000001 1.5000000000000002
decision_type=2 2 2 2 2 2 2 2 2 2 2 2 2 2 2 2 2 2 2 2 2 2 2 2 2 2 2 2 2 2
left_child=2 -2 -1 -3 -5 6 7 19 21 10 12 -12 -10 -11 -15 17 -17 -16 -19 -4 -21 22 -9 26 -25 -26 -22 28 29 -27
right_child=1 3 5 4 -6 -7 -8 8 9 13 11 -13 -14 14 15 16 -18 18 -20 20 23 -23 -24 24 25 27 -28 -29 -30 -31
leaf_value=-0.031341163088605233 -0.013598686803990977 0.017767464604492064 -0.0048415147594357538 -0.0042099982199292956 0.016755511162493252 -0.016966016608993259 0.02760669859835764 -0.024232291503063424 0.028866306156444945 0.016499323378100436 0.022995871426556149 -0.015102196993588739 -0.00041680551262155921 -0.041458112600613439 0.023061857481179476 0.036572340335855949 -0.014228822769165147 -0.027452662865311638 0.0086388507970024796 -0.025661730996812938 -0.019334433796102522 -0.025833097351299981 0.013564743236937481 0.032905809735043694 0.03504787414542531 -0.020115409558579558 0.010981202812329694 0.0041909496558682853 -0.046392316965891411 0.016312640457351809
leaf_weight=4.9353224188089362 48.378630056977272 14.13788792490959 51.237613648176193 157.94837874174118 12.202795550227163 12.187945410609244 8.2129314094781858 9.151088163256647 20.683851093053818 10.008968368172644 8.3384743332862872 17.215568631887436 12.473311409354208 7.6847264915704718 4.619778364896777 6.5268166214227659 4.2476670145988464 18.459482952952389 6.4543290734291068 4.9646013826131812 6.8637210428714743 17.550873562693596 12.369118571281431 5.8449310511350623 4.2538617849349967 15.573170036077505 186.52288115024567 24.303318604826927 5.7225860506296149 6.8739346861839286
leaf_count=21 216 62 237 708 54 54 38 41 91 46 37 75 57 35 21 30 20 82 29 23 31 78 54 28 20 71 879 111 25 32
internal_value=0.00029124 -0.00372716 0.00218661 -0.00113574 -0.00270641 0.00252545 0.00302437 0.00259292 -0.00194751 0.00174762 0.00891866 -0.00267051 0.0178504 -0.00551112 -0.0101014 -0.00412328 0.0165448 -0.0116634 -0.0181026 0.00485882 0.00676369 -0.0129856 -0.00250778 0.00739261 -0.000372975 -0.0038019 0.00990523 -0.00695136 -0.0165644 -0.00896012
internal_weight=725.949 232.668 493.281 184.289 170.151 488.346 476.158 467.945 155.784 116.713 58.7112 25.554 33.1572 58.0018 47.9928 40.3081 10.7745 29.5336 24.9138 312.161 260.923 39.0711 21.5202 255.958 62.5718 56.7269 193.387 52.473 28.1697 22.4471
internal_count=3306 1040 2266 824 762 2245 2191 2153 696 523 260 112 148 263 217 182 50 132 111 1457 1220 173 95 1197 287 259 910 239 128 103
is_linear=0
shrinkage=0.03


Tree=93
num_leaves=31
num_cat=0
split_feature=0 90 68 80 20 19 34 61 7 11 84 89 71 45 10 7 10 54 20 19 50 37 38 32 55 28 28 35 50 41
split_gain=5.7862 10.1462 6.23056 5.72274 5.64069 5.22112 6.28135 5.08235 5.18929 11.0661 5.80443 6.8764 8.6254 5.57793 5.31303 5.06666 5.3678 4.81948 4.60533 4.64359 4.61471 7.31149 5.33175 8.14348 6.50887 8.29631 7.9282 6.92115 6.42665 6.3946
threshold=5.5000000000000009 -0.010000000000000229 42.95000000000001 22.550000000000004 4.2500000000000009 3.7650000000000001 62.850000000000001 7.3350000000000009 50.150000000000006 55.650000000000013 1.5000000000000002 2.5000000000000004 3.5450000000000004 5.0850000000000009 46.20000000000001 35.350000000000001 37.250000000000007 35.550000000000004 53.800000000000004 7.1250000000000009 4.1000000000000005 74.90000000000002 6.7350000000000012 3.7750000000000004 69.500000000000014 43.350000000000001 34.050000000000004 5.1550000000000011 36.20000000000001 21.350000000000005
decision_type=2 2 2 2 2 2 2 2 2 2 2 2 2 2 2 2 2 2 2 2 2 2 2 2 2 2 2 2 2 2
left_child=1 15 5 17 -3 -2 -7 8 9 -5 -11 12 -12 -10 -14 16 -1 -4 19 20 21 -6 23 28 25 26 -24 -28 -22 -25
right_child=2 4 3 7 18 6 -8 -9 13 10 11 -13 14 -15 -16 -17 -18 -19 -20 -21 22 -23 24 29 -26 -27 27 -29 -30 -31
leaf_value=0.011685776913422709 0.012594875111168077 -0.033838156908330204 0.030766888549595403 -0.007816865735628023 0.013499259709987513 -0.02330049165756734 0.0042121216991306797 0.023404552832566192 0.0019389912891055784 0.029628103738454627 0.034449863471702168 0.023734536498806875 0.00085556021981544775 -0.031976550721417696 -0.027926310395456254 0.022391185353567381 -0.022732818122560478 -0.0054526819179151354 -0.012231463796393532 0.029109459685777571 0.012102814867987373 -0.021408068589198807 0.00055062357927223649 -0.013947783625877381 -0.037686189790329346 0.017540626495252912 -0.024680590924279339 -0.0038546142872192576 -0.031719119648641332 0.0071736065051509505
leaf_weight=17.780770093202594 6.1601724773645392 4.2351298183202735 8.8547398895025236 94.65947038680315 47.368638664484024 32.471429347991943 9.6993352621793729 6.492979407310485 7.1704774349927929 10.325003787875174 4.5282882899045971 11.750951364636419 14.393252506852152 11.152111589908598 9.6371464878320676 30.748739324510098 5.2917104959487906 5.2767762988805762 22.605700731277466 5.4791831821203223 4.34669205546379 6.0951471030712119 90.222043484449387 14.06694410741329 4.9472333043813697 16.315786764025688 27.224746838212013 30.397235244512558 9.8084008991718274 155.59521159529686
leaf_count=77 27 18 39 428 219 145 44 29 34 50 20 51 62 47 41 166 23 23 100 25 20 28 410 62 21 74 122 139 44 718
internal_value=0.000283067 0.00212461 -0.00361685 -0.00110193 0.000616457 -0.0132039 -0.0169726 -0.00262584 -0.00365883 -0.00176155 0.00955861 0.00441797 -0.00353016 -0.0187038 -0.0106871 0.0144179 0.00379182 0.0172423 0.000952312 0.00167591 0.00130604 0.00951964 6.17758e-05 0.00359852 -0.00378262 -0.00276088 -0.00500131 -0.0136943 -0.0182624 0.0054224
internal_weight=725.101 492.529 232.572 184.241 438.708 48.3309 42.1708 170.11 163.617 145.294 50.6346 40.3096 28.5587 18.3226 24.0304 53.8212 23.0725 14.1315 434.473 411.867 406.388 53.4638 352.924 183.817 169.107 164.16 147.844 57.622 14.1551 169.662
internal_count=3306 2266 1040 824 2000 216 189 762 733 652 224 174 123 81 103 266 100 62 1982 1882 1857 247 1610 844 766 745 671 261 64 780
is_linear=0
shrinkage=0.03


Tree=94
num_leaves=31
num_cat=0
split_feature=0 20 67 19 34 58 54 58 36 51 20 41 51 4 60 28 89 75 73 58 45 46 0 51 58 36 33 21 45 49
split_gain=5.45246 5.55585 4.95216 6.53042 5.8319 5.64506 6.12674 5.9714 4.90167 5.70662 4.7661 5.29559 5.05765 5.62578 5.95739 4.97927 4.92445 5.96781 7.90255 6.7947 7.42353 7.46383 5.61607 5.80169 5.23195 4.94673 4.57038 6.63156 5.28954 5.39461
threshold=5.5000000000000009 4.2500000000000009 26.050000000000004 4.035000000000001 66.550000000000026 6.7150000000000007 46.350000000000001 7.3450000000000015 55.150000000000013 6.8050000000000006 57.050000000000004 52.650000000000013 6.9750000000000005 6.9525000000000015 1.6500000000000001 33.750000000000007 5.5000000000000009 57.95000000000001 71.250000000000014 6.6350000000000007 4.6550000000000011 52.750000000000007 1.5000000000000002 6.8150000000000004 6.955000000000001 27.650000000000002 50.150000000000006 63.550000000000004 1.635 29.500000000000004
decision_type=2 2 2 2 2 2 2 2 2 2 2 2 2 2 2 2 2 2 2 2 2 2 2 2 2 2 2 2 2 2
left_child=1 -1 3 -2 -5 6 8 -7 -4 -10 11 12 13 14 -3 -12 17 19 -19 26 24 22 -22 -24 -21 -18 28 -28 -16 -30
right_child=2 10 5 4 -6 7 -8 -9 9 -11 15 -13 -14 -15 16 -17 25 18 -20 20 21 -23 23 -25 -26 -27 27 -29 29 -31
leaf_value=-0.029636830225848607 0.018244748180291946 -0.022409729064849501 -0.0028511657949529361 -0.023139776705238275 0.0095036047336691087 0.023018788115939649 0.028700726560216758 -0.015737772278425047 -0.041101942646060603 0.00206716909895116 0.0073572923228628359 0.026838258166499214 0.015665294272071112 -0.021430471101172636 -0.036362411506713349 -0.031791065309603822 -0.032056119061325307 0.033584570387375709 -0.0036539088831960185 -0.0080158145515456213 0.00033223974202473144 0.021499435038511309 -0.039623275014089403 -0.0022814426590540928 0.033200077395464336 -0.0012468964911709099 0.024430976111647733 -0.0096117001530466976 -0.0022080684725768679 0.0061839535157735218
leaf_weight=4.9258845597505561 5.2310361564159384 8.6761520802974683 155.40028136968613 29.403013721108437 5.9168305397033683 14.939682900905611 5.2406824380159369 4.7046003937721244 6.6682618707418424 4.6973979622125626 4.8714472800493223 8.1471401900053007 24.654606103897095 9.2622755765914899 3.0474028736352912 7.3144117891788483 6.985172092914584 12.956531673669817 8.4895599484443647 5.6025413274764997 7.4639886468648973 4.1130931526422492 14.831427201628687 5.0093566775321952 5.4862590730190277 14.276247695088385 20.294293180108074 6.9013970494270316 103.96584716439247 204.62905357033014
leaf_count=21 23 41 695 134 26 66 23 21 31 21 22 38 119 43 13 32 31 61 39 25 37 20 66 23 25 63 96 32 475 944
internal_value=0.000275307 0.00206389 -0.00351369 -0.0130382 -0.0176713 -0.00149843 -0.00323841 0.013737 -0.00424211 -0.0232603 0.00238455 0.00286002 0.00244139 0.00170374 0.00219892 -0.016141 0.00270241 0.00344517 0.0188435 0.0025792 -0.00872696 -0.0161752 -0.0218503 -0.0301953 0.012376 -0.0113689 0.00399754 0.015792 0.00296828 0.00335668
internal_weight=724.106 491.904 232.202 40.5509 35.3198 191.651 172.007 19.6443 166.766 11.3657 486.978 474.792 466.645 441.991 432.728 12.1859 424.052 402.791 21.4461 381.345 42.5067 31.4179 27.3048 19.8408 11.0888 21.2614 338.838 27.1957 311.642 308.595
internal_count=3306 2266 1040 183 160 857 770 87 747 52 2245 2191 2153 2034 1991 54 1950 1856 100 1756 196 146 126 89 50 94 1560 128 1432 1419
is_linear=0
shrinkage=0.03


Tree=95
num_leaves=31
num_cat=0
split_feature=58 34 35 22 66 20 6 16 20 3 36 58 55 63 20 45 9 63 23 54 49 47 59 9 55 8 51 74 11 68
split_gain=4.92457 6.77864 5.65722 5.03249 4.61047 4.47025 4.44586 5.95104 4.92815 4.79974 5.10099 5.63756 8.95391 8.8965 9.4693 6.4354 6.42963 5.08597 6.56908 5.21369 5.09764 4.93397 4.86747 6.8679 4.74385 4.59714 8.99909 5.06301 5.11044 4.82133
threshold=2.0750000000000006 55.250000000000007 3.9850000000000008 4.3550000000000013 0.23500000000000001 61.100000000000009 6.4450000000000012 66.800000000000026 12.850000000000003 5.5000000000000009 12.15 5.7150000000000007 27.500000000000004 55.95000000000001 44.95000000000001 6.4750000000000005 7.0650000000000004 63.45000000000001 43.750000000000007 35.850000000000001 44.45000000000001 63.650000000000013 33.45000000000001 5.8650000000000011 45.45000000000001 64.15000000000002 6.8250000000000011 6.035000000000001 58.350000000000001 44.850000000000001
decision_type=2 2 2 2 2 2 2 2 2 2 2 2 2 2 2 2 2 2 2 2 2 2 2 2 2 2 2 2 2 2
left_child=1 2 3 -1 5 6 25 8 -8 10 -10 12 -12 14 16 -16 -13 -15 -19 20 -20 22 23 -14 -25 -2 27 28 -27 -28
right_child=4 -3 -4 -5 -6 -7 7 -9 9 -11 11 13 21 17 15 -17 -18 18 19 -21 -22 -23 -24 24 -26 26 29 -29 -30 -31
leaf_value=0.0026322268058070085 -6.7081340846239163e-05 -0.029775137821638993 0.0090573423385694029 -0.042903332230502272 0.029681085244261076 -0.023207327276738979 -0.025536276622506026 0.031367083671213145 -0.019566719610834237 -0.01724148740712236 -0.025016172988098002 -0.013742310498321508 -0.022053446231027663 0.025725684096928821 0.037015762479315456 -0.010849149271612365 -0.057375001252582512 0.015190673109428053 -0.016411653213508719 -0.03342153177032943 0.024136962984854092 0.036075920478780818 0.032051919532984835 -0.01052610183362015 0.023538626078276906 -0.033820540392133037 -0.012602272033163879 -0.040685742892912838 -0.00034275975823100228 0.025964486529947099
leaf_weight=4.1801370084285754 475.99054635316133 11.668307304382322 15.3490744382143 4.5751185864210129 4.8103698939084998 7.259870082139968 5.03083811700344 7.3164963871240607 6.6182047575712195 8.4406621307134611 4.5514268130064002 7.9859994053840655 5.7887551933527019 12.669028043746946 4.1588810235261899 6.4468501210212708 4.9072447419166565 20.445406287908554 6.2238911539316195 5.7059781849384299 5.0580086410045624 11.543459519743918 9.2796696722507459 4.8899529427289989 14.860828772187231 6.3018744289875093 4.8791015148162824 8.0006392449140531 11.765705376863478 7.2555421441793442
leaf_count=20 2131 56 70 21 22 33 23 37 31 39 21 38 26 64 21 30 21 100 28 25 24 57 50 24 79 27 22 35 54 35
internal_value=-0.000156843 -0.0110053 -0.00191928 -0.0211627 0.000415387 0.000206322 0.000461504 0.00497048 0.00363491 0.00468636 0.00609779 0.0074619 0.0151369 0.00215267 -0.0130771 0.00792037 -0.0303492 0.00929572 0.00373511 -0.010052 0.00176749 0.0190787 0.0134437 0.00668255 0.0151048 -0.000870702 -0.0108834 -0.0208176 -0.0120196 0.0104576
internal_weight=713.958 35.7726 24.1043 8.75526 678.185 673.375 666.115 151.922 144.605 139.574 131.134 124.515 50.9141 73.6013 23.499 10.6057 12.8932 50.1023 37.4333 16.9879 11.2819 46.3627 34.8192 25.5395 19.7508 514.193 38.2029 26.0682 18.0676 12.1346
internal_count=3264 167 111 41 3097 3075 3042 738 701 678 639 608 257 351 110 51 59 241 177 77 52 236 179 129 103 2304 173 116 81 57
is_linear=0
shrinkage=0.03


Tree=96
num_leaves=31
num_cat=0
split_feature=58 20 50 11 90 0 60 67 48 54 54 54 16 67 73 67 7 36 20 16 32 11 37 6 10 9 54 11 74 62
split_gain=4.65021 6.39788 6.16595 5.61367 5.45307 7.2266 7.15206 7.00875 5.37046 5.51911 4.52661 6.52693 6.97955 7.22528 6.31391 5.97035 6.12197 4.84504 4.79871 9.19306 8.72756 5.55658 5.53537 5.31736 4.67757 8.31856 4.5328 6.57816 9.19793 9.70273
threshold=2.0750000000000006 16.050000000000004 35.350000000000001 39.350000000000001 -0.020000000000000014 5.5000000000000009 10.65 41.150000000000013 6.6950000000000012 31.350000000000005 47.150000000000013 41.45000000000001 61.150000000000013 23.550000000000004 64.65000000000002 40.750000000000007 40.750000000000007 28.500000000000004 18.150000000000002 57.750000000000007 5.6750000000000007 67.950000000000017 64.450000000000017 5.7250000000000005 39.800000000000004 5.2950000000000008 23.850000000000005 60.750000000000007 3.6750000000000003 22.100000000000005
decision_type=2 2 2 2 2 2 2 2 2 2 2 2 2 2 2 2 2 2 2 2 2 2 2 2 2 2 2 2 2 2
left_child=1 -1 -3 -4 5 7 -6 -2 9 -7 11 18 13 -13 -12 16 17 -15 19 20 21 24 23 -22 25 -8 27 -20 -29 -30
right_child=4 2 3 -5 6 8 10 -9 -10 -11 14 12 -14 15 -16 -17 -18 -19 26 -21 22 -23 -24 -25 -26 -27 -28 28 29 -31
leaf_value=0.019633365207528425 0.02133680658124168 -0.034739498769127332 -0.02354846360203311 0.0084090467630817643 0.040369605509757399 0.019079046545440483 0.0034753783287602962 -0.018021937336981882 -0.032085365930681536 -0.0093495460274589035 0.019058881320547356 0.019191124242647906 0.020141212086344007 -0.043737325988151589 -0.012903321357000317 0.0032034526699413553 -0.048217870693311939 -0.0081799148947194564 -0.012465362801434005 0.01947445132962675 -0.03305105310396201 -0.035101709710374601 -0.05010198024799075 0.0086129333310568396 0.0201659480315837 -0.036274062372736254 0.0019462448323407115 0.044323656597864969 -0.037404063094003459 0.0090099397854599451
leaf_weight=5.3203904032707205 35.030119448900223 10.414192736148836 9.1415151506662387 10.781572729349135 3.8283012062311164 10.695313915610319 19.311334848403934 4.6075119972228995 4.7351441234350196 14.449701204895971 21.516384974122051 4.3680143952369681 5.1513453274965277 4.7385345548391404 7.5018757283687583 6.8139196485280982 9.1024226695299131 12.67221876978874 49.973869279026985 9.4015889912843686 6.9352086484432238 4.6360763609409323 7.146972879767417 4.5758592933416367 7.8722506761550894 6.279034197330474 389.32065111398697 4.6461983025074032 5.3256757557392147 16.970370814204216
leaf_count=23 179 48 47 49 17 48 85 22 21 63 98 20 23 22 34 30 39 58 224 43 31 20 32 21 35 27 1781 23 23 78
internal_value=-0.000151556 -0.0107111 -0.0160327 -0.00625435 0.000404119 0.00836367 -0.000505832 0.0167617 -0.00277678 0.00274242 -0.000764799 -0.00134798 -0.0126124 -0.0170885 0.0107959 -0.0218435 -0.0282806 -0.0178573 -0.000441436 -0.00800241 -0.0125539 -0.00432127 -0.0293644 -0.0164889 -5.67943e-05 -0.00627783 0.000631455 -0.00602352 0.00592514 -0.0020766
internal_weight=713.264 35.6577 30.3373 19.9231 677.606 69.5178 608.088 39.6376 29.8802 25.145 604.26 575.242 42.8465 37.6951 29.0183 33.3271 26.5132 17.4108 532.395 66.1583 56.7567 38.0987 18.658 11.5111 33.4626 25.5904 466.237 76.9161 26.9422 22.296
internal_count=3264 167 144 96 3097 333 2764 201 132 111 2747 2615 192 169 132 149 119 80 2423 294 251 167 84 52 147 112 2129 348 124 101
is_linear=0
shrinkage=0.03


Tree=97
num_leaves=31
num_cat=0
split_feature=58 20 50 20 19 90 0 67 76 59 63 58 3 51 47 47 54 54 80 73 76 24 54 86 14 71 40 15 29 54
split_gain=4.39372 6.04271 5.83504 5.51755 5.46488 5.15259 6.8528 6.64224 5.37019 7.92798 6.41743 4.62636 4.51504 4.69569 4.76507 4.40973 4.2528 6.16756 10.6864 5.95362 5.37205 7.58001 5.37069 4.77838 4.49834 6.93172 7.88553 6.82065 6.53754 4.9668
threshold=2.0750000000000006 16.050000000000004 35.350000000000001 24.450000000000003 5.3750000000000009 -0.020000000000000014 5.5000000000000009 41.150000000000013 57.95000000000001 28.350000000000005 58.150000000000013 2.3950000000000005 3.5000000000000004 6.7750000000000012 58.250000000000007 49.150000000000013 47.150000000000013 41.45000000000001 35.050000000000004 64.65000000000002 48.650000000000013 38.95000000000001 43.550000000000004 4.5000000000000009 0.13500000000000004 6.3650000000000011 0.15500000000000003 31.650000000000002 41.250000000000007 32.45000000000001
decision_type=2 2 2 2 2 2 2 2 2 2 2 2 2 2 2 2 2 2 2 2 2 2 2 2 2 2 2 2 2 2
left_child=1 -1 -3 -4 -5 6 7 12 9 15 -11 -7 13 14 -2 -8 17 24 22 20 21 -18 -19 -24 25 27 29 28 -13 -27
right_child=5 2 3 4 -6 11 8 -9 -10 10 -12 16 -14 -15 -16 -17 19 18 -20 -21 -22 -23 23 -25 -26 26 -28 -29 -30 -31
leaf_value=0.019077317849814871 0.032627969585494333 -0.033866780631387421 -0.03062816767473775 0.025092261738376889 -0.01261427700854011 0.028723474197464207 0.032143649612035433 -0.017414414549677019 0.018150176378443801 -0.043904099675756036 -0.00067102758298033603 -0.029013531245472617 -0.0015963317856145063 0.034545114011194471 -0.01091110780242823 -0.0097346299621113418 -0.023276194849573439 -0.013967820813980512 -0.030391310459641316 -0.012507944110417592 0.035167624788894875 0.025382640444769167 0.02710369533245947 -0.010881179526087978 -0.0013093948388681982 0.032015386398972355 -0.033654913245574292 0.0279766457557637 0.013785566737563495 -0.009594501378111157
leaf_weight=5.3113378286361685 4.0678170919418353 10.36286021769047 5.8266353458166149 6.2157732248306257 7.8007078170776367 4.8397212326526633 4.47837938368321 4.6249315142631522 8.1019632667303068 7.3656442463397962 5.3234124332666397 4.5787714272737494 6.5445568561553946 19.059951595962048 5.0970348566770554 4.5744806379079819 4.959512218832975 12.426857560873033 17.362493440508842 7.506763592362403 9.6309124082326871 6.8760491907596588 8.3891768306493741 4.6231341660022727 479.9988704174757 4.5554417073726672 6.4728948026895514 18.772844716906548 10.761410549283026 5.9592808783054352
leaf_count=23 20 48 26 30 40 22 20 22 36 31 24 21 33 102 24 21 23 56 77 34 44 31 38 21 2173 22 29 93 53 27
internal_value=-0.000146945 -0.0104322 -0.015621 -0.00609237 0.00410713 0.000392684 0.0081468 0.0163615 -0.00269675 -0.0104652 -0.0257666 -0.000490758 0.0208543 0.02606 0.0084137 0.0109822 -0.000725283 -0.00129142 -0.0122465 0.0104888 0.0185308 0.00499289 0.000137442 0.0136081 -0.000408545 0.00805333 -0.00760417 0.0158505 0.0010108 0.00843274
internal_weight=712.47 35.5173 30.206 19.8431 14.0165 676.952 69.2382 39.3943 29.8439 21.7419 12.6891 607.714 34.7694 28.2248 9.16485 9.05286 602.874 573.901 42.8017 28.9732 21.4665 11.8356 25.4392 13.0123 531.1 51.1006 16.9876 34.113 15.3402 10.5147
internal_count=3264 167 144 96 70 3097 333 201 132 96 55 2764 179 146 44 41 2742 2610 192 132 98 54 115 59 2418 245 78 167 74 49
is_linear=0
shrinkage=0.03


Tree=98
num_leaves=31
num_cat=0
split_feature=58 20 50 11 50 66 20 6 36 81 7 12 64 68 54 32 46 21 68 41 43 23 6 61 42 8 68 8 51 7
split_gain=4.14892 5.70422 5.53031 5.26258 4.29386 4.28221 4.16684 4.15267 5.00075 5.91011 8.50102 6.76031 6.35732 6.1768 4.83605 5.20905 10.1443 7.6805 5.70928 6.2076 6.585 6.66739 5.05146 5.98932 4.53613 4.38213 4.29614 4.29088 8.41969 6.91684
threshold=2.0750000000000006 16.050000000000004 35.350000000000001 39.350000000000001 49.850000000000009 0.23500000000000001 61.100000000000009 6.4450000000000012 11.250000000000002 46.850000000000001 58.850000000000001 6.8350000000000009 6.7250000000000005 48.45000000000001 21.650000000000002 6.6750000000000007 43.750000000000007 58.150000000000013 46.45000000000001 37.250000000000007 1.5000000000000002 43.750000000000007 6.9750000000000005 6.6750000000000007 52.250000000000007 72.950000000000017 54.750000000000007 64.15000000000002 6.8250000000000011 47.45000000000001
decision_type=2 2 2 2 2 2 2 2 2 2 2 2 2 2 2 2 2 2 2 2 2 2 2 2 2 2 2 2 2 2
left_child=1 -1 -3 -4 -5 6 7 27 -9 10 11 12 -10 -14 -11 17 -17 18 -16 20 -20 -22 23 -18 -24 26 -19 -2 29 -29
right_child=5 2 3 4 -6 -7 -8 8 9 14 -12 -13 13 -15 15 16 22 25 19 -21 21 -23 24 -25 -26 -27 -28 28 -30 -31
leaf_value=0.01853892730303372 -8.1317413488853177e-05 -0.033025405131082174 -0.022810829402672504 0.031602287684268975 -0.0071346525657434061 0.028730440446348378 -0.022473612029006596 -0.020090355876592834 0.025569885716029854 -0.026077246443973429 -0.014738035548934865 0.038761230201697583 -0.022034147929406028 0.01768142798516038 0.018586555149760091 0.020596023467254691 -0.058550660561483364 0.037625322784704145 0.019768303621300207 -0.03042452703654188 0.0085277150025484475 -0.041911971491660788 -0.026449586486028086 -0.010094687960107233 0.015456825047891625 -0.0015491006483760842 0.009795742730481144 -0.012908827808684662 0.010226834335217354 -0.053233134130771152
leaf_weight=5.3017631322145453 475.17345410585403 10.308885097503664 9.0313877314329165 4.2719474434852582 6.4847171455621719 4.7618829011917105 7.228413686156272 6.9299135804176322 15.109849721193315 5.3446747064590445 7.5696595609188071 12.043433263897894 7.1429650187492353 6.9570604860782623 9.6515167951583845 7.8905767202377346 4.8829887509346026 12.633845120668417 8.8902096599340492 8.00570499897003 4.8087273985147458 4.6290731281042099 4.427843049168585 4.3328691571950912 4.8943001925945282 6.5172898918390265 8.2540514469146711 21.482579767704014 12.036990761756895 4.6585951298475257
leaf_count=23 2131 48 47 20 29 22 33 32 77 24 37 60 34 36 51 39 21 65 46 35 25 21 20 20 24 33 38 96 57 20
internal_value=-0.000142221 -0.0101541 -0.0152086 -0.00592662 0.0082495 0.000381851 0.000180818 0.000427338 0.00480208 0.00600012 0.0144857 0.019848 0.01205 -0.00243818 0.00164666 0.00329637 -0.00789263 0.00796127 -0.00115167 -0.00838589 0.00124063 -0.0162121 -0.0200186 -0.0357689 -0.00444793 0.0199273 0.0266282 -0.000858761 -0.010535 -0.020095
internal_weight=711.657 35.3987 30.0969 19.7881 10.7567 676.258 671.497 664.268 150.917 143.987 48.823 41.2533 29.2099 14.1 95.1637 89.819 26.4286 63.3904 35.9852 26.3337 18.328 9.4378 18.538 9.21586 9.32214 27.4052 20.8879 513.352 38.1782 26.1412
internal_count=3264 167 144 96 49 3097 3075 3042 738 706 244 207 147 70 462 438 124 314 178 127 92 46 85 41 44 136 103 2304 173 116
is_linear=0
shrinkage=0.03


Tree=99
num_leaves=31
num_cat=0
split_feature=90 54 90 28 64 11 80 12 10 37 54 73 76 24 54 80 40 58 36 35 29 7 58 20 16 32 11 10 33 47
split_gain=4.17592 6.39623 7.24774 7.21478 6.69059 6.26676 6.73979 6.80791 5.18571 4.64758 3.66358 6.04498 5.39971 5.81199 4.20525 10.5088 4.90277 5.12059 4.83228 6.00755 5.71291 4.45878 3.93025 4.01753 8.03889 9.51794 7.79681 5.97675 4.33268 6.17067
threshold=-0.020000000000000014 29.650000000000002 -0.064999999999999933 37.750000000000007 6.745000000000001 60.100000000000009 31.450000000000003 6.705000000000001 49.650000000000013 49.800000000000004 47.150000000000013 64.65000000000002 48.650000000000013 38.95000000000001 41.45000000000001 34.850000000000001 0.18500000000000003 6.3350000000000009 41.250000000000007 4.7250000000000005 49.900000000000006 34.150000000000013 2.0750000000000006 18.150000000000002 57.750000000000007 5.4150000000000009 65.15000000000002 39.800000000000004 39.550000000000004 35.45000000000001
decision_type=2 2 2 2 2 2 2 2 2 2 2 2 2 2 2 2 2 2 2 2 2 2 2 2 2 2 2 2 2 2
left_child=1 2 -1 4 -3 6 -6 -8 -7 -9 14 12 13 -12 22 18 17 21 19 20 -16 -17 -2 24 25 26 -24 -27 29 -25
right_child=10 3 -4 -5 5 8 7 9 -10 -11 11 -13 -14 -15 15 16 -18 -19 -20 -21 -22 -23 23 28 -26 27 -28 -29 -30 -31
leaf_value=-0.0094068282799361132 -0.012164428950185704 0.030968394356777444 0.030044721470279194 -0.019907005614768769 -0.031793975238466402 0.040578872742461219 -0.026071786006990613 -0.0023342018158641347 0.00091753983756812086 0.042068776919522051 -0.019919728418682659 -0.01337904321256439 0.034387213078175424 0.021946981409538734 -0.026985203232862204 -0.030106968066241056 -0.053340830037837073 -0.044906889121601241 -0.017036367119973184 0.031533497994615078 0.017051235021182221 0.01009305581980088 0.0047202129889383085 0.0069362154846285195 0.018807562399680476 -0.036039423873557519 -0.034727609528304171 -0.0024860898987943015 0.00456271822416476 -0.0036756463643878626
leaf_weight=5.6083580702543285 25.747001856565475 8.2395624667406064 16.583267629146576 11.697861418128012 7.6008294075727489 5.1715546846389753 4.4958550482988349 4.2972255945205671 6.9600984007120132 4.1901610791683197 5.1610594689846092 7.7412742078304282 9.551626041531561 7.075226828455925 4.9923220425844246 4.2401375025510806 4.7547516822814933 4.5191742032766333 8.0886085480451566 7.4436630159616461 5.6544707864522934 5.9926816523075104 29.52278470993042 62.730334907770157 9.3357733488082868 16.239193469285969 5.3222740143537512 6.7696521878242484 174.55774235725403 230.62857411801815
leaf_count=26 124 39 80 55 34 29 20 20 37 20 24 35 44 32 22 20 21 20 36 35 25 27 130 284 43 73 23 30 802 1054
internal_value=-0.000137404 0.00656546 0.0200744 0.000871884 0.00680686 0.000721697 -0.00935827 0.00377636 0.0178246 0.0195872 -0.000926115 0.0093926 0.0174834 0.00428831 -0.00142848 -0.0101808 -0.0268491 -0.0183104 0.00223924 0.0108577 -0.00359762 -0.00656449 -0.000715538 -0.000164667 -0.0070245 -0.011193 -0.00130509 -0.0261674 0.000820359 -0.00140646
internal_weight=710.913 74.8448 22.1916 52.6531 40.9553 32.7157 20.5841 12.9832 12.1317 8.48739 636.068 29.5292 21.7879 12.2363 606.539 45.6858 19.5067 14.752 26.1791 18.0905 10.6468 10.2328 560.853 535.106 67.1897 57.8539 34.8451 23.0088 467.917 293.359
internal_count=3264 360 106 254 199 160 94 60 66 40 2904 135 100 56 2769 206 88 67 118 82 47 47 2563 2439 299 256 153 103 2140 1338
is_linear=0
shrinkage=0.03


end of trees

feature_importances:
b1_ex_gap=103
b1_nat=96
b2_nat2=92
venue=81
b5_recent2=74
b1_nat2=69
b1_local=69
b1_nat3=65
b6_recent3=63
b3_recent2=60
b2_nat3=59
b5_nat=59
b5_motor3=59
b1_st=58
b5_recent3=58
b4_recent2=57
b1_recent2=55
b2_motor=54
b3_recent3=54
b6_motor=54
b6_recent2=52
b3_motor=51
b4_nat=51
b1_motor3=49
b5_nat2=49
b2_local=46
b4_nat2=46
b4_motor=45
b4_recent3=45
b2_nat=44
b3_motor3=44
b6_motor3=44
b2_recent3=42
b6_local=42
b4_nat3=41
b3_local=40
b5_local=40
b1_nat_rank=40
b1_recent3=39
b3_nat2=38
b5_nat3=38
b1_motor=37
b2_recent2=37
b4_ex=36
b5_motor=36
b3_nat=34
b3_nat3=33
b4_motor3=33
b2_motor3=32
b5_ex=31
b6_nat=31
b6_nat2=30
b2_st=28
b4_local=28
b6_nat3=28
b6_ex=26
b1_ex=25
b3_st=22
b4_st=22
b5_st=22
b2_ex=21
b3_ex=18
b1_ex_rank=18
wind_mps=16
ex_mean=16
b6_st=15
b1_local_rank=15
b1_recent2_rank=15
b3_class=7
b5_class=7
b6_class=5
b2_class=4
b4_class=4
b1_class=3

parameters:
[boosting: gbdt]
[objective: binary]
[metric: binary_logloss]
[tree_learner: serial]
[device_type: cpu]
[data_sample_strategy: bagging]
[data: ]
[valid: ]
[num_iterations: 2000]
[learning_rate: 0.03]
[num_leaves: 31]
[num_threads: 0]
[seed: 0]
[deterministic: 0]
[force_col_wise: 0]
[force_row_wise: 0]
[histogram_pool_size: -1]
[max_depth: -1]
[min_data_in_leaf: 20]
[min_sum_hessian_in_leaf: 0.001]
[bagging_fraction: 0.8]
[pos_bagging_fraction: 1]
[neg_bagging_fraction: 1]
[bagging_freq: 5]
[bagging_seed: 3]
[bagging_by_query: 0]
[feature_fraction: 0.8]
[feature_fraction_bynode: 1]
[feature_fraction_seed: 2]
[extra_trees: 0]
[extra_seed: 6]
[early_stopping_round: 0]
[early_stopping_min_delta: 0]
[first_metric_only: 0]
[max_delta_step: 0]
[lambda_l1: 0]
[lambda_l2: 0]
[linear_lambda: 0]
[min_gain_to_split: 0]
[drop_rate: 0.1]
[max_drop: 50]
[skip_drop: 0.5]
[xgboost_dart_mode: 0]
[uniform_drop: 0]
[drop_seed: 4]
[top_rate: 0.2]
[other_rate: 0.1]
[min_data_per_group: 100]
[max_cat_threshold: 32]
[cat_l2: 10]
[cat_smooth: 10]
[max_cat_to_onehot: 4]
[top_k: 20]
[monotone_constraints: ]
[monotone_constraints_method: basic]
[monotone_penalty: 0]
[feature_contri: ]
[forcedsplits_filename: ]
[refit_decay_rate: 0.9]
[cegb_tradeoff: 1]
[cegb_penalty_split: 0]
[cegb_penalty_feature_lazy: ]
[cegb_penalty_feature_coupled: ]
[path_smooth: 0]
[interaction_constraints: ]
[verbosity: -1]
[saved_feature_importance_type: 0]
[use_quantized_grad: 0]
[num_grad_quant_bins: 4]
[quant_train_renew_leaf: 0]
[stochastic_rounding: 1]
[linear_tree: 0]
[max_bin: 255]
[max_bin_by_feature: ]
[min_data_in_bin: 3]
[bin_construct_sample_cnt: 200000]
[data_random_seed: 1]
[is_enable_sparse: 1]
[enable_bundle: 1]
[use_missing: 1]
[zero_as_missing: 0]
[feature_pre_filter: 1]
[pre_partition: 0]
[two_round: 0]
[header: 0]
[label_column: ]
[weight_column: ]
[group_column: ]
[ignore_column: ]
[categorical_feature: ]
[forcedbins_filename: ]
[precise_float_parser: 0]
[parser_config_file: ]
[objective_seed: 5]
[num_class: 1]
[is_unbalance: 0]
[scale_pos_weight: 1]
[sigmoid: 1]
[boost_from_average: 1]
[reg_sqrt: 0]
[alpha: 0.9]
[fair_c: 1]
[poisson_max_delta_step: 0.7]
[tweedie_variance_power: 1.5]
[lambdarank_truncation_level: 30]
[lambdarank_norm: 1]
[label_gain: ]
[lambdarank_position_bias_regularization: 0]
[eval_at: ]
[multi_error_top_k: 1]
[auc_mu_weights: ]
[num_machines: 1]
[local_listen_port: 12400]
[time_out: 120]
[machine_list_filename: ]
[machines: ]
[gpu_platform_id: -1]
[gpu_device_id: -1]
[gpu_use_dp: 0]
[num_gpu: 1]

end of parameters

pandas_categorical:[]
